02da
ff8a
fde2
ff92
019b
ff7e
01f5
fe5d
feff
0048
007f
ffc1
ff69
fc93
fe5a
ff3b
ff4e
ff8b
026f
00a9
ffe8
00f0
01b9
fedf
fea4
fd9c
ffe3
ff6d
fe4c
ff8a
0254
017f
00e4
0236
0253
0070
0004
ffac
00cd
fd0e
fdf2
fbe6
fd10
0203
ffe8
0176
01b0
ffc4
000c
fef7
fdf1
fbc7
fd23
fea1
fff0
01ac
ff77
00b3
018f
005f
fe0b
fbc1
fb66
fb57
fd0e
fcb9
ff59
fef5
ffc4
0072
ff90
004b
faee
fbb1
fc9b
fc44
feb0
fda0
001a
fe0e
fe49
00fd
fec6
000e
0024
fea1
ff35
fc54
fc93
feae
fdd7
fcaf
feb1
01cb
ffef
fe38
00c2
0011
0114
fd8c
fcc8
ff02
fc93
fefc
ff3d
0293
0234
fee0
0115
fffd
fe5f
fe8f
fd5b
fc26
fd92
fee0
ff25
0032
fec9
fe61
00b8
ff7e
00fe
ff52
fe5a
fe6f
fd48
fd60
fe67
feb1
00b4
ff3c
fe82
fea1
0097
ffe8
feff
00a9
0166
ff93
feba
ff7b
fd96
ff24
012a
fee7
fef3
01c1
00e6
ffde
febf
ffae
ffd6
0042
001e
ffc4
006e
ff19
ffce
020b
02b4
ff78
fd1f
fcad
feca
0103
0099
fe88
ffc9
fdff
ff8b
0264
00cd
fd1b
fae8
f9c5
ffaa
028e
0252
fdc0
fde5
fec0
0145
0060
fc0e
fa4c
faa5
fcae
0280
034a
0069
ff80
fc2b
ffcd
007b
00a5
f9d2
f7bf
fe31
016b
02ea
04f8
01f4
001f
fca1
fd66
0096
0230
fe5e
fafe
ff85
0141
041b
039b
01cf
010a
fffd
01c9
02b2
01aa
fedd
fd93
fcee
0031
028a
0292
0172
feaa
003d
0067
0284
01db
fe34
016f
feb9
fec4
021e
0271
0027
ff68
027e
0071
03ce
01d0
fe07
fd01
fc80
00e6
0047
01bf
005e
fea0
0219
01e5
0176
0214
fe7d
fd8b
fe6b
fe42
0157
00bf
010b
006d
013a
024a
01a4
fe45
ff7e
fe97
ff39
ff36
ff45
0066
00dd
00e0
ff7d
0021
00cc
fe44
fdbd
fe23
fde5
fdf2
ffef
ff09
ff96
ff19
ff14
fd49
017e
018c
ff21
0085
ffe4
0036
0048
fff6
ffd6
feb3
fc3a
0089
0320
02a8
fe0c
0058
ffed
ff0d
ff9e
0115
0000
ff68
fd83
026d
03f1
00a6
0220
fddd
fb31
ff8d
ffbf
003f
00c1
00ce
00e7
0210
00b4
0061
0049
fad5
fd21
0019
011e
00fc
02dd
0016
0019
ff4e
fe32
feb3
fdf6
fd82
fe98
00a7
01ef
0195
0365
01da
fd81
fe88
ff3d
019f
0016
ff10
ffa0
024a
03f3
0301
01a8
02d6
fd8a
000e
0157
0090
ffe1
fd80
feb8
0246
0238
0270
020c
0072
fe48
022d
033a
fd0d
fb92
fd40
0081
0125
0087
010b
01eb
0056
ffce
0249
0469
fe26
feb0
fda9
ff00
00ba
ffd3
007d
01a7
0055
021c
00b8
0173
feed
febb
ff3a
fece
ff88
006a
00ee
ffc3
fe44
029b
00a6
ffc2
ff2c
fecb
fef5
fe5c
004e
0111
fe43
ff12
fed4
ffb6
0011
ff2d
fcfe
0134
fd82
ff07
0061
ff5a
fcf0
fa93
fd6e
fd1a
0043
0212
0267
022b
0249
017b
018d
ff54
fe97
ff54
fe58
0263
0289
042c
0202
00e0
0143
0113
01fd
0093
ff35
feda
fbcb
020c
01ca
047e
0316
ffae
ffd7
0113
0230
0133
fec7
ff5a
010d
00d5
0205
0302
02a0
0078
00e7
03fd
02ad
003b
fd46
ffbb
0039
fef3
00d1
00c4
0120
029a
0201
045e
01ba
ff6d
fe62
ff0e
ff4f
fe93
021a
01cc
02a3
028b
00ac
0337
0291
0039
ffb1
fe66
fed2
00b2
0202
04b5
0269
00e2
ffe7
037a
0258
0020
feec
fcf0
fd39
014d
0581
0351
03e0
ffef
0062
00f0
ff83
fd39
fe28
fdb5
fcc4
0229
03fd
0275
ff7c
fe8f
ffe5
0042
ff5a
fdfa
ff37
0083
fda0
02d6
ff14
0110
fe23
ff3d
fdf5
0020
fea4
fe29
ff6d
ff23
fbf4
02b2
fd75
ff53
ffe4
012b
ff5f
0074
fbf7
fe23
ffa4
fd1f
fbc2
0219
fd4d
feb1
00b2
0190
fd4a
fe42
fef4
0063
0154
ffe8
fd82
0334
001c
fc7e
fe0e
0171
0054
feb8
fdf6
ffc3
0117
021a
011d
0296
fe67
fd4f
fe68
fff4
00b2
00a9
ff0f
fe29
0191
fffb
0267
00e1
ff02
fc8a
0032
00e4
014c
fdc6
fc27
fc33
ff35
012a
0187
ff6d
ff36
fdba
0155
0176
fe52
fbc2
fc39
fd70
01c7
0194
00fd
ff15
fef6
fed4
015d
0052
ff25
fd16
feed
0025
00e3
01d5
0097
fb9f
fb03
fbe2
0015
00bb
005f
feb8
ffc9
0035
009a
0195
ff54
fbb3
fb26
fead
0216
fffb
fedb
fcff
ff88
ff01
ff42
0005
fe83
fd44
fc38
0001
031d
ff6b
fd66
fbd5
ffb0
ff68
01fd
00aa
ff26
00ae
ff0d
0047
ffda
fecd
fc6c
fd17
ffb4
ffb5
01d2
0167
ff9f
01b1
ff9e
ffc3
ff85
feb5
fd20
fe61
0072
0109
01fa
fed1
fe2b
006b
011d
ff47
ffd6
fe1b
feb7
ff7b
00f5
020c
006a
fefd
feab
ffa7
feb7
ffe8
00c2
0137
0012
0157
ffcc
008f
fff8
ffa0
ff50
0166
fe65
000e
feb3
fd8f
fe6c
ff8a
00f0
ffdc
fccb
0013
ffd6
0006
feb1
fdda
fd9d
fdc0
002d
00e4
00b8
fee3
fe48
0182
0111
ff7a
fbd3
fc2f
fda3
fdba
ff8e
fee5
fea0
fdb0
fc3c
ff56
00e6
fecb
fcef
fd9f
fe25
ff2d
ffdc
fe97
fdac
fe11
fd21
fde5
0153
ff8f
fd29
ff87
003c
0081
01c7
01c4
fff9
fe5a
fe16
fe43
0010
fffc
fe7b
004b
0194
016c
038f
0256
009b
fd9a
fe40
0015
0108
fea7
ff26
00a9
0416
01a5
01d0
0261
ffce
ff25
ff40
fec2
ff46
fffc
fed4
00b8
037e
0176
01dc
ffea
fe13
feea
ff8a
fe72
fe53
0138
ffc2
01e7
02c9
0365
0186
0177
ff99
ff96
ff84
ff22
0050
01f0
00ac
0097
023b
02a9
03d4
021f
013d
ff88
ffbd
010b
011a
0273
0141
ffec
012a
0145
ffd3
00be
fff5
00d8
0058
012e
010a
0188
00b6
0057
012b
00fa
01ff
00d6
0177
003b
0096
00d1
00f8
0026
02db
0378
0171
00f4
0019
01d7
0424
03cb
0333
02a1
009d
0001
fd07
0182
01b6
fd98
fb67
fb87
fcf3
ff3f
010f
ff33
ff47
0042
fd34
ff47
fd68
fb60
fbd3
fa4e
fc6e
fee1
fed7
ff9b
fefa
fd13
fdad
fd5f
fc93
fdd0
fb74
fa0b
fc2a
fd35
fdc1
0125
ff17
ff74
fc4e
fd74
fc5f
fe7f
fd73
fce5
fbf9
ff64
fe1d
01bd
ffd9
fe43
faec
fb87
fe04
fe3d
fd08
fd91
fdba
fe42
0158
0264
0003
fe2b
fa38
fa19
fd30
fbf3
fffd
fdd9
fcf5
fe16
0001
0016
fcd0
fd51
fc2e
fe9e
ffdb
fe79
fdf1
fcc0
fe55
fea8
ffcb
fe0a
ff12
ff7d
ff28
ffe6
fef1
fd0c
feca
003d
ff16
00b5
ffcf
fe93
011a
00b0
0111
fe20
fc08
feaa
013c
01f7
fdb5
003d
0214
005f
0177
004e
fefc
ff8a
fe63
fd32
fea4
fe39
fd37
0084
0207
feb3
fe69
fe93
fd4f
fd29
fe9c
ffd0
0097
007c
ff06
ffd0
0126
0001
fd86
ff08
ffc7
0022
0078
0090
ff0a
0044
ff28
ff1a
00e4
ffbe
ff61
ff4a
0094
ff9e
fffb
00bd
00d4
ffcc
00bc
fff8
0041
00cb
ffaa
ff81
0019
ff83
ffe9
ffa9
006b
ff27
ff6f
ffcc
0022
00d8
ff10
00dd
ff9c
0074
ff0d
ff2d
ff8b
ff3b
ff23
ff28
00d8
ffe1
ff9c
0074
0092
ff9e
ffe5
ff99
0092
0065
ffc3
00d8
ff72
ffc3
ff54
ffe0
ffc6
ff43
ffa6
ffc0
ff20
ffda
0030
002b
ff9d
ff4c
00c2
0012
ff28
ffa7
0028
005b
00d3
0071
0063
0074
ff15
ff53
ffef
ffdc
ff15
000f
ffc8
ff0f
00a3
ffd8
000e
ff36
002f
ff6a
01ab
00e7
ff10
ffe9
ffee
0076
ffff
ffd2
ff74
00eb
00e3
00f7
01e8
000b
ff9c
002b
0097
ff29
ff0d
ff25
ff8a
ff0d
ff59
00a5
0063
0078
0041
008f
00ca
ffc5
ffff
ff6b
00bd
ff89
00bc
00c9
004f
00dc
004a
00ec
0058
ff30
ff4f
005e
fff7
ff5f
0044
002d
01a2
ff01
0002
0147
02c7
01b9
ff2f
018b
fff6
ff08
fea2
0069
0051
001e
0102
000d
0140
fd8c
fde6
fd45
fff3
02e2
034d
fe64
ffea
0000
ff71
ff87
fe2f
fe4e
fc60
fd64
fe9a
009e
02a6
fd79
ff18
ffb7
fe05
ff38
fefb
fdfb
fd95
ff78
008b
02e1
02ba
fec6
ff5a
00c9
fdf3
fd5f
0075
ff0a
fc57
0133
010a
0000
029f
0071
fd38
012d
fee5
022e
01f8
ff77
fcf6
ff8f
001f
011d
02ac
01c9
fe35
fdc4
fd13
ffee
00cb
004c
fc66
fee6
fe05
0198
01f1
01eb
ff85
fdf3
fd38
fdec
0130
0207
fdb0
fd5e
ff1b
00da
01a4
ff79
fe18
0090
ff69
ffb8
0169
002a
fe4f
fd29
fd77
fe98
0077
ff42
ff7a
fe71
00e2
ffa8
ff6e
0228
fdfd
fb8f
fca6
ff25
018a
ff4e
fdbb
ff9f
fe39
ff38
0029
fe4c
feba
fc29
fcbf
00d7
00ff
fe79
ff16
fecc
02d2
00e6
fe69
fe49
ff81
fea1
fcb3
0054
0011
ffc3
0163
ff76
0041
00d6
0029
002a
ffc1
00eb
ffbe
ff5e
ffb6
0069
ff44
00e0
001e
0060
00c1
ff37
0010
ff80
00b6
0073
000a
0035
00cf
00a2
0020
ff52
ffb6
ff14
ffea
ff57
ff3b
0001
0009
ff3b
00cc
ffff
ff78
ffbe
003c
ffe5
ff2b
00a4
ff5e
ffe6
ffd2
ffab
ff3c
0076
ffdd
0083
ffe3
ffa3
0024
ff96
0065
ff67
ff51
0011
ff60
00ca
ff8a
ff72
00f5
ff62
ffe1
0018
ffd7
0069
0092
ff64
0019
00f8
0026
0004
ffe0
00b2
ff3c
00a5
00a7
ff8b
fff1
ff9f
0077
0187
001e
ffe1
ffd6
00a0
ff19
ff52
ff67
ff4f
005b
0025
009f
001d
ff54
00ba
ff8e
0042
ff59
0056
0005
00d1
0034
ffc8
ffc4
00d0
00dc
ffe6
ffa3
00d1
0004
004c
00e0
ffce
fff7
ff33
0034
ff0a
00d1
ffe2
0033
000c
00b3
005e
007d
00f1
ffc6
ff61
0016
fff4
ff81
ffcf
ff8f
ff7e
ffa2
0004
ff4e
fff5
0064
ff0a
0074
ff57
005a
ffe7
ff74
002d
ff75
0058
0076
ff2b
001d
0199
ff62
ff6c
008e
0006
ff15
0053
ff5e
009c
ff04
0071
008a
008a
00ad
0037
0070
00c5
00b0
008f
ff93
0095
00da
ffd3
fecb
00d0
ff90
0095
ffe0
0069
ff1f
ff83
ff08
006e
fff6
ff25
ff7e
ff0b
ff8a
0021
00c8
ff90
ffcf
00e6
ffa0
00ba
0023
ff21
0081
0028
ff71
fff4
00ad
0072
0002
ff0e
ff42
ff8d
ff57
00d4
ff83
0040
ffb9
ff7d
00b8
0085
ff45
ffed
ff64
ff3e
00ac
ff06
0042
0060
00ea
fffe
ffcc
ffcb
0086
00f0
ff36
ff8e
00de
ffbc
ff9c
004e
0023
0058
000e
003d
ff16
0076
0019
0007
ffa2
00b8
ff75
ff9b
0058
ffa2
ff96
00c1
ff22
ff93
ff12
ff1e
ff9d
ffa5
00b1
ffdb
ffde
0086
ff15
ff30
00a4
00a6
0081
000b
ff2e
00a2
fffe
0044
0016
ffa5
008c
00c6
0061
0032
ffa4
0076
002d
ffd1
ffa1
0099
00d3
00b0
ff56
fece
0116
024a
011b
feb9
fe39
0163
01e7
01b2
01ea
fee3
009f
0197
0288
0215
0053
004c
ff9a
0124
03b8
02df
00fa
fda2
ffa9
034f
036d
ffb2
fdc0
fe6d
ffed
0384
042b
050c
0337
fe49
004c
0061
0240
02ae
fee8
ff20
0067
0342
057e
0516
0395
fedc
011c
0264
02e7
021b
ff50
fcc8
fec0
02bd
045c
039c
0203
0146
0205
030a
0373
04b8
fe89
fd6a
fe8b
019b
0425
031b
02ce
0435
053c
0471
059a
04e5
ff9f
004d
0271
0114
020b
005a
febd
01f8
039f
06c8
073c
046d
01b9
ffb9
0042
0193
fff4
fdcc
fc36
ffe1
0247
0436
0644
01fc
ff62
fe3f
fe34
010a
00e9
002c
fdd4
fe1c
fe2d
ffe1
026b
0058
fe71
ff3b
ff84
009a
ff1a
fd4c
fd75
fe79
fe6c
ff14
001d
ff66
ff5f
0037
fe9d
fefc
0058
00b1
fec5
004c
fe21
fede
0044
fcf7
fe54
fe93
0052
ff75
fe00
fddd
ff5d
0017
004d
0007
01c0
001c
ff31
fd64
fe0d
0006
01ed
fff2
015f
0215
ff8a
0053
01fa
0055
ff03
fedc
fe19
fba0
ff3e
0026
fe6e
015d
fe63
0043
005e
017f
0125
0034
feb7
fed4
0259
02e5
fea6
0119
fd99
00ee
ff49
feb8
fc1e
fd3d
fe99
fe45
016a
00c7
ff14
0232
ff3b
00cd
018a
ffd6
fbe3
fdec
0105
ffb9
ffe4
0228
ff2a
01de
fe1c
ff50
02d8
0287
fe9b
fe8d
00fa
0060
006f
0100
0065
00c2
fd2f
00fc
03d3
0151
0089
fd96
003d
019a
023c
0062
fe58
ff13
ffe5
054e
0676
0212
fd68
fcac
ff15
0147
014c
fe7f
fddb
ff2a
0162
047f
05ed
02a0
feea
fc84
fece
00cd
0078
ff64
feae
00c0
006a
01a7
0201
fef1
002f
fdcd
fd5e
fee3
000a
ff46
ffcb
006a
ffb4
0140
fffd
ffd8
fe7b
fd93
fd6e
fffe
00f7
0022
feff
ff8b
fad3
ffdf
ff1a
feb7
ff02
0118
fe4c
fd95
fe5f
00c2
ff89
fed3
ffa2
fde2
fe06
ff2e
0162
00b5
0020
004f
00f2
ff6c
009b
ffed
00e3
0000
fef4
003f
0182
ffe1
ff26
00d5
ffd7
feb7
0013
01b7
02d4
0193
00b1
02e8
00c9
00af
ffae
0013
0056
ff7c
ff91
007e
ffec
0049
012a
0196
fffc
ffe2
0086
ff85
01a2
00aa
01ad
ff64
0052
ff9d
0072
00da
ffaa
015c
0169
0037
0111
00f2
017a
ffe3
00da
0158
01cb
031c
0106
00e3
0066
fecc
014e
0110
0047
0209
0282
02b1
0233
029c
008c
014c
0086
fe5d
0018
001b
0073
03ea
0289
015f
0223
0239
00fc
ffb4
ffd6
fe09
ff73
0027
ffe3
02fe
033c
008d
000f
fef9
0043
ff34
ff23
fef4
ff85
fe85
fe95
ffe3
ff0e
fca5
fc0c
fd8f
fe5a
0014
ffe6
007b
ff2b
fea4
fe43
ff0e
fdb9
fcbf
fdf4
ff3a
fe30
fe81
fe85
fe9d
fd92
fddc
ff2a
ff72
fdde
fe5b
ffa4
fe50
ff8e
ffc7
fea3
ff2e
fddb
ffce
fe26
ff35
02d1
0391
02e3
01e2
01fd
fe60
fed3
ff63
0190
0090
01d4
fed1
02a0
018f
0204
0178
017f
ff27
fde7
fca4
015b
01da
018f
fff6
0303
031a
03a7
02c1
ffa1
ff82
fe01
fb6d
ff6c
004b
0136
ff8b
01ed
02a6
0476
02ef
006f
ff04
fd2c
fabb
feaa
ff52
00f4
fcef
00d5
02a1
0560
05a3
0174
fd59
fc38
fa67
ff2f
fd69
001c
ffb0
0182
01d7
066f
0484
0290
fc52
fc91
fd63
ff3b
fe38
ffb1
01b6
00f3
0117
0502
043b
021d
fc7e
fdce
fc8b
fee8
fdd2
ffd9
03b5
0311
037c
03dc
045d
fff5
fc06
fdd7
fd7f
ff90
0064
0073
00fa
02bb
03b6
0510
021d
0230
fe9d
0002
fd6a
008f
ff9b
0027
ff70
01bc
02ba
029a
02f0
01f0
009c
fef6
fe95
ff11
fef4
00b4
ffd5
017f
0354
03ce
03a0
0167
00cf
007a
00b3
00d7
00ac
ffce
fe34
fe7c
0191
0167
ff3e
0104
0606
021c
0079
fd24
0076
ffee
febd
fcf2
00c3
ff26
012c
fe76
ff6a
0054
ff13
0068
fd09
fdeb
ff30
0308
0696
069b
02e7
ff75
0017
02c9
04c7
010f
ffdb
fe13
009a
03d1
0491
04d1
0079
fdaa
fc53
ff83
04a0
043f
fea9
ffc2
00a5
0407
037e
02ca
0249
fd1c
fbbb
ff35
044e
02df
fd4d
ffc6
0046
0367
04b6
014e
034c
fd4e
fce3
023c
05a2
03a0
feef
00db
01ff
036d
07ff
0515
0249
fc02
fe30
00a3
03dd
03e6
ff8c
011e
020e
03c6
0626
04df
0256
ffef
fe48
011d
04ad
01da
ff06
fe69
ff9c
00b6
0746
0789
020c
fe8a
fd62
ffe1
01ec
01c6
fe4f
fd1f
fe12
0157
038d
0583
03bd
fed3
fdc6
ff75
01a7
0167
febb
fdd4
fe50
0054
009b
010b
ff04
fe1f
fe61
ff6a
00e1
0214
fd76
fe5c
fccd
ff86
feac
0055
fec3
fdcb
fe51
00ca
01b7
0157
fede
fb38
014c
0088
ffef
feb6
00b9
ffd3
fe61
001d
00ff
00a5
ffed
fedb
fcb8
0154
02f8
01f6
03ce
01be
022f
019c
01a0
0271
009b
ff24
ffec
034d
00cf
010f
fded
fe0d
fc46
fb9c
fc3f
fd98
fc6d
ffca
01d0
01f7
010a
00a1
fe67
fd37
fce0
fba6
fb85
fbb2
fbf9
fff8
013f
0438
00f1
02b4
0022
fd71
fd47
fd7a
fce0
fdeb
ff56
0217
022f
01c7
00d7
007e
ff98
fda5
fee6
fce5
fdb6
fd4b
fe0f
00d3
0257
02b1
0195
007f
ff70
feb8
fd5d
fc03
fe42
fdd7
0029
0121
0029
01be
01ed
011d
ff2e
ff26
fe18
fcd8
feb9
fe7a
ffde
0189
01bc
ff92
ff54
ffc9
0032
00f1
ffa6
014e
011e
00c5
fefa
0170
ffb7
01b8
00c5
0048
002c
ffc8
fffb
fe95
01ec
00df
0079
01e7
0093
017a
0077
0053
ff0f
0064
006b
ff1f
009c
014a
ffe9
0058
009b
00b8
0019
0075
0053
0144
003d
01a3
01c0
01ec
00dc
015b
00eb
ff6e
017d
ffe1
ff89
ff0a
00c6
00b0
0090
0022
017b
00a1
ffee
fef3
00e0
016f
0208
0214
0137
feab
ff78
ffe4
fec1
0099
0018
fffd
00ca
0258
0178
01c0
0289
0256
009d
022d
00ea
00c1
ff72
01b7
016e
02c2
0513
04e9
03b0
0510
03ab
042d
0381
0406
ffee
ff48
fe64
0250
040b
061a
044b
03a0
0587
0519
03f0
0438
014f
fd7f
009f
0150
020c
031b
0261
0450
047b
055f
0626
05af
03a1
fd15
0021
0159
001b
00cd
fff5
00d0
0370
0410
0369
04d4
041c
fff4
ff7f
ff0a
00fc
0185
ff61
0243
0277
0423
03c6
049d
030c
ff9d
ff92
01a5
0393
0352
0165
0376
02d0
0187
0365
0308
0302
ff6f
0006
00e4
0423
0408
038d
03ba
0371
02e4
0407
02f2
032e
ff2b
fe2e
ff01
00dc
0243
0322
01d6
01c3
02ec
032c
02f2
00dc
0005
ff57
013d
02db
0197
00df
0112
0043
0252
02dd
0298
ffb8
fe9a
fe92
016c
0162
01c8
01d9
017e
0106
01cc
02eb
0331
00b2
0009
ffb3
fe98
00a7
016b
00fb
01a8
0191
00e9
01e2
00f4
ffc3
00d4
fde9
fe9c
ff59
0047
018c
0489
03a6
03a2
0327
01c3
0039
ff54
fcfa
00de
ff7e
01e3
030c
02bf
0432
0499
03ce
0259
0224
ff04
0065
01aa
ffd1
016f
027f
01ba
0413
03e2
0427
0200
011e
00f7
ffcf
ff94
fea8
00c5
013f
0333
030c
0424
02a6
014e
0250
0140
feee
ffe2
feb2
0048
0130
0366
0117
01f2
015a
0082
0307
ffba
00d5
01eb
ff33
0073
0129
0339
0147
0120
00c6
00d8
01e4
fdba
fec2
00b4
016b
ffb4
0061
01cc
0256
029d
0005
ffd6
ffe1
00b4
fea9
fe0b
003f
ffc0
0019
ffce
0204
00dd
ffcb
fe4a
0089
0053
ffcc
00fa
0198
0109
003e
00b3
0165
ffca
ffba
fdff
fed4
018b
01a5
0279
01df
022f
00c7
0092
013f
0150
ffbd
feca
ff68
01bf
0346
fff6
0192
029d
02f4
007e
02a1
02be
0228
03b6
ff24
fee8
fe93
ff54
0091
016b
01cf
02f1
01b2
028d
ff5a
fe4d
00f7
fd51
fe29
0004
fffb
ffff
00ad
0044
00e9
0032
fe55
fdb4
ff4e
fe28
0050
0022
fffb
00d4
0256
00ce
008e
0090
fe99
fe77
ff56
fff7
fe8f
fdd9
00a8
ff9e
002d
ff3f
00f9
0073
fd9e
fde7
0047
0041
ff04
fe94
ff9b
ff71
ffee
020b
00bb
ffc0
ff05
feb8
003f
ff7a
ff49
0035
ff00
00f7
ffb6
0156
0134
0043
fe96
fe38
01c6
ffbf
00df
001f
fff3
0067
0107
00af
004f
ff58
fef7
fd26
fee4
0090
001a
0123
002e
0055
009f
0003
ffab
fff4
fd89
fc5f
0007
fee8
fec8
0058
fee4
ffba
ff5e
ff60
002b
ffc4
fe5a
fe48
0102
fda8
ff83
ffa8
0018
fe57
fec8
ffde
001e
ffe8
fee7
ffde
ffb3
fdf1
feb3
ff1f
0048
febe
ff53
ff9f
0168
0190
009d
ffae
00ee
0133
0216
042d
04b7
0267
0323
0287
02dc
00fc
01bd
ffe3
00d5
007b
00d2
ff76
ffae
ff9d
ff88
fee5
005d
0097
00d5
ff55
00ca
ff75
fffe
ff97
0057
ffee
007c
00e1
ff59
0088
ff8e
fd69
fe03
fe46
ff89
feb2
fec9
0019
fecf
fe4a
fe90
feee
ff5f
feae
fff5
fffe
006b
ffe9
ffbe
0096
002c
ff42
fe65
fe58
fea8
fe63
ff41
0217
ff59
fffb
00a4
ff88
ffbf
fe7d
ffdf
ffca
fdde
ff33
ff16
0302
0184
fef4
fe02
fe3a
ff46
ff3b
ffc3
ff74
ff86
ff4d
fefe
037c
ffa7
fe06
fd66
fd0b
fe83
ffa9
0023
ffb0
ffc4
ff88
fe62
02f6
002e
fd0b
fd18
fdb4
ffa4
ff69
ff72
fe9b
ffac
ffa6
ffad
02ba
0108
000b
ff4f
fe0a
fd25
fead
ff18
ff78
007a
ffd4
001e
0089
00e3
ff5e
fe92
fe30
fe9d
fd9c
fdcf
fff6
0026
ffa4
ffc3
002e
015f
00c0
ff93
0063
fefd
fe4c
ffd7
00a0
0155
011e
001f
0001
014d
0218
0123
00d3
0012
00a2
fffa
00d3
0106
001b
0002
02f8
012b
02c2
009e
01d0
01ae
01b5
fea3
fea8
02cd
02c3
0015
00b6
027e
030e
00a5
00de
ff83
fff2
fe4b
fd78
fd50
fe7e
ff34
fe36
fee3
007c
0030
012f
0086
0028
0009
ffcf
ff88
ffff
ff77
fea4
fe9f
fef4
ffd4
0012
009e
00f4
006a
0038
ff84
ffff
002b
fda8
fe68
ff6b
ff54
fff3
00b5
00f7
003f
feb8
00fa
0076
0081
ff23
007d
fe44
ff46
0055
016b
0062
00e5
ff4b
014a
006c
0082
ff74
005d
feaa
fe29
0089
01ff
00ff
ff3c
0028
00d4
ffee
0058
fe29
fe48
fdde
fd29
febc
00f3
008f
ffd4
000b
0102
feca
ff3e
feb2
fd7b
fd3f
fedc
ff4d
0036
008d
fff6
ffbd
01b4
fe52
002d
fef2
fe42
ff25
ff5f
ffe3
fff1
ffd2
0095
001b
0093
fe52
0091
fee7
fe3e
0091
0126
0139
017e
00eb
016e
00dc
005e
fec7
022f
ff50
ff91
0055
02fd
01eb
01af
0005
0044
feb9
febd
fee5
fe93
009d
fefd
fe2d
fdfa
fea3
fd2d
ffcb
fd92
fbef
fece
0168
0051
fe24
fe16
fff9
0243
0296
00bf
0071
fe83
fff9
00d4
02b3
005a
fdef
fecd
ffe0
00bc
0243
014d
ff34
ff63
fea3
ffdf
022e
02b4
ffad
008f
01fa
01ec
01f8
ff74
ff78
ff3e
ff07
ffef
01af
03a9
ff4f
0133
01e9
00cd
00fd
ff35
ff50
ff64
0042
0089
02cf
02d7
ffd2
0174
00d6
001d
003c
ffdd
fea2
00cf
01a6
01c4
024f
01f2
fe4d
0054
001e
fed7
005f
ff5b
fff9
00e4
0152
0287
0268
00b4
ff93
ff4f
00c8
ffdf
ffdf
fff7
ff6b
00f4
0166
00e5
0307
01c6
ff2c
0189
0100
00dc
0041
0116
0199
0113
0033
027d
03ab
00b4
00c5
018b
007f
010c
01b5
00a0
0134
0184
00e6
0220
0174
0082
0050
018f
00fc
00c2
ffe0
002f
007f
0162
ff1d
0115
ff09
ff1d
fea9
00b6
0091
0021
ffe9
ff61
fda0
fe13
ff7d
fea2
0003
ff9f
ff9b
ffc4
ff2e
0097
0000
ff81
ff38
fee5
0097
fef6
ffe7
0098
001b
0049
ff34
ff3b
0035
feec
004b
ff0d
fecd
0054
000a
ff12
ff33
fefe
ffaf
fef3
fec0
0034
fede
ffa1
00a2
fed2
ff8a
fed3
ff1a
ff51
ff87
003c
ffd6
001d
001f
fffe
0079
0030
ff75
ff3d
ff6c
fec3
005b
ff3a
ff68
0059
ffc8
ffdd
ff4f
ffa2
fffb
ff32
000e
0056
00a9
0087
ffd5
ff34
0098
ff7a
00a6
001e
000f
ffe8
ff45
fedf
ff34
fec2
ff4f
007c
0051
0028
ffc8
00a1
feec
ffb1
ff2e
ffd2
009b
0009
fffe
0046
fed5
0035
007c
ff8f
ffb3
ff7d
ff9a
ff04
0081
ffdc
ff44
008b
fff2
ff90
ff6a
ff0e
ff7b
ff95
ff74
fff8
ffa5
ffed
0076
004b
ff23
ff3b
ffdd
fef2
ff96
ff9d
ff26
000a
ff14
ffdf
ff40
fec4
0054
006d
ff15
006d
0060
ffa0
ffc4
ffa3
00ab
0062
ff80
000c
ff57
febe
ff36
ffbb
ff04
fef3
feac
fe73
00e0
0280
00de
0368
0332
0092
fff4
fcc2
ff91
ff7f
fe74
fc39
fe6f
fcc2
ff0b
00a2
01b9
0091
0170
ff4c
fff2
0007
fe49
fa4c
fe18
fce4
ff86
01a2
01d5
01c9
01f4
009c
0224
ff1a
fcc1
fbab
fffd
00e3
026d
02fe
026c
ffd7
0205
feef
fe9e
ffac
fce3
fe0e
00da
01ff
02ed
0393
02ea
02f7
02ec
0157
ffb5
ffb2
fddf
ff14
01e2
019e
0342
045f
03df
030f
0372
02ce
005f
fe7a
fea8
0114
0304
0325
0240
0294
0498
03d0
03f8
0363
0228
ffc9
ffdc
018e
0316
03a5
0383
0393
0373
041a
05e4
0428
035a
fffc
004d
0073
024f
0385
0428
0354
038b
0363
04c7
04f8
0269
0078
012b
001d
01ef
0398
0341
0355
0214
0336
034b
03a2
0313
009b
00c0
0078
0128
01d6
02ee
0248
031d
03b0
03e4
03a1
041d
0147
0184
0041
0001
0247
010b
010d
0074
010e
0273
02fd
03c0
012e
ff92
0020
fec9
ff89
feec
0035
0011
0073
0007
00c5
ff58
fef6
0055
ff9a
feeb
0001
ffed
ffa4
00ab
005e
ffe8
fef8
0069
ffff
0067
ffca
000a
ff40
ffb8
ff6a
ffc3
ffdc
ff57
ffc7
0008
ff94
ff7b
ff12
0076
0067
ff8b
0024
ffcf
004b
004c
fef0
009d
ff73
ff47
00a5
fed0
ffb6
ffec
ff4e
ff9a
ffbf
ff43
ff98
00b1
0073
ff76
feca
0031
000c
fece
ff26
feee
ffde
ffb8
fefa
ff94
ffe7
ff51
0075
00a6
ff6e
ff5e
ffe4
ffa0
ffe0
ff13
fedb
005d
005b
002c
ff61
ff00
0089
000f
00aa
ff33
005f
ff5c
ffe0
ffcd
ffa4
008d
fff1
0026
007c
fecf
00ad
0070
0012
ff9d
ff3c
ff91
fee8
000a
008c
ff83
0042
0039
0009
ffe0
ff58
004f
0039
ff4c
002c
0030
fed5
ffee
002b
ff74
ff6b
fffe
ff7f
ff14
ffe0
ff5f
fffd
ff51
0060
ff58
fecf
003c
ff93
ff0a
ff81
0058
002f
fff4
0028
005b
00ac
0055
009b
0091
ffbc
002d
ffac
feff
0002
00bb
ff2c
fec3
0112
ffa8
000f
ff38
0023
0072
0081
fffa
ff15
0083
0049
001b
0013
007c
0036
001e
ff1d
ffd9
00fe
fffa
ffe9
ff79
ff27
ffb8
010a
0034
000a
00a8
fff0
009c
feea
ff61
ff8d
ff57
fef9
ffcb
ff53
ff8b
ffbd
ffa4
ff24
0019
ff1a
ffc4
fed3
ff9f
000f
0096
ff00
0049
0019
0057
ff5a
ff1b
ffe6
ffdb
0087
fecc
00ec
ffdf
ffce
ff6a
fedf
ff5d
fff1
007a
0047
002d
003c
00a3
ffae
ffe7
ff66
fecb
ff38
ff23
ff57
ffaf
ff3a
0003
feee
ffb0
ff42
003c
0012
0029
0094
ff32
0028
ffbe
0016
0009
ffba
ff2d
0023
fedd
ff3b
ffac
ff12
ff1d
fefa
ff19
002c
fed6
0064
0121
ff85
ff96
ff08
ff66
feec
ff55
ffba
ff65
00ab
ff49
0067
0005
fed5
ff11
fef9
ff2d
0026
0052
ff51
0015
ff16
ff7a
005a
0098
ffdd
fea6
fdbf
ff8d
ff46
000e
0054
0095
ffdf
fff7
ff58
ff6d
fe00
fce9
fdb2
fe93
01d3
0087
0150
01c0
01ac
021e
0083
ff7d
fe0e
fd8a
fdb9
fea5
01ac
01cf
01df
0231
026a
021e
00e6
ff66
feb6
fc28
fdb0
ffa4
0026
0252
01be
0100
ffc9
fe56
0014
ff3e
ff91
fd1c
ff55
0089
016f
0318
0184
ffbf
ff8a
ff0c
fed8
006d
ffb0
fde0
fe39
0292
0478
03c1
02c0
00bd
feba
fd9a
ff1e
febe
fe09
0035
ffc0
029a
040e
03cd
032d
01eb
fec1
fe24
fec6
fe5e
fdfd
fe53
005a
0149
02d8
032d
0233
0242
0052
fecf
fd85
fe82
ff4a
fea8
0119
0054
0204
00a9
017f
01b6
00da
0001
0015
003a
ffcb
ffaa
ff79
0134
ffc8
ff75
0060
015a
0086
005c
01bf
0012
ff8c
fde4
ff8f
ff3d
fffa
ff88
ffaa
0079
fffa
fede
0044
fedf
00d2
fe11
ff9a
0118
00c6
0117
0015
0043
ff74
ffbf
fe77
ff54
ff4b
015a
014e
02bc
025c
018d
00ef
012d
01d1
018a
fea6
fe4c
ff3a
0096
022f
0098
01b0
0077
005a
fe87
fd06
fdf3
fdce
feb3
fe87
ff1e
007b
037a
014d
0247
004f
fe7d
fc6f
fcae
fc89
fca3
ff29
fe54
0061
041e
0513
0354
0288
ff19
fda3
fd9d
fe99
fe3f
fdce
fe4d
0206
0397
02e8
00a2
fffd
fe43
fca5
fe5c
ff45
feb9
fef4
015c
01c0
0205
ff3e
fe7b
fd4c
fcb0
fc90
fd14
fd31
fd6d
fd5a
011b
feb9
ff08
fbb7
fc29
fb50
fbdf
fb42
fc3d
fc47
fd1f
ff09
ffb3
002a
fdc5
fd6c
fb14
fc33
fbc0
f9fd
fa4c
fc6c
fd0d
fda6
ffe4
0122
ffde
ff12
fd10
fbfc
fc07
f9d2
fa06
fbab
fd0a
fe25
0044
0049
fff2
fe40
fd0d
fed6
fe14
fb34
fbc2
fdea
ff05
ff44
ffa1
00aa
ff78
00f0
fdc2
fe51
ffed
febf
fece
ff2f
0193
000c
003f
0240
016a
00db
fff7
ff26
ffb2
fee1
0029
0138
0309
0133
ff1c
fecb
ff01
ff6a
008c
ff23
00a8
fef5
ff42
ffb1
004e
ff75
ff9c
fff3
ff67
ff49
ffe3
004b
009a
ff27
0065
0089
ffc1
005a
ffdd
009c
ff45
0092
005a
005d
00aa
0060
00a3
ff94
ff46
0022
001a
0064
006f
ff07
ffce
ff5b
ffcf
ff73
ffb6
ffd0
fef0
ffb6
0089
ff65
0001
ff97
ffa0
002b
ffe7
0011
fed7
008d
fed5
0087
fec4
0003
ff1d
ff59
ff42
0005
ff9c
ffe7
ff26
ffde
ffb9
0028
ffd7
fffc
008d
fed8
ff44
0048
0030
fff4
fee9
fecf
ff05
0035
009e
008c
ff17
ffe7
0044
0016
ffd9
ffa8
ff61
ff54
ffcc
ff79
ff36
fffe
ffff
ff3a
ff23
ff5b
feff
ffb7
ff1a
003a
0083
ff40
fed6
0034
ff18
0031
0013
ffbf
ff2b
ffe7
ff57
fff7
003d
ff23
ff4a
ff8e
fede
ff1d
003f
fed0
0017
ff5b
ffb7
fedf
ff75
0040
0045
008c
0098
0007
007e
0046
0040
ff17
ff85
ffa5
ff55
00b6
fdfa
ff1f
ffb4
01d4
003c
fe71
ff96
fed8
ff17
feb8
fedf
01b4
fe62
feab
fee4
ffa3
ffcb
ff7d
ffe7
fef9
fd6b
fe28
ffb7
01e5
fef2
fe9d
fcce
ff5e
0083
00e9
ffcc
ff6e
ffd7
ff4f
ffaf
00f3
feef
fe9a
fd98
0078
01e3
0182
0015
011e
00fb
0221
ff50
ffb5
fe81
00e4
fef3
ff5f
01cd
0277
0074
00b3
00c0
0107
0030
0026
00ae
ffb6
feb2
005e
019a
02b0
0000
ff90
006f
0045
ff53
fe9d
00cd
fed8
fde0
008f
00d8
0279
00ef
ff02
ff79
fea3
fdc7
ff61
0011
ff69
ff45
0098
01ba
025f
0075
ff12
ffe8
0032
ff2f
ffbe
fe75
ffc1
ffd5
01c3
02e2
03e5
0236
002d
ff11
ff7b
ff13
ff33
fedd
feff
ff38
014c
0382
0239
02bf
ffb1
ff0d
0055
ff0b
ff47
00aa
005f
0227
0055
0259
026f
023c
0068
ff73
ffbb
035a
fe76
fd18
fdbd
ff66
020a
048b
0450
0273
01ff
00e1
01fe
040d
ff5f
ffb7
ff82
ff51
00c9
fffa
ffef
fdf5
ff1e
ff02
fd05
00c4
fe20
fefb
01ed
00e2
010e
0049
00ab
0110
0365
0310
024a
0313
01c1
0000
005e
feb4
ff11
ff88
0187
0230
03bf
04bc
04cb
04b5
008f
fc07
fdc7
ff48
ff04
0134
01cc
0264
0405
0472
0549
034d
0407
fc91
fe42
0000
0024
01da
00e8
01cb
023a
034c
0407
021b
016c
fef8
fefb
fea5
00fa
0135
01ce
023e
0328
03cb
01a3
0144
ff31
fda3
00c5
007e
00bf
011c
023a
01e1
0271
03f9
0188
ff0c
0056
feab
ffd8
00d0
00e5
0049
013a
0176
034e
03e0
0144
ff14
0027
fe3f
0089
00de
00d1
00c7
0069
0253
02dc
0288
0015
ff93
fee1
feb1
001e
0113
0139
0039
0130
00e9
0171
0115
0134
ff9e
fed5
fff4
0036
0117
0134
004d
0001
fff6
000f
012d
0004
004b
023f
00a0
0143
ff76
0087
00d3
0143
022c
ff4b
fffe
fec0
ff55
0142
03c1
0261
0193
0283
0173
ff00
ffab
02a5
028c
01b9
01dc
0240
00f7
00ec
0170
028b
02a7
02d8
00ab
01d0
0318
0261
0263
027e
0154
ff3b
ff5b
01a4
0239
040a
023d
01fe
02db
03e5
060f
037c
011e
ff5a
fec6
0082
0307
0529
0600
0536
0404
0359
0519
03a5
03a8
fba5
fd0e
006a
03a1
046d
0674
0323
0393
063b
04e5
0510
02ce
ff74
0010
027b
0218
02b3
03cb
033d
0346
0520
0511
0465
02fb
fffd
fda3
01e3
0065
020a
033c
0112
02bc
01a1
055f
03b8
ff57
02d4
0086
027d
0383
00e2
03f8
0174
017f
011c
03bc
02d7
fe7d
0359
01f3
0450
0407
03e8
01b6
022d
00f4
0283
037e
03d1
ff75
02fc
0288
034f
04ac
0421
01f6
027f
01bf
01ae
01e5
0130
01f9
0344
008e
029b
0346
02c9
012f
ff1b
016c
013e
0319
02cd
0197
0190
0203
02cb
02f2
0273
0252
0096
0300
01c2
02b0
01d9
0237
02d4
0379
0394
026b
0220
0159
0109
01ca
019d
01ca
0129
02c9
0256
ff3a
00fe
0095
ff7d
fec2
ff8b
feb7
ff44
011b
fe69
fc75
017d
fe94
fcf1
001d
0011
fde9
fd8d
fcc0
fd41
0271
0124
fdb0
fbcf
fc1d
fc0a
fff9
fe91
0074
004a
fe69
fe26
0046
0101
ff34
f8f3
fa46
fd06
0077
fdcb
002e
00f1
fff8
ff35
0045
02b1
0118
fbb4
fd61
ff2b
ff2e
003e
019b
0162
009a
fec9
ff1a
0077
0229
00ba
ffe1
00b9
ff84
ffc4
ff08
fff5
005c
fef9
feb8
0055
0091
044e
0046
009d
ffdb
ff06
ff33
fef5
fff5
ffbb
fe3b
fff9
ff45
03ad
0196
00c4
0084
ffa3
006c
00f5
00aa
fe5f
0005
00a0
0166
0239
ffdb
026e
00d4
0061
015c
002c
fef4
fe77
fec8
ff06
00ba
0266
00bd
0051
003d
0149
00bb
ff76
fd99
fdf4
fd8e
fe74
00cf
fff4
fdd0
fee4
fe97
0038
fff2
fdd2
fd43
fddf
ff44
fee8
fc5a
0176
fc32
fb50
fa58
fa3d
f85c
f84a
fa6e
fc46
fef2
ffa2
ffaf
fd59
fb35
fc79
fc7a
fd1a
fa89
f8d3
fa3b
fc24
fb17
ffaf
003d
fea4
fd87
fe12
0075
fdad
fe63
fddf
fe3a
ff13
fd88
ffdc
00fc
fea6
0081
02a7
00f7
ff99
fed4
fe5a
0028
fecb
ff94
0063
001d
fe26
fe92
0202
0283
feb9
fdfc
ff9f
ff84
0038
001a
01d1
fff1
fea7
ffc8
ff96
0117
ff47
fea0
fe68
0137
0022
ff9a
00db
febc
fe25
fde4
fd08
0023
0023
fdff
feb5
0118
00c3
00d9
012d
ff7e
013f
ff64
fe83
002d
009e
fedd
ffee
003f
ffef
007a
00c4
00b2
0133
00e1
fe25
0155
01e2
02c8
017c
00e4
003a
01aa
ff3d
fe18
03eb
00f4
fe89
ffec
ffcf
01aa
00f4
ff51
ff05
ff4c
ff99
ff66
06c6
00f2
009b
004d
ff60
000f
febf
fd93
fdd5
ffe6
003d
fe12
01f4
017f
01b8
ffd8
fd57
fc9d
fade
fc9b
faf6
fd04
fe3a
fcaf
fb50
fa49
fbfd
fd30
fd11
fd21
ff6e
fe4c
ffc2
0043
ff3c
fe47
003f
0121
024f
00ac
ffbe
01a1
00ee
00b9
0066
0186
ffeb
fea2
0171
04b3
064b
042b
03a5
0366
0346
018b
03f8
0257
006f
ffdf
ffa7
0404
05b2
04a8
054b
026e
0361
0485
0450
02e5
ffc2
fd7b
fed1
00f8
0438
0469
02dc
02a2
04b1
040c
032e
0404
0060
0113
ff62
ff4d
0269
0409
042c
025f
04f1
046b
0476
0332
01b9
0187
ffbc
0101
024a
0431
03b0
0346
04a0
03b5
02b9
0328
02dc
02b8
0039
fea6
0138
0296
0327
0273
03ad
0389
0259
0253
0307
0392
01ad
000f
fe70
00dc
0188
0176
0349
040d
0230
0206
037d
042e
0103
ff32
fe52
0121
026f
01e4
037a
02fc
033c
0224
024d
04e0
fd64
fe25
fef9
001c
01c9
01d9
01f8
0300
0497
0173
02ca
03d9
fea9
fb81
fc43
ff83
02a6
ffc2
031f
03a1
0205
01a7
02ff
0258
0467
0264
0147
00b0
0047
ffe3
012f
00ac
01cb
023a
0168
0181
0462
011c
002f
014e
005b
ffa7
0107
01f0
028a
01e3
01c8
ffc3
03f1
0057
ff05
000b
00c4
ff61
ff18
fe64
ff8f
0126
0062
003c
ff38
fe1f
fbfe
fe33
ff9c
fe57
fd85
fe72
fcdd
0001
ff5c
004b
fef0
fb51
fd45
fe99
ffac
ff08
fee7
fddc
fd82
ff49
fed4
00ad
ff9a
fb91
fb80
fdbb
ff9a
001e
fece
fd38
fe25
fdc4
ff64
0012
02ba
fc9c
fb07
fbdc
fda5
ffa5
fdd4
fd63
fe1a
fcca
fee6
fe77
03dc
fd40
fc22
fd06
fd59
fe63
fe44
feaf
feb6
fdf1
fe41
ff15
0433
ff63
fc74
fe55
fee9
fe5a
ffa0
fed4
fe04
fdde
fdc3
fd3f
04d7
ff6a
fdc2
fee1
fe77
0117
0064
0053
ffe9
fe83
fe83
fd20
02b9
0194
ff1b
ff42
ff8e
0088
ff70
ff3a
fe5d
fe67
ff73
fd76
030d
0243
0153
0254
020f
021a
007a
00da
002d
018b
0020
0026
0723
01ad
0233
fcdd
fe23
fdf4
ff9e
fece
ff6f
ffe6
0619
0265
01a3
ffbf
fbb7
fa3f
fc42
fa89
fd5d
feb0
fe4c
ff9e
029e
0016
0203
fe32
fbe7
fb44
fc39
fc1f
fc62
fd6e
ff93
001f
0097
ff22
03db
004f
ff51
ff73
0053
ff8d
fe95
fed1
ffc8
0127
00f7
fef3
03dd
0182
021c
0012
0227
0147
ffdb
00e4
00b2
01dd
0144
005c
0257
001d
0246
024f
0274
032d
00fd
029e
0151
0126
015d
01b4
ff47
ff0b
ff00
ff09
015e
021f
013c
01f3
03d6
00d6
0130
0159
ff77
ff9b
003c
0018
00f6
021f
019a
0214
0239
016a
02aa
02cf
000c
00f2
014b
0212
0143
00fd
0154
01f3
0295
01bd
0338
05a3
01a7
0148
00ab
01f3
01ae
025c
0160
01d8
01dd
02ee
034f
03bc
04f0
037d
03bb
0364
0302
0290
036d
047b
0410
0515
0393
0306
04fc
0271
02c2
01a1
00f7
ff49
0235
02b7
0078
0041
00c9
00e6
0270
0590
04fe
038d
0318
ffe7
04c7
01fe
fea7
feed
02fc
016e
fefb
ffa9
036b
ff82
fde9
fe20
fe0b
fdb6
fbc2
fc17
ff1a
fd23
fbeb
ffca
02b3
0212
014d
fe68
011a
fdbb
fbb7
fe48
ff52
ff98
ffa4
ff3c
0034
0272
00b2
fe97
fdbe
0000
ffd3
ff77
fefc
00ac
0146
ffcb
0019
0227
00bd
0123
0082
00c5
ff0f
ff80
ff47
0048
ffd0
fd31
009a
007d
ff67
ff17
01f5
00ef
ffe2
ffd2
ffe9
fd38
01c9
0030
00d6
02b1
015e
00bd
0093
feac
008e
fe70
ffa2
fe23
fe15
ff58
fec1
0142
fe91
fde0
fe2d
ffba
ffc8
fda0
fea2
fffd
fd3d
fdb5
ff6d
0291
fef6
ff13
ffd6
ff23
fd34
fefc
fca3
fe62
fb80
fb96
fd27
001f
fff6
0148
0079
ff46
fe29
fdc0
fcd7
fb4d
fe0f
fb49
fbfe
fd71
fff5
fe21
fe8e
0050
fe3e
feee
ffb2
fc58
ff87
fc6b
fd7a
fce1
ff2a
fd7d
fdc5
fedd
fe85
ffba
fdd9
0296
ff78
ffbe
ff3a
ffd1
ff60
0066
ffe7
ff10
ff78
00f6
ff76
0007
ff8a
000d
ff3c
0003
ff63
ffb6
ffe5
ffb8
ff9d
ff4a
fed7
00cf
febd
008a
ffd1
ff9f
ff4b
ffd1
ff29
ffa5
00e2
ff2c
ff26
ffcb
fef9
00d1
ffc7
00a2
000f
0054
00a6
ffa2
ff50
0065
fff6
011d
ffd5
0073
006d
fffe
ffa4
ffa8
00b9
00db
002f
ffc3
0034
0123
fe96
0087
ff43
ffe1
ffdc
0070
0049
00c7
ff1f
ff47
0027
0089
ffa4
ffd2
00aa
006a
ff89
0073
ff8e
003b
ff6d
fed5
0098
fff6
ffa6
fff8
0014
ffa0
0042
ffaf
000f
ff52
ff62
006b
ffa1
ff76
00f4
005b
00f3
fee8
ff53
009e
0014
ff2c
0146
ffea
fea4
009a
fed3
0011
00af
00d9
0047
00e0
00c6
0045
ff8c
0001
00fb
ff8c
001c
0024
00b5
00e3
ffe2
ffd0
0094
0072
007d
00f9
ffde
ff4a
ff44
ff28
0085
0097
ffff
ffda
00ea
00e3
001e
ffdc
ffde
0033
009b
0087
024d
01a3
022a
0299
0286
028d
01ba
019b
0078
fff1
ffd1
01e4
0317
0188
0055
fed9
ffba
fea3
00cb
fef1
ff2c
002c
008b
0237
069c
04b1
0113
007b
fe80
023b
00b3
ffe5
feee
ffd7
015c
0237
0363
03d1
000f
ffc2
ff31
ff90
009a
00cd
0122
ff7d
fde6
fed4
0126
02ad
0064
febb
fff1
fec5
00fa
014a
0265
00c8
fc83
ff97
fff5
ff18
0050
ff1e
fe8d
ff11
002d
ffac
00df
ffa1
fbfe
ff29
ffcb
fe80
ffe5
ff80
ffd6
ff11
fe30
ff4f
015c
ff34
fc4a
fe7b
0046
febc
fecf
ff49
0067
fff6
fd96
fffc
ff85
feaa
ff73
ff2d
ff6b
fc74
fd15
ff64
0057
ffab
0084
00fc
010c
fe68
ff7c
ffbf
004d
ff86
fe70
feff
0021
0064
0069
0101
019a
fed2
ff12
fe51
ff55
fe91
fc44
fe69
ff28
0057
00f1
ffde
01a6
fe8b
01af
fbfc
fe56
fefa
ffd8
fd8e
fd30
fee0
008a
00ce
fe62
00a7
ffe6
00bf
ffc5
00cd
0071
0090
ff6c
0075
fff6
ff63
0051
00e8
ff36
ff6b
00f4
ff78
ffa4
ff3d
ffb2
ff12
ff9c
ff8f
00ba
ff5b
00c7
fff7
0089
006b
0074
ffa1
005f
ff98
ffff
0085
005b
ffd6
ffe0
ffd6
ff2b
0003
ff64
00f1
0085
004e
ff5d
ff1a
0055
00a7
ff42
0097
ff13
006f
fff2
0040
00da
ff82
007c
ff61
ff37
00c3
006b
0075
0022
ff67
0068
00e6
0021
00b9
00c3
ff36
ff9e
006b
0031
0049
000c
007a
ffc4
ff62
ffcf
0090
00e6
ffa5
0079
ff07
fecb
00b1
ff84
ff35
ff3c
0037
ffac
ffbd
ff4a
ff3c
00ea
ff0c
ffc8
001a
005e
0054
ffdc
ffc6
003c
0054
008d
ffbd
ffb8
ffd4
0078
ff1d
00f4
ffda
0004
002e
ff35
0027
fffa
0047
ff1a
ffb2
ff16
ffb0
00e8
ff23
00dd
00a2
ffe1
ff75
ff47
ffda
002e
007f
003d
00dd
0098
ff0d
ff9e
0071
00d5
0022
ffe5
00cb
ff25
0065
ffb1
00b3
0076
ff8d
ff43
0065
ff23
00b3
ff55
ff0c
0066
0072
ffb2
00ac
ffd7
0040
0032
00d2
00c4
ff78
ff83
ffb4
ff86
ffd2
0091
ffb0
ffaa
ff2c
0002
002a
00a9
ff6e
ffdb
ff84
ff52
0022
ffc0
ff1a
00b0
0098
ff98
006e
0087
ffdf
ff07
008e
ffe6
00e5
ff1b
ff44
00de
00bd
00e2
001e
0049
00bb
ff48
0032
ff9b
ff03
ff6a
ff22
00a3
ffcb
ff2c
ffe5
00d2
ff51
ff8d
ffb0
0069
ffe3
ff0b
0077
0066
ffb4
0017
00f4
ff29
004c
ff3c
fff7
00d1
00cc
ff54
0076
ffe3
ff0c
0013
ff30
ff93
ff7d
ff6b
0027
fff1
00ac
006a
00a3
ffc4
007d
ffbf
005a
008f
0029
0032
ff6b
ffcb
ffa5
009c
0024
ff14
ff22
ff7f
ffa7
ff49
ff97
fff7
0080
0075
ff16
fffe
0091
007a
ffb2
004e
0060
ff7b
00c9
ff8a
00ef
ffab
ff9f
feed
0010
0068
ffd2
ff84
ff7f
0033
ff9d
00f4
003b
feb6
00c1
0057
fdea
fede
ff53
ffb7
007b
003d
0112
0038
ff73
ff27
0035
fee6
0030
ff24
ffa6
001e
0168
01aa
015a
00f4
fed0
ffb3
ffa4
039e
0357
00ab
fe4c
02fd
04df
0369
036c
01d5
014e
0112
01a3
0674
05bc
0363
ffef
00dd
02f4
03a0
03d3
0205
005d
0158
01f6
0586
0653
0683
0160
0215
0259
0454
031c
0378
012a
0132
00f3
0468
06bd
0605
03e2
0278
04d9
041d
0391
0394
0150
0237
0234
026c
02ad
039e
0390
03c9
04e3
02d9
0411
0423
0432
0458
0320
ffb9
0176
00ee
0399
046b
047b
0552
0426
03d5
03e3
04aa
0324
fc70
005b
0210
01f6
035a
0351
0416
0358
029b
01e4
04d7
0331
fdef
fd8f
0085
0146
0049
0110
0265
02c9
0328
0200
04d1
04cd
ff4c
ff82
ff56
008b
00d1
004b
02dd
037b
027f
0329
03ad
0551
0032
018b
00da
00d0
0091
01e2
0446
03a4
028d
01db
ffee
035d
01f7
0002
0147
001f
004f
fe0d
01d4
01c4
ffe6
ffd1
0093
0047
0282
0229
025c
0152
fe04
facf
fbe2
fc04
fd90
fe69
fff4
fd8a
0410
0204
00df
002c
ff5b
fd7d
fe15
ff5a
fea2
020d
01ca
ff40
00e7
ff6c
ff97
ff38
007a
fe71
0074
fe65
ff99
ffae
00f9
0151
0013
000c
ffcc
fef2
ffc9
00e1
021c
015e
ff96
feda
0178
01c0
01ed
00b2
001c
ffbd
ff1e
ffe0
0147
0103
ff2b
fe32
001e
0019
03e5
fea9
fe18
fdc0
fe6d
017b
006e
008a
ffea
ffc0
ff0f
ff6d
0447
fdbc
fd35
fe86
fdd6
0051
0125
0215
0023
ffa8
ff8b
fe36
013a
0067
fdbd
fd42
fe6a
0082
024d
024c
fffe
ffab
011c
ff03
0290
ff43
0143
0039
fe82
fdf0
028c
01cb
00f6
0032
ffb2
ffa8
0106
fee2
ff95
0049
ff28
fe17
fdc4
feb3
001d
001b
fcd5
fed1
0114
fdf6
fcfc
fed6
0198
ff20
fd34
fa8d
fd83
fceb
feb5
ff84
0052
ff80
ff43
00d2
004d
00c6
ff55
ff67
00d1
0024
ffd3
0126
00f7
fd67
fee1
ffa6
ff38
016d
ff69
fec6
ff98
0094
00fa
ff4a
0225
0240
0167
0027
016a
0055
010e
ffa4
ffc2
fef1
fee6
fd8e
070e
0763
065b
0200
01a8
00ac
00cd
00a6
008e
ff11
ffd4
fd8a
044d
05d0
04fd
02dd
0151
01fd
022c
027b
006b
fe62
ff4e
fe6d
0170
03f2
05a4
05ab
0311
0403
039d
03b4
01b1
ff70
fdf7
fdab
00a1
0128
03c3
04e4
0263
0342
036e
049e
0341
02a6
ffb4
fe79
00be
0029
0166
0083
ffd2
0328
0358
0301
02cb
024d
ff79
fecd
fe2c
fd91
fda4
fe9c
0103
0266
028d
0335
01c7
008f
ff82
0126
fd21
fe56
ff62
0066
ff5b
ff32
005a
00e0
ffe8
0075
0024
01ec
ffa2
002f
00d1
fe78
ff6f
ff14
0050
ffe8
010d
00e1
029a
02a2
0007
001f
0001
0066
fe22
ff9d
016a
0143
021e
00c6
0110
00e8
007b
00db
0131
02eb
000f
fd13
fe24
fd45
fe97
ff55
fd7c
0429
fdc9
ffd9
039d
0406
ffea
fd86
fe3b
fdbc
fedd
ff64
011d
00cb
007e
0149
01aa
0485
0031
fdb5
fec0
ff00
fe88
ff19
fe8d
0132
01f9
01b0
ff04
010d
ff65
ff54
005e
0156
ff4f
0087
0118
00db
001c
ff65
fe53
0143
0168
010d
026a
02eb
0050
00e1
013e
00f2
fea4
00cc
01b2
01ee
014d
009a
02a2
026c
0244
02ba
004f
fe92
ff79
01cd
0374
0220
027c
02d4
021c
03c4
031d
03e1
0250
fe55
ff78
01de
04be
03be
04e0
03f4
033a
03ea
0330
02f7
0135
fea3
fe58
0361
037e
02b4
039e
024a
03fb
0413
02f2
00f5
015b
000f
ff41
03d9
0598
030b
01e1
0225
0337
021f
0274
008a
001b
ff45
fec2
00d7
03ba
03d2
0299
ff79
0162
0124
00c3
ffeb
0180
ff54
feff
0230
0034
010a
fd09
fe08
fdfb
fd78
fbd0
facd
ff1e
fdac
00eb
0057
02d4
0220
04bc
0417
01f0
0026
fc7d
fb08
fb73
fe10
01ae
0aaf
0b44
0c32
0b80
0b5d
092f
0948
06e7
010e
007a
01ba
0926
0d6d
0e1e
0c9d
0a7d
0b1a
0c42
0ccf
0a49
0336
024b
0218
06c3
0a64
0b40
0b0e
0ad4
099d
0a13
0a40
0894
0433
00e5
0222
03aa
0663
07fa
075d
081e
0677
0798
06bc
0666
02c3
0218
034d
02bc
0453
03f6
034a
031c
02c1
05ad
0631
0457
01ab
02af
022f
019a
0225
011c
01c2
030d
012c
031c
03a9
02e3
0216
ffe7
fe9c
ff14
0214
0084
fff0
005f
0167
01d0
009d
0049
01e1
0109
0215
fd0c
000c
ff0d
fe63
fef9
fff3
ff0b
ffed
fff9
011e
0063
025a
fef5
028e
ffbb
fdc6
0028
ffe9
fe7b
feac
fecb
005d
00ab
0207
fdd7
016c
00f0
fce2
ff2d
fe35
feb0
fda2
fea6
00ca
01cd
fea1
018e
0101
0199
00cc
ff8a
fdbd
000b
0109
006a
0163
01d2
03ae
06a1
00cf
ff75
ff29
0007
00b1
008e
00fa
00a7
ff16
ffdd
0030
ff59
0065
004a
ff3a
00a5
0001
00c3
ff4a
00e2
007f
00ac
ff66
ff39
ffaf
00ae
009a
00b5
0036
ff2a
003a
ff72
ffb5
ff15
ffb7
008d
0034
0065
00db
ff10
ff2d
00c1
0078
ff7f
00da
ffee
ff81
fff1
ff07
0009
0040
0045
00b6
00ba
000a
ff9d
ff83
fff4
00b1
ff7f
ff35
0020
00da
00c3
ff77
0052
ff55
fff1
ff8d
ff17
00e8
0037
003c
ff92
ff43
0006
ff66
00b7
005f
ff1f
00e4
ff20
00e7
0038
ff59
ff7d
00ce
0045
0023
ff74
ffb2
ffce
ffbe
ff77
00c0
ff08
0023
ffb9
ff10
ff1c
00a3
ff62
00d3
008e
00d8
ffc2
0080
ffbe
ffcc
00f9
ff49
003c
ff72
ff3c
0009
ffa7
0061
ff65
008d
ff0a
ffee
ff96
0073
ff73
007f
0061
ff85
00a3
00b7
0053
00f6
fffc
ffb5
0078
ff20
00da
0078
ff23
001f
ffa7
0054
ff85
fff0
ff72
0072
0049
ffc6
ff63
0069
fffa
0010
ff03
0044
ff04
feb9
fff9
007c
fecd
ff48
fef0
ff39
ff31
ff64
feca
ffd0
ff03
feab
ffa1
feeb
feb3
ffc3
ff93
005e
ff3b
ff3c
ff57
ffbe
ff8b
ff24
005e
ffd2
fef0
fee8
ff7b
ffa6
0049
ff04
006c
004c
ff11
fffa
0094
ff9a
0076
ff1f
fff1
feba
ff23
ff6d
0034
0005
0082
ff5c
feb5
0063
ff0f
ff46
0090
fea7
ff8d
ff6f
0089
ff6e
ff5d
ffe1
fec8
005d
ff77
ffe0
0098
ff33
ffc3
ff69
ffaa
fecb
0010
fff2
feaf
ff37
ff33
0095
ff3c
feb8
0065
0040
0050
ffcb
ffc1
ff74
ff7b
ff15
007f
0021
ff7c
ffa1
008d
ff67
ff21
ff59
004e
004d
ff56
000d
0010
ff6b
ff16
004f
ffcc
ff0a
ff97
ff40
ff8a
0032
007f
ff7a
0062
ff87
ff2e
0046
ff8b
ff95
ff7d
ffb9
0006
fead
fee6
ffa7
ff40
ff0e
ff86
001b
ff1d
ff0e
ffb4
0001
ff97
feea
0043
0039
feae
0043
002c
0074
0087
ff24
0069
ff00
fedb
ff21
0062
004a
fed4
001d
fed7
ff67
0042
fed8
0068
ff8d
ffcf
0014
0035
febf
008b
ffc1
ff84
feff
ff1e
fec9
006a
0077
feb2
ffd3
ff60
ffb9
ff75
ffce
ff95
004f
0075
ff46
fff9
ffc6
fec7
0012
ff6b
ffc1
ff89
0038
002c
ffb8
002b
ff0b
0006
ff36
ff0b
0081
fff6
ff12
ff29
ff39
0051
ff28
003b
0026
ff5e
0033
ffe9
ff54
ffa0
ffcb
fef5
0090
feab
feb3
ffd1
ff98
febb
ff48
006e
fec5
0093
ffc9
ff06
ff0b
0004
0094
002f
ff3f
0060
ff3d
ff48
fed8
0058
ffb2
0050
ff84
ffe0
fefa
ff1a
ff70
ff4b
006a
feb5
ff88
ff0a
ff67
0068
ff50
ff92
001c
feae
002c
0000
ff16
ff69
001f
0049
0032
008f
ff53
ff3b
ff9c
ff20
ffc6
ff43
0033
fff1
ffe0
ffb1
feab
0004
ffdd
ffd1
002d
ffe4
0014
ffae
ffbb
feff
fefc
0034
ff3d
fec8
007e
ff7f
006f
ff25
0036
fec4
ff48
ff43
ffeb
0096
ffbc
febc
0011
002a
003a
ff1c
fed6
ffbf
0069
fef7
ff15
0067
0066
ff73
ffdc
ff14
ff4a
ffc3
ff0d
0007
ff4f
005a
fedd
ffaf
ffb0
ff29
ff48
ff5c
0070
ffa1
0037
005b
ffa1
ff94
fec0
fec3
ff32
fed9
0073
feef
fff4
fee1
fedc
ffe6
000a
ff28
ff5e
000b
fffa
0054
0054
ff78
fedf
fec3
003d
ff0f
008f
0099
ff8c
003a
003d
ff3e
ff80
fff3
ffb2
001f
006d
fec5
fef9
0014
ff21
0012
0039
fec7
0068
ff35
fef4
ff4d
fedc
ff2f
ff62
fedb
0077
ff19
fee5
004c
ffc5
ffbf
fff8
ff39
fea6
ff96
fef2
ff87
0013
ff23
0098
feff
ffad
ff24
fee4
003f
0045
ff63
0084
ff40
ff8f
0004
fed9
ff9a
ff7f
ff60
ff91
fecf
ff4c
feb3
ff8b
ff7d
000b
ff21
ff0b
ff97
ff2f
feeb
fe8f
ffe4
ff3d
ff57
002e
fed2
fec9
ff34
0042
002f
ffa8
ff68
0075
ff04
ff5d
0019
0006
ffdb
0048
0091
fff2
ff19
ff97
0091
ffb3
0092
ff8a
ff3a
fee3
0034
ff6f
ff36
ff14
ffbc
0059
fef5
ffa5
003b
004b
0086
003e
fff7
ff92
ffed
feb7
feea
ff00
0032
ff9a
ff21
0073
ff5a
ff07
ffce
ff88
ffca
fedf
feb6
0084
ffb3
0076
0024
fef6
febf
0056
feed
0049
feb1
0048
fec5
ffdb
ffa8
ff06
003b
005f
001f
ffe5
fec1
ff20
002d
0004
ffd6
ff97
0084
0085
ffa9
ffb5
ffe4
ff9b
0064
ff0e
ff08
ffce
ffdc
fec4
ff9c
fec9
ffca
ffc3
ffe4
001e
ff5c
ffd1
ffb6
ff5e
0013
0062
001b
fff6
ffaa
0025
ff55
0062
ffa6
001a
0019
004e
ff3f
fef8
0014
002b
ff50
ffff
ff10
fe9a
ff22
006c
0057
feef
ff87
0066
fed7
ff49
ff74
ff02
ff16
ff05
feba
000b
ff94
fee6
0002
0010
0079
ff99
0039
fedf
007f
fe9b
ffcc
ff98
fe8d
0061
0013
00a3
0036
ff56
fff3
fff5
00da
00a5
fff5
000a
ffbf
00aa
ff9a
ff3c
00c4
fffd
ffa5
0030
0071
005f
ff45
ff8e
0070
ff6d
ff8b
ffb3
ff72
fff0
ff13
fff2
ff4d
00f5
ffc3
ff1c
005b
ff62
00e1
ffc8
00be
ff52
ffa7
ff39
ff8f
0086
ffb7
0044
008a
ff3a
ff0a
ff8a
ff3f
ffd4
0069
ff86
ffa8
ff0f
0070
ffd0
0036
0002
0000
0026
ff2f
ff25
006c
0061
ff48
00d8
0029
fef7
ff2f
00a2
004d
000d
00de
ffb9
009f
ff0f
005c
ff9d
ff6d
00db
ff86
ff66
ff7c
ffe5
002a
001a
ff06
00db
ff31
003a
ff40
00c8
ffe7
ff4e
fef4
ffb1
ff94
00ba
0005
0087
ff27
002a
00d2
ffa7
0038
ff6c
005a
ffa3
0020
ff23
00b3
0072
ffbc
0018
ffb7
ff58
ffd7
0009
00bb
0002
00c6
ff16
00df
ffd8
00d1
003e
00a8
00bb
ff90
ff13
0007
0061
fef0
fff7
002f
00d8
000f
001f
ff4b
ff92
ff6e
ffc5
ff36
ffdb
ff30
0089
0008
0091
00de
ff4f
0072
ffbf
0020
0099
0087
ffdd
00c4
ffbe
ff2d
0048
ff75
00f9
00c5
0053
fff7
00af
ffb1
0033
00c7
ff2f
00ee
ff81
ff3f
00dd
00d7
ffd8
ff73
ff56
003f
00c3
fffd
fff0
ffdc
0082
ff5c
ff40
ff58
ff5b
007c
ffcf
ff9c
005c
0064
ff87
ff25
00fa
ff13
00ea
ffdf
fff7
00d9
0073
007a
ff76
00df
009c
ff44
0031
ffdf
00c5
0077
ffa8
00b9
ff79
0027
0097
ffe0
ff8e
00ce
ff14
0076
004a
ffd5
fff7
ff4b
009d
ff4b
ff57
ffea
ffd2
009b
00f6
00c9
0032
00dc
ffbf
00c6
ffdb
00ae
ff22
ffff
0007
ff26
004e
00bf
ffad
ff76
00f5
0027
00d9
0061
ffbb
0026
ff40
005f
ffff
0001
ffdd
004d
0056
0056
ff5a
0051
0089
0008
ff09
0069
0078
0084
008e
ffd2
ff68
00b6
0094
00be
ff0f
0057
ff67
ffc0
ffb7
ff3c
ff49
004e
00e8
ff17
00c3
ff3a
ff8e
00ab
ffb2
001e
ff75
ff72
0044
0083
ffe5
0012
ff23
003e
ff52
0002
ffd7
00be
ff6a
0031
ff7f
ff39
0090
0024
00a3
ffde
0099
008b
ff67
002e
ffa3
ff49
ffa5
ff75
ff32
00f8
00d7
ff13
ffc6
003d
000f
000b
ffd5
0018
0089
ff94
ff61
007d
ffda
005a
002c
ffd2
0020
fffe
0067
00c8
ff5b
005f
0051
ffd7
00bd
003c
ff46
0096
ff81
ff59
ffad
00c7
ff4d
00e0
ff7b
00e6
ff91
008b
001f
ff3f
0093
00aa
ff31
0096
ff32
0008
ff86
00a5
008e
0088
ff1e
00f0
ff4d
ffb9
ffc6
ff21
0033
ffee
005f
008f
ffdd
0010
ffa7
0010
ff77
00c5
ff07
ff82
0041
ffbf
005c
ff5e
ffc9
ffb4
00a9
006b
ff4c
ffeb
ff2e
ff21
00e9
00f9
ffea
ffcf
ffa0
ffdd
009e
ffbb
003d
ffa5
00bb
00a8
ff2b
006f
0035
00c7
ff7b
ff24
ffa4
00eb
ffec
ffed
000a
ff3e
002d
ffba
ff48
001d
0035
0076
ffad
ffd0
feb4
ff10
ffcb
003c
007e
ff7b
ff3c
004b
ff88
00a9
0057
ff42
ff13
feb4
fef2
fecc
ff7c
ff62
0078
fff6
ffba
ffef
0010
ff78
0025
009c
fff1
fffc
0020
ffd6
ff81
feae
0047
ff6a
ff44
ffe9
0027
00d9
ff92
005b
0092
002f
ff1a
ff25
008d
ff14
0088
ffb4
00a7
003f
0029
ffb4
000b
ff80
ff24
0010
00b3
0051
ffb9
ffbc
004e
0052
ff51
ff68
0071
ff8b
00d9
ff37
ff64
ff08
0039
ffcf
ff86
0086
febf
ff40
00b0
ffea
ffa7
007b
001f
ffc6
ff0b
007b
ff5e
ffa4
0028
00c1
0005
00b7
ff0b
ff2a
00f1
ff24
ff99
ffd8
fff8
ffec
ffc2
ff65
fff0
0020
ff6c
ff17
00bc
0035
0058
001c
0000
fff8
0008
002a
ff22
ff7f
0074
004b
0091
ff24
000b
ffe8
ff57
fedf
000b
0046
00cb
00d6
0038
ff72
ff2b
0043
0075
009c
ffcc
ffb3
00ba
0024
00e1
ffc5
0017
ff3d
ff2b
00f2
009f
0073
ffed
000b
0047
007f
00ba
fff3
ffa3
0032
ff95
00b5
000c
0000
ffcc
ff44
0056
ffdd
00a5
ff71
ff9e
002e
ffa6
ff7c
006b
00aa
0047
0018
0028
ff2b
ffe5
0067
000a
008b
0098
0080
00e5
ff2b
005e
ff0c
00db
ff6b
ff23
00f3
00e4
ff78
00b8
009d
ffa8
00d4
0003
ff89
00dc
008a
ff85
ffc0
ffd2
006e
003c
ff58
00d6
fff6
00e3
ff33
007d
ff62
ff2c
0067
0019
ff33
0098
ff7b
0049
ffbd
00d2
0091
007e
007e
fff0
ff46
ff72
0024
ffb4
ff86
ff1f
ff9d
ff35
0038
00ba
00a9
0021
00c6
00cd
ff58
ff83
ffa1
006c
ffa3
ff35
0019
0033
00ee
00cb
ff7b
0042
ff0d
0068
ffe7
0065
000d
ff5a
0027
ff51
0008
00a7
ff8b
000e
0017
0069
ff30
ffec
00c3
0090
0018
0017
ff9f
ff80
00c0
0072
ffcd
00ee
ffdb
ff2f
0087
ff46
0009
0060
0013
0000
00a4
ffbc
ff40
007d
007d
ffdd
0043
ffda
ff9b
ff34
ff2e
0065
0021
0083
008e
00d3
ff54
ffc7
ffda
002a
0011
ff9e
ff9d
fff4
fff6
00a7
00b1
0040
00af
ff16
ffc6
00fa
0071
ff12
007d
0034
ff33
009e
ffc5
0090
ff5c
ff0d
ff16
ff0d
ffd3
00e4
00de
ffa7
0066
0018
ff38
00ef
ff0b
009b
000c
ff52
00c4
ff51
003a
0004
ff7d
ff53
ff3d
fff2
00e9
004a
00b0
ffe0
002a
006f
00ec
002e
0011
000c
ffe6
0056
00f1
00bb
ffa0
ff11
ff82
ffcb
ff2a
0016
00a7
00f7
fff3
ff48
ff15
ff46
00b2
ff16
ff8f
ff10
0051
00b8
ff4c
ffd4
0077
0098
0028
00c2
00cd
0039
0089
00d7
00f8
ff41
ff29
0083
0036
0062
00ca
0089
0047
ff50
fff7
0081
ff30
008b
ff25
ff85
ff53
0003
ffea
ffc8
0052
ffd2
ffeb
ffff
00a6
ffce
0087
ffe0
0034
0039
ff2f
00e6
0027
00a9
ff48
ffad
0013
ff07
0086
ffbb
007d
fecc
fefb
0070
feac
ff9d
fec4
fefd
ffde
ff3b
feb4
ffde
ffea
fffd
ff03
0022
fee0
004b
0086
ff30
ff01
000e
ff8c
ff5f
ff42
0099
0026
fffe
fe9f
febd
feb0
ffff
0028
fed7
ffdf
feea
008d
ff5e
008f
ff0e
fec9
fea9
004b
0022
ff25
fece
ffbe
ff65
ff9a
0033
004d
ff26
ff26
0010
ff17
ff8d
0067
ff84
003c
ffdc
ffa4
fedc
001b
fedc
feec
ff1e
ff0b
ffb7
ff89
fef3
ffde
ff5d
fffb
ffac
ffb0
fefe
0082
0076
ff7e
ffea
ffb0
fef1
001e
ff34
ff8d
ffe9
0076
ff23
ffd4
0032
ff69
feaf
ff85
ffd7
004a
ffc4
ff58
0072
ff81
ff92
feab
ffa1
ff0a
ff5c
0029
0003
ff70
ff10
fff5
ff79
fedb
ff88
004f
fec3
ff01
ffc6
feab
ff6c
ff60
0030
ff39
ff5f
fec9
fef4
ff38
ffe4
0072
ffbc
006c
003b
ff6e
0019
ff4a
fed1
0069
ffd5
ffa1
fff0
003f
ffe1
ff19
0087
0008
007a
fec0
ff7c
00ac
00fa
ffbe
ff7a
ff4a
0046
0026
fff8
ff16
ffb3
ff43
00d1
ff92
ffcf
0030
ffd4
ff98
ff47
ff45
00a0
ff8a
0020
0045
004d
0027
ffad
ff80
0099
0035
ff9d
ff4d
ff43
00b8
ff3a
ffef
00d0
0001
0046
00cd
0061
00ac
00bf
ffd1
ffbc
0035
ffed
0032
ff6e
0072
ff2a
ffc3
008c
0026
00ab
0088
00bf
ff92
00e7
00f0
0075
007d
0081
ff35
00e1
00ec
ff92
ff14
ff7f
ff0f
ffd7
ffcb
ffc6
ff8e
00f3
0038
00c9
ff8f
00d5
004e
00a3
0092
00a3
ff14
ffe4
ffdd
006e
0045
008f
00ac
ff36
ff1e
ff63
ffd6
00c7
001e
0032
ff40
008d
0065
00b3
00f7
0085
ff95
0048
ff78
006d
0059
ffee
0083
00ac
00e9
00da
0021
00cd
ff0f
ffbd
ff8e
ff58
009f
00ad
0051
ff68
ff9c
ff25
0070
00ba
0060
ff2c
ffa3
0026
ffe3
ff5a
fff7
0010
ff8c
ff22
fff6
00f1
00ab
ff9e
ff5d
ff2f
0008
fef7
ff74
ff11
ff09
ff1f
ff36
fee9
ffeb
ff89
ff67
ff0c
ff05
ff3e
feef
feef
ffa6
ff47
ff0f
ff72
ff3e
ffc5
0049
fec5
feb7
007c
ffe8
007d
fec7
feeb
ffdb
ff62
0015
ff84
0095
ff3c
ff33
ff33
fedd
ffa9
ff25
fefa
ff2a
ffd5
feec
ffed
ff45
ff9c
0008
ff1d
ff06
ff03
ff2f
0096
ff5d
ff0f
001c
ffe1
fede
ffa3
ff73
ffec
0016
ff55
000c
ff24
feb8
fffa
fed4
feb7
febd
ff83
ffd6
ff85
ff6c
0093
0075
0044
ffb0
0078
ff82
005d
ffcf
ffda
ff9e
0020
fecf
006a
ff17
ff38
ff4e
ff61
ff14
0056
0007
0079
febb
001b
fff1
ff83
002a
fec2
febc
fec0
0041
fefa
ffb9
003b
ffb4
fff8
fed7
ff18
005a
ffea
ff82
007d
0078
fef1
feae
ff4d
ffce
feb9
ffea
ffee
ff3b
fec2
0024
ff59
fefc
ff6c
007a
feb0
ffe8
007a
fec9
fec8
ff29
ffbe
ffcd
002a
ffcb
007b
fef2
0045
ff49
ffd7
fedb
0042
ff3c
ff64
feea
ff84
ffbe
0031
0071
0014
0075
ff96
ffb3
0080
ffae
ff81
ffe7
ff64
feb5
ff74
ff74
0066
ffad
ffb7
008f
0086
0037
007f
ff3a
0068
ffe6
001b
ff29
fff2
ff50
fffe
ff86
0083
ffda
ff39
ff04
ff54
ff41
ffba
0010
002b
fff4
007b
ff45
ffd0
fea6
fec0
ff49
0054
ff0e
004e
0059
ff86
00ec
fefd
ffef
fee5
003b
ff13
004b
ff22
ffa4
fedc
ff17
ff36
0024
ff3f
fecc
0073
ffb8
febe
ff90
0075
008b
fff7
ff3e
ffc7
ff90
fff3
ffa7
ff62
fed2
ff29
0093
ff55
ff2a
ffe1
ffa3
00a1
ff20
ff4a
004d
ff89
ffdc
0002
005a
0008
ffa8
ffd0
ffd7
002b
00a6
ff30
ff9a
0063
0020
fec2
ffa9
0084
004b
ff55
fed7
ff98
ff5e
0009
ffa7
fefa
ffad
fecc
ffb4
ff1a
ffe9
fff7
ffde
ff8b
ff9a
ffed
ff96
febb
fed8
ff0e
0079
ffa2
fede
ffed
ff3e
ffd9
ffb3
fff8
fed6
fed7
006d
fec3
ff71
000e
ffc5
febc
0051
fffe
ffa9
fff0
ffaf
ffaf
fef7
008b
fef9
008c
003f
fedd
ffc3
003e
009a
ffea
ff4f
0095
0016
fea6
ff67
ffde
fff9
0075
ff08
ff37
002f
febb
fed7
ff5e
ff1a
0063
ff0d
000c
fefe
ffe9
0035
ff5c
fec6
008e
ffda
ff82
ff6f
ffce
008d
0093
0025
ff56
0095
0053
ff22
ff15
fed8
ff8c
ff31
0049
ffa1
ff47
fee1
ffa3
fffd
ff33
005b
0025
0076
002c
ff65
ff47
ffac
ff5e
ff61
ffad
004c
feaa
feb7
ff9c
0012
fec6
007e
ff0a
0057
0072
ff65
ff4d
feae
feee
ff25
ff78
000b
ff99
ffd3
fea7
fffa
ffc0
febd
ff6a
ff19
fefd
ff32
004c
0047
0027
ff34
ff43
ff59
fff2
ff2c
fef5
002d
001e
ff73
0039
ff98
fed3
004b
ffe1
fef5
feb3
ff97
0043
ffda
febc
ff6c
0008
0078
006f
ff57
feea
ff61
ffca
ffcd
ff48
ffd9
0052
ffd1
fffb
0063
ffe0
00bd
0109
015b
0296
0090
0308
018b
0174
012f
0205
004a
fe27
ff0d
02b7
01e9
03b1
01a8
01be
0044
ff71
fc98
ff0f
0017
fe17
0042
012c
008d
02d0
0181
003c
009d
fe62
fc6c
fd06
fec2
ff27
ffcd
000b
ffcf
0069
00b0
ffa1
ffd8
fb7d
fdd9
fb76
ff38
fe57
0063
fd9d
feb8
fe38
ff0b
ff79
fc03
fca9
fdd4
feb2
fdb0
0029
0064
fd82
fdaa
fdf0
fe4a
fd22
fbfb
fb38
fe3e
ff8e
0053
feac
fde8
fe14
fc35
fd09
fe27
fe74
fcfd
fac6
fddd
fe3c
ff15
fe9f
fe54
fd02
fe5e
fd4a
fdf3
ff4f
fc26
f9cc
fb8a
fd5e
fbbe
fc64
fe5a
fe0d
fd93
fe05
fdf1
fe82
fdc3
fc4a
fe6d
fafe
fc69
fcf2
fdad
fdd8
fd5f
fe65
ff75
ffcb
ff9b
fe93
fcfa
fbd7
fd7d
ff77
0066
0064
ffc7
fe2e
fe4d
fde2
ffe5
0054
ff75
feb4
fe33
fe84
00c4
00fe
01b6
0031
fd53
fdd0
00bf
0030
002a
0181
0120
005a
00b3
ff74
ff57
0150
0143
0152
0135
00ba
0126
fffc
fcbc
fd77
ff46
ff34
0098
0145
024e
01d1
00de
fdc0
fc97
0072
fd29
ffc4
00b5
029c
034f
0095
01eb
ffde
00d6
ffe7
fd71
00d7
0169
0001
01f8
0147
01d6
012a
0006
00bf
01fb
0125
00eb
008e
00fe
feef
000b
0228
0182
0155
0123
0096
023b
0434
02e9
0221
027c
fefa
ff3f
03f9
0279
00aa
01d4
01f6
01fe
02c3
01f7
0205
fe62
ff66
fe9e
018a
00f4
013e
01e2
01cb
0200
00de
fefd
0218
0078
fe7e
0209
001e
0017
ffa0
017f
00d0
00de
003b
ff88
0015
fecb
ff09
02a9
0201
004c
ff1e
ff9a
00b5
00af
0049
ffc0
fed7
ffce
02ac
0317
0319
0161
fefb
002f
006c
01f2
01a3
0045
0012
fdeb
0018
02fb
0224
0005
0157
009f
00b8
01d9
0048
00d3
fe65
0147
02a4
0253
010f
00ec
0050
ffb7
009b
01b7
0130
ffed
009b
02a8
02fb
02ce
035d
02a7
0121
0142
01a9
011b
fed9
012a
02d0
00f1
0358
0183
fff0
fefa
fee4
017c
0096
ffcd
ff4d
ff7d
0174
02bf
018c
ff67
fe90
fde2
fe72
fe6e
ff61
ff62
ff95
0194
005d
009d
001b
fe5d
f9bf
fd39
fb55
fca0
fd95
fec6
fe8a
0091
00e4
ffff
ff99
fd3b
fa71
fc61
fb4b
fc3d
fd70
fd98
fe36
fdc5
0034
0189
ff1f
fe1d
fc77
fced
fd16
fdfc
fff2
fe3b
fe6d
ff4f
ffe7
010e
fea7
0275
0004
ff5c
fed3
0043
0113
ff3a
fe1e
ff3c
ffc1
01c1
ff7d
0308
0047
fee4
ffc6
03a4
0051
fdbe
ff3c
fcac
ffb9
0263
0064
01c9
ffaa
ff8f
017e
0005
0168
00ac
003c
fd3b
ffa7
0231
02e8
fff2
fd52
fd1b
fd77
fd35
fe91
fea6
feb7
feca
00cc
0111
00c9
ffae
fdf5
fd33
ff4a
ffde
ffea
00af
00ac
ffed
00b7
0195
0398
00f3
0200
01f5
0138
0043
00d6
01d0
00b4
00a3
ff98
004c
011a
01da
ff87
0103
fffa
ff2f
fe68
ffe0
ff08
02c6
0199
00ac
01a1
0160
0174
0023
ff96
fef7
fed1
fef5
fff1
016c
0136
0025
ff76
fe25
ff02
0007
febf
fe86
ff01
fe8d
fda3
012f
01cb
00af
ff62
ffc0
feec
00b9
ff6f
ffff
fe91
ffb3
fdc8
00bb
02d3
ffe7
01eb
020e
0030
013d
029d
00cc
ffdc
fe2e
febf
ff75
0186
00a2
0110
043b
032a
02ad
0169
00bd
ffc1
ff7a
fe5c
ff56
01a5
01e8
01d8
033d
02af
006e
00f0
009d
feea
ff5a
ff05
012b
009b
00f5
0289
00d8
0197
0120
ff1d
ffe6
ff09
0068
0120
0082
0090
009f
0010
0148
ff36
0006
fe71
0003
fee3
0041
fffa
ff8c
011b
0018
fea9
fedf
ffa4
003c
ffa9
006a
ff38
002c
0136
ff9a
febd
fded
fe28
fce5
ff4b
00df
027e
0198
01e9
019b
0182
0098
fc6a
0118
0283
ffae
ff9e
015e
0204
03a1
01df
0236
009e
fe5e
fcee
fd28
fef4
00b9
011a
0035
026e
00d9
00b3
ffd3
00a1
0062
01f8
ff82
005f
ff58
0188
015b
0189
ff9a
010f
0174
ff44
01c6
02da
ff18
0147
00ec
0162
0203
019b
0159
00be
0258
0155
003c
033b
0184
014b
013f
010c
0128
011f
01ed
029c
0355
02f9
016c
043c
0005
0107
008c
0040
012c
00a3
008e
01e8
0374
02be
02ee
0469
fed0
0141
0116
ffa3
0014
003b
022a
0118
0288
02cf
01ba
03db
fb7f
0034
010b
ff90
ffff
ff10
0153
0096
020e
00ab
0034
026c
fcee
fea8
fef7
0015
0111
0057
ff9a
ffb5
0024
00c9
00f4
0260
fc3c
ff63
fec5
0033
000f
ff8a
000d
00d6
00ac
0159
0114
02f1
fd40
fe99
ffaa
ff88
ffad
ffe3
0057
010d
01f0
0108
013c
0197
ff6e
ffc0
ff4f
ffb9
fe5a
fe9c
ff7b
007a
0240
01b4
0292
02c0
ff8b
fefb
ff05
0013
0157
0084
ffe8
0193
0160
030b
023e
030c
019b
003d
ff41
fd41
0181
059b
053e
030e
ffcf
00bd
fcab
018b
004f
ff7b
01fa
028d
03dd
051a
019f
01c8
01af
0080
fedd
ffee
01a4
0422
03f3
029e
032d
00b5
0133
010a
0315
013f
ff1c
ffbf
0225
0215
02ca
02a7
0232
00f4
fff2
ffc6
016b
0196
ffa2
00c7
01e3
0293
026f
0197
0293
01e0
0199
00f2
0087
0092
03b9
01b0
01f5
03a3
02cc
0330
03b0
01ce
0218
017a
019e
010f
02ca
0217
04aa
048d
01f2
017a
01aa
00da
00d7
006e
ffd1
ffc6
025d
ffef
0460
04ec
020a
0175
008d
006f
ff9c
00ea
fffa
ff7d
0109
00c8
030a
02c4
00c6
01dd
015d
0097
00d5
015e
ffec
fff2
0168
0107
012a
0349
01a1
0229
0116
ff14
fff4
006f
0002
0134
024a
00c9
fedd
00df
0188
03b4
00eb
0020
01b2
0292
012a
012c
02fa
0259
ff98
ff74
00b9
02a5
01ff
0238
03db
0502
023d
02b7
040b
03c5
feef
ff2b
fd69
fece
fefc
00e7
04b7
02f8
0393
046b
0227
ffce
0054
fb7a
fd96
fde7
0101
ff42
ff14
ff94
ff9a
027a
00a1
00a5
ff5c
fedb
ff5c
ff8e
ffd3
fce8
fddb
ff4e
009b
0193
fcfe
ff32
ffae
ffe2
0148
021e
0195
02fb
0285
016d
007e
0167
fe87
ffee
0358
012a
00e2
0132
0063
02b4
00e1
0279
006c
00a5
fdf1
ffe2
0334
01a0
009e
fff4
ff01
0124
010f
01aa
003b
00bd
00e0
ff6a
ffcd
0094
01c5
00c1
0062
00fa
0175
01eb
00f4
0129
ffa9
0049
fd6c
0069
01e7
0334
0118
004a
01d6
02fb
01d7
0169
fed7
fdc8
0115
0041
02c1
0280
004a
ffaa
016d
01ed
0340
0143
fddc
005b
ffa8
fe78
0016
0059
0039
0119
0210
0204
034f
0108
00e1
ff6b
008e
fe98
fdf5
fe57
ff51
004e
fd84
0052
00ea
ff75
ff06
ff5f
000f
0320
0288
01fa
0161
ff99
fd3d
fe5f
ffd4
011d
0161
02dc
fff0
0060
0146
00f7
00fb
002c
ffaf
ffa7
0032
013e
006a
0059
00ba
00a0
ff96
ffa2
0119
00ea
007a
00fc
0031
002a
ffde
00c3
0112
004e
ffae
ffd0
0062
ffd0
010d
0094
005b
0066
ffd0
ff76
0035
fff5
00ba
00be
00bd
009f
ffcb
008a
ffd8
ff46
ff65
fffb
0106
0124
00cf
0125
ff70
004f
00e5
0083
ffa5
007b
0101
00b0
ffee
ff77
ff7a
0040
0082
ffc6
0110
ff53
ffcc
ff5b
00c5
ffd8
ff18
ff47
010f
008a
0054
0139
0043
003b
ff88
00ec
00cb
0051
0063
ff44
010e
00d5
ffce
00ec
ff70
ffc8
ff88
003b
ffb2
014b
0023
0049
0037
00b5
ffcd
0111
0117
ff40
ffcd
ff5f
00f7
ff8a
00b5
0032
0060
ffd1
008b
0005
ffda
00c8
ff5b
ff85
ff93
00c9
0026
0063
ffed
0013
008c
ffee
001f
00d3
ffb7
0057
ffb2
00ce
ffc2
ff43
007e
ff6f
00d8
ffd4
00b9
ff51
ffe0
00a9
005d
feb0
00be
fefd
fdc0
fef0
ffc6
ff15
ffa0
ffc9
002a
ffa7
022d
01fc
0343
fd7f
fef0
fe85
febc
00ea
ff3d
fe46
fe90
00bc
ff74
0238
00b5
fe13
fdc2
ff3e
fee3
0050
ffe2
0033
01ab
0174
fe70
00ac
0076
ff70
0006
0175
01bc
01e2
0034
0226
0394
020c
feeb
0225
0095
0163
00f9
0266
0273
0257
0278
036b
02a0
02ab
00a3
01f3
012c
ff27
0143
026b
00c8
007a
02ba
023a
01f2
015e
0140
0306
0098
ff6e
ff99
0133
0143
014c
02f6
02f7
0277
ffee
006d
02d4
006c
0073
007e
024d
0227
0283
022e
0131
00c7
00f2
ffbe
012d
01a4
033c
016e
02cf
0323
03fa
02be
0239
0265
01b5
0028
01d4
fef1
03fb
0224
0109
02ac
02c7
02aa
017b
0224
01e7
ff2a
017a
fee4
01a7
0300
0288
02d8
02f2
0192
012d
028e
023e
ff97
0077
0154
02f9
00ed
0094
fe6b
fe84
ff61
fed0
ffd7
ffae
000b
ff79
0002
ffa0
0110
0102
00d6
00e3
00c8
0115
0100
00af
00ee
009f
00e7
0000
0045
0041
ff8a
011a
00e3
0097
007d
ff96
ff54
ff5c
0058
002c
ff6b
0079
ffe9
ff76
0010
0084
005a
ffda
ffe8
00a9
ff95
0074
00bd
00ab
0078
ffba
fff2
008b
ffba
005f
008b
ff52
001c
0024
00c8
0087
fff8
004b
ffba
ffa9
0012
0111
00a1
ffc6
0001
0050
008d
ff9e
0079
00ab
0067
00eb
ff92
ff5a
00b2
ff6d
008e
fff3
fffc
0080
ff5c
0098
0109
010d
ff74
0141
ffaf
0046
0044
0000
006e
0103
0047
012d
004b
ffef
ff5c
ffde
ffe0
0106
002e
0134
003d
ff7b
00aa
00ca
0059
ffda
0081
0028
00f5
fff4
ff44
0060
00e1
00e3
008b
013e
00cc
00e2
005a
0074
00a2
0027
00f2
0044
ff97
011e
00a4
ff74
0138
005c
008c
0092
000b
ff6e
0030
0060
0047
013c
ffb3
00f8
000c
00e2
ff4e
ff6a
0114
ff6c
000b
003a
0032
ffb6
00f4
012e
ff85
0102
ffe7
0089
0072
00cb
ff95
0044
ff93
ff88
ffda
013a
ffec
0107
ffff
0014
ffab
ff56
fff8
fff1
00f5
ffbf
012b
ff5f
0037
0067
0036
ff68
009d
ffb2
ffc5
0015
00e7
ff7c
ffc9
ffff
003c
013d
00af
ff73
003d
ff76
010b
004e
ffaf
ffeb
0105
ff4f
ffc2
0056
0072
ff73
ffcd
ffff
ffad
0003
ff98
006e
00ad
006b
00d1
ffc9
00b2
ff88
000f
00aa
0025
00e5
00e4
ff91
0092
ff59
ff51
ff7f
002b
00c0
ff5e
00a1
ff7c
006c
00ae
ff60
0058
0004
0006
0091
ffd4
00b4
007e
0017
012d
00e3
0073
0098
0083
0056
0106
0000
009b
0059
0026
0028
0108
0121
0137
ffc1
0063
ff52
0115
0047
00ed
000b
ffb0
00cb
001e
00dd
010f
013f
00a2
0029
0064
0093
ff59
004e
0111
00e6
0047
ff94
0105
005b
0072
00d6
0021
0096
ffa0
0138
013a
00c5
0018
013d
018c
0176
0078
00e8
01f6
0194
0245
02e5
047a
0411
ffed
0036
ffc3
0058
028b
012f
0126
0156
01d3
0224
0364
0415
0071
ff4e
ff4c
0101
02b0
0226
0149
01fe
0205
010d
012f
035f
ffb2
fda4
fda0
00d2
02bc
0192
01bf
021f
0104
001f
ff63
012c
fe3e
ff83
fffc
00b1
0156
0093
006b
001f
00fa
00fd
ff5c
ffc3
fe59
fef5
0117
010d
ffd9
00c5
00b3
ff2e
0086
0163
ff60
feaa
0139
0143
014e
0354
038c
0373
023e
0123
ff5b
0058
fe95
fff4
0039
00c6
ffc5
00f2
02e6
0347
0196
0139
0036
0173
00a0
009b
ffd4
ff6f
002c
0214
019f
01fb
0126
00f3
010f
00fc
0025
00bf
002b
ff2c
0078
00cb
00d0
019c
01c5
018c
0262
0119
fead
fec3
ffb9
0039
006d
013e
0147
0231
02eb
00ed
ffae
0000
feb1
fe9f
fff6
0273
00d7
0260
02ab
025d
01b4
007b
fcc6
fd51
fc08
fad5
ffd8
fea9
001f
00af
0044
034f
01f9
00d3
00ff
fe88
0015
0149
00b8
ffba
0178
023d
029d
0444
01e5
0354
0229
021e
013d
0023
ffda
fdae
0122
021f
00be
01a2
00c3
fe24
000e
0212
ff36
fd6a
ff40
fed4
00bf
ffa6
feae
fd6a
ff00
fead
ff1f
0114
fea1
ff08
fbf0
fd60
ff02
0103
fd8a
fc94
fd2b
fd85
ff33
fecc
fdb1
0077
fc9b
fd0c
ff28
fe1a
feae
fda1
fdee
fe0b
fe25
fecb
fc9a
ffce
ff87
fd0f
fc54
fb0b
fb74
fc63
fe99
fd1d
fcdb
fc78
fa3f
ff05
001c
003b
fe89
fc6c
fbf3
fc00
fcbe
fb9d
fc70
fcd4
fae1
fe0a
018d
0192
ffa2
fccd
fd0d
fad1
fbdb
fadd
fc7a
fb73
fb71
fecb
ff22
0011
00dd
fdf4
fdb3
fe3f
fc2d
fb4f
fc07
fc26
fadc
fd39
ffcb
008a
fffa
0148
ff9d
ff7e
fd4a
fc6c
fd5b
ff83
fe7d
feaa
003a
01b6
0345
0311
ffb5
ff1e
fdc3
fd5b
ff4a
0059
0013
010e
fffe
fee0
00c1
ff14
0069
007f
ff95
ffc6
000c
0161
0077
ffe6
01d8
ffc3
0032
000d
00c4
00c5
008f
0090
ff3e
ffaa
013e
0070
0282
003f
00ff
00e9
00af
0039
0088
ff66
ffed
fee2
0131
ff31
0191
fef4
0060
0040
fff8
ff98
ff94
ffd7
feea
ff66
00ff
ffb3
00ce
ff50
fe20
004b
0144
0067
ff23
fee6
00b4
ffbc
0128
ffe4
ffd3
01c6
008e
0097
0189
feb3
ff71
fe09
fdd7
ffaa
0197
00b8
00b2
02e4
0310
018a
01d2
fdf5
fcc1
fe05
fd43
009c
0125
fffb
00f0
01d9
01e7
00a9
ffae
fe6e
fd9f
fd09
010b
0178
0148
0067
0029
0181
019c
ff83
000a
ffbc
ff99
011d
0243
0160
002c
fed6
ff93
ffe0
ff96
0062
0125
011b
0289
0187
01c2
ff9a
00cb
fe9c
0118
fe6e
fded
ff03
0077
0166
013b
0236
00d2
ff5f
fe04
fd02
00ea
001e
ffb6
ff96
001d
016b
01ee
0325
000f
fdf7
fc80
fd7a
0128
0089
feec
fe3e
ffcd
0073
ff0d
0142
0268
00fc
fec2
0036
03f5
0254
ff9d
feeb
ff13
fe88
ff1d
ff53
fed2
0017
007c
ff37
0568
02b6
fe34
fee4
fec1
fcff
fe1b
fe9a
fcf7
ffa9
01e1
fee9
02e4
fb15
fbb6
fd93
fcf2
fcf2
fb6b
fbea
fba1
fc27
ff67
013d
002c
faf6
fc01
fe62
fce2
fb38
fa4c
fb93
fbbf
fad3
fc49
0202
00cb
ff5f
fe44
fe83
fe41
fd7d
fc08
fc91
fe0e
fc4b
fd65
02f9
01af
0149
fdcb
fc94
fde9
fd0f
fca2
fea5
fe41
feab
fe16
0091
02ec
ffc4
fd34
fde7
fdb0
fbef
fe9c
febe
fd8f
fdaa
fd6e
ffc2
021c
ffd9
fcba
fc2c
fc96
fef5
fdc2
fefe
fce7
fcc5
fdf0
ffdc
01b8
fe87
fc14
fc37
fc31
fedf
fdad
fe68
fd51
fe77
007f
00ef
040d
011a
ff87
006e
ff4a
ff0d
fcf5
fe96
fefb
feae
fdfb
00db
02ed
0076
0314
01c0
ff4d
ff2f
fbaf
fb92
fc44
fe96
01cf
0242
0106
005d
0125
ff87
0114
0186
015a
0121
fe65
fec7
0006
012a
022b
fe22
fbf0
faf1
fb74
fae6
fcf6
fcf3
fcb1
ff47
009f
feee
fec7
fd17
fa37
f8c4
fba5
fb1d
f8cb
f929
fb66
fccd
0096
ffef
fe50
fef1
fc02
fa53
fbd9
fc75
fbaa
fa70
fa99
fc12
fed0
fc84
fe20
ff3a
fd4c
fdc3
fd51
fd3a
fcb9
fbd0
fd20
fcbd
fc26
fb90
fd5b
fde2
019c
021b
00e2
ffc4
ff3a
ff6c
fe0c
fe43
fed7
fb64
fe7a
004f
0081
015d
017d
01c7
0171
fee4
fe41
fdeb
fe80
fc79
000a
ffe8
01a1
01f0
00e9
00fc
02c5
fee7
ff75
fdbc
fe13
fda8
0108
0124
016d
016c
0227
0195
020c
01aa
00d1
fefd
fe49
fe65
0225
022c
026d
ff2a
019b
019f
0123
0078
00ff
ffa6
fee2
fb6b
02d1
0285
0277
01da
0253
019f
0002
0078
00e1
fd14
fdb5
fd85
031a
011d
009b
00f5
011e
0242
0268
0284
0002
fd77
fe76
fad8
099f
0321
ffdd
0138
00a0
01d5
ffc1
fcef
fda8
fe93
01bf
0179
02e7
fecc
fed8
fdb2
fddf
ff5d
fee2
fc9a
fe04
fe2f
fea3
ff60
ff47
fea8
ffd4
fec5
fe5c
fdfa
0095
fe67
fff5
ff82
ff6e
01c2
01b2
02b5
0066
ff7f
fdac
fde8
fdf1
ff13
017a
0044
ff96
00b8
01f2
01f1
ff84
feb0
fd70
fe18
fd38
fdc9
fedd
ff15
007f
fff1
0029
000f
ff72
fe32
fe0e
ff1c
ff5b
ff01
ff13
ffcd
000d
fe0a
00a6
00cf
ff7f
0069
ffea
ff72
0097
ff7c
00d5
0084
ff37
0030
012e
fef2
fe66
fe08
fec6
ff90
ff24
00dd
ff85
00ce
ffb1
ff69
fedb
fe7f
ffb8
0053
002f
ff0c
fe5c
0069
0065
0154
ffbb
fc83
ff4b
fe6d
fb1c
fd82
012b
ffff
0094
ffe8
00a7
0139
0013
fcb0
fdae
fe4c
fdc4
fcfc
fe94
fe8a
feea
fdff
fc8c
fe84
fe7e
feac
fe31
fe25
ff43
fef1
fe9f
fe45
ff1a
ff45
fe58
000d
003f
ff94
00fb
008a
00f8
ff62
00b5
00ae
fec0
fed2
feba
feac
fe88
ffd0
fe76
fe3c
0111
023e
01c4
0124
0087
ff33
fef4
005e
fdda
03c7
022e
fdf2
ff81
0130
010a
0240
0291
0221
0178
01e6
027f
0232
027c
0241
016b
ffac
fdf0
fffc
0183
0210
0070
013d
01c1
019d
fe29
014e
ffd9
feb3
fcb3
fdb6
006f
00d6
01a2
01fe
013e
00da
0122
ff3b
fe50
fe2b
fc27
fd31
ff32
006a
ff54
027e
0288
0211
0094
fbaf
ff03
0252
00ac
fefa
fee7
0093
0000
002c
01b3
0207
006b
fd84
008f
0200
023f
ffe6
ff9f
01ab
0086
ffbf
0117
0126
00c7
fbd4
00e8
0406
ffae
ffc2
00b8
00d8
01c3
0138
0133
0029
024f
fd2b
0146
0014
ff94
ffe2
fed2
0059
0211
00d1
0169
0169
010e
fd85
00c7
ffd3
ffd3
ffa7
02df
0005
0168
00b7
ff4d
ff99
ff02
feaf
ff65
00db
ff2f
00ed
01ad
02ef
012f
fef8
fe0e
ff1f
feba
0173
0556
0472
03d8
0363
045d
020e
ff32
fd83
0017
008a
fd45
0385
0586
075b
0835
0833
0626
0566
04b0
fdcb
0011
00ee
fec8
0342
061f
0852
0812
0606
0800
0614
054c
01bf
0186
0176
0095
0312
05ef
0509
0596
047f
05b7
04f6
04d6
031b
02ce
0531
0086
0041
0337
044e
041d
03cd
0439
0535
0400
0261
0239
0194
032c
fd29
fe0c
01ba
0376
05d1
053e
0671
04c7
0213
01c2
021f
00dd
fd00
ff04
014c
03fd
03d7
045b
04a4
0364
021e
0282
01e0
01c8
fc8e
ffa9
031a
00fb
0290
0291
0252
02da
0145
0012
fef6
0217
fc8d
ffa1
0269
00b5
0064
0219
0314
0028
0061
fe56
0130
fffb
fdea
feb3
00e9
0173
ffe8
0082
013d
ff88
feca
0051
0160
0182
fca5
012b
0179
ffee
00bf
015e
02d5
0123
ff81
0043
0065
fe62
ff18
ffa0
ff6a
011e
0214
0360
0076
016d
0090
ff1b
fe81
01f2
02e6
01d4
00bd
fefa
0341
0062
ff66
fed1
0216
0276
ff9f
00f4
031f
0104
0075
00eb
ffe7
00d6
00b8
004d
030a
03da
01ce
00d4
0207
003c
00c9
ff55
ffc3
ff0c
01e0
012e
01ae
030c
0465
0217
0059
ff03
fec0
fc16
fdab
fcb2
ff3a
ffb6
ff26
00b1
016b
0150
ff3d
fc93
fd66
fc08
fae3
fc26
fd56
fe9b
fee1
0015
01bf
011f
fe1f
ffc3
ff21
fd5c
fc9d
fcdc
fc7d
fc5c
fd3d
0013
ff8f
00dd
0221
ffea
015e
0149
fe7f
fdfe
fd47
fbbb
fdc8
fe8b
fdef
fdaa
01ef
0321
0337
0296
0098
0086
fe29
fdbb
fd93
fdae
fdf2
fc58
008a
0111
036b
020c
0221
013e
00cf
fef0
fe00
fe4a
ff22
fd06
00f8
fffa
ff7e
00eb
0107
ffb9
0046
ff4e
fdf5
fe32
fed7
fdc8
00b1
ffb0
fe8d
ff1d
0183
ff8d
ff47
fe16
fd32
fdee
ffb3
0091
00a1
0021
ff9b
ff9f
000b
fe30
fdc8
00b9
fee0
fdb5
ffa1
ffe0
fd14
fd63
0061
fff1
ff26
fe5a
fde1
fd57
fff8
00b4
fe5e
0037
fe8e
ff86
0168
ffcf
0012
ff90
ffa1
fd1d
fd6d
fdfb
fe09
0021
fbbf
0000
014d
00ef
0044
00ec
ffa9
ff05
fd39
fd60
ff39
ff37
feca
00f7
0185
0101
01ad
00c2
010d
fffd
fe9f
fea8
ff00
fe42
0026
0067
02af
02df
0166
0167
01d7
00f9
ffea
005c
fed4
fe5d
fd79
ff02
0099
0288
029b
0265
0379
0209
00d2
01a7
0069
ff9d
fad4
fd2c
018c
0123
0196
01f3
0244
0296
0180
02bf
0176
002a
fac9
fc5e
ff2d
0197
0259
021c
0213
02f6
0151
0051
0070
0147
fd6e
fcc3
fd79
fe11
01d9
0300
025d
0152
0051
0137
0105
00e9
fec4
fd15
fe0c
fef7
fffb
00ec
00ff
00db
ff59
ffa2
007b
ffd4
ff3f
fe2a
fd28
fec1
ff29
ffbc
ffab
ffcc
012e
0001
00aa
00f3
fded
fd3f
ff2f
ff15
ff82
ff51
ff7e
ff5d
ff99
fefe
00dc
0023
ff76
0065
005f
ff5d
0177
ffb6
ff8d
ff38
fd34
fee9
ff3f
ffb1
03b5
0202
0067
006b
0237
fe80
fa43
fc36
fbc7
fe08
ff5b
ff04
0380
02f9
033a
016e
02c4
ff67
f9e2
fa8f
fc8e
fcd0
ff91
ff1f
0310
0295
029c
028d
0376
0164
fffe
fbc7
fc77
fd73
ffa0
ff80
013c
01fe
0233
0286
053d
03dd
0303
0057
feff
fe3c
01b6
023d
01d4
002e
0203
02f9
04e4
0462
044c
0278
0033
0098
00b3
0234
ff50
ff97
0174
04cc
0561
01ef
01d0
0284
ff7f
ff2c
0063
0042
fdae
fd24
0077
02bb
01ad
0131
0061
0287
0041
fe8e
fe53
ff81
fdd2
fec5
ff06
ff22
ff4f
fff5
00ab
00aa
007d
fe41
ff3a
fffd
febb
ff30
ff3e
0049
fe0c
ffdb
01d7
fff5
ffca
0188
fe6d
ff9c
fe4e
00be
feb8
fd49
fcc1
fc9b
fe7e
fe89
fed9
0101
0088
0087
fe37
fd2b
feaf
ff2e
fe34
fdfc
fda8
fe39
00cd
002a
001b
ff6f
ffb3
ffd2
fe33
fe6e
fd44
fff0
01d0
020c
0115
019c
000a
fe2f
0064
003d
ff77
ff75
fc3c
ff78
0225
00ee
fe11
fe86
fe46
01a8
fee8
00d4
fe63
ff2b
fc9a
ff12
ff56
ff5e
fec1
fb88
fe61
01ec
febd
fecc
ff06
fe02
ff47
fc3f
fe6e
fcbb
fd72
ff2b
0005
ff35
fbb6
fe3d
fdc3
fd24
ffb8
ff42
ff6c
007a
ffbe
0030
00b3
fe4e
fbb7
fe63
fbfa
fd24
ff48
ff77
ff08
0059
ff98
0159
018e
00be
ff9a
fe6c
fc6c
fe46
ff5b
fe50
fdf7
ff23
ff6b
018f
0364
01e4
002f
013e
ff25
fd0c
fe07
fed0
fd67
007f
ff17
010b
010b
029b
fe78
ff80
0057
ff90
ffc7
ffcc
000d
ff28
0097
01a0
ff96
01f1
fc7a
ff56
ff39
00a2
ff92
0074
ff05
ffbb
ff64
021e
ff87
01ed
fdb4
001c
ff9a
ff76
ff4c
0074
ff70
fecb
fe03
fedd
ffcd
fe30
fe13
ff6f
ffd5
0152
0040
01d6
01a0
ffaa
ff88
ff71
ff78
ffc5
0121
0046
00d4
ff9c
0029
00e5
ff96
004d
ff41
ffc4
ff00
fffa
013a
0002
00ef
ffa2
0071
ffd8
ff93
00a1
0064
00de
fecf
000f
ffa7
0026
00e4
00dc
0062
ff38
003b
00d4
ff59
0089
ff82
fecd
ffb0
ff29
ffa6
00f5
0094
ff5f
002d
0059
ff61
002c
ffaf
ff2a
ff7f
0035
014f
ff37
fffa
fef0
ff8b
003d
004c
ff7d
ff3e
fe98
ff07
ff42
0054
008b
0050
fef5
fef0
ffc6
fff8
feaa
ff3b
ff9d
0189
0086
0140
0028
0090
fe8d
0087
ff53
0011
ff31
ff3e
ffa1
ffc7
00a9
0084
0027
ffe4
0054
ff5c
ffec
ff4c
ffa6
fe99
0013
007b
ff5c
00df
fe82
fff2
ffe2
ffd9
ffd5
fea7
004f
0166
ff0d
ffb6
ff4a
ff49
ffa5
ff86
ffb2
ffff
ffc8
ff40
0142
ffdc
ff54
0021
ffb1
00df
0031
ff83
ff88
ff07
ff03
0034
ffff
ff8f
0002
ff8b
0080
ff0d
fe80
ff2d
0046
0084
000c
ff1f
fea7
fef6
0038
ff7c
0088
ff12
01c3
0061
ffa9
fe6d
0133
ffc7
02d9
0205
01be
fece
fcfc
fc7f
fcb5
ff9e
fd32
fafe
fcd7
fe78
002c
0086
01f8
fe5f
fe5c
fe8a
fe32
ffa4
fdce
0000
fe3d
ff45
fdf3
0136
0109
0059
01a2
005b
ff4b
000b
00d2
02f4
0062
ffc9
fe61
ffcd
001a
02a8
025e
020d
0127
00f0
01f0
0237
00a9
007e
ff28
feb8
ff24
0031
0062
0250
0182
01a1
0159
0273
00cc
0003
ffd4
00ba
fe19
fe6f
00c9
012a
00c8
0107
01aa
0154
0075
ffe4
ffcb
0176
0082
fffd
ff14
00f3
00e3
01d7
0028
fff9
0050
00a6
0161
0225
0142
007b
032d
0232
01e0
0271
0151
01f5
018e
0101
00c3
00a7
0100
fe2c
02a2
01fc
02ff
01f3
01c4
0122
01b5
0142
0090
009b
0118
0077
0037
015e
03b0
02e4
021c
01e2
ffbf
0071
ffc8
0020
0046
00a9
022b
0135
01b0
017d
0078
fee7
fed6
ff31
fde6
000b
0148
00bd
ffe7
0074
0023
0066
ffae
ff50
ffd9
ff14
00a5
0067
00bf
0038
ff7b
ff69
ff95
ffce
ff74
00d6
005f
ff85
00c0
ff33
ffe3
fff5
ff1e
0076
00b0
ffe3
0023
ff27
00d1
ff25
ff13
ff97
fff4
ff5e
ff28
ffb2
ffc3
ff9f
fff2
ff5e
ff18
ff6e
ff1e
003b
ff84
00d6
ff29
ff55
ff8d
00dc
007d
00d2
ffdf
ff4e
002e
0017
fff0
ff68
ff77
00a1
008c
ffe1
ffba
fffc
00f6
00c4
00d1
00d3
0082
ffcf
0052
ff4a
ffbe
0037
ff2e
005b
ffeb
ffa3
ffe3
ff81
00d1
001f
fff2
0082
ffd2
ffa7
ff8a
00be
00e0
ffdc
0047
0023
0050
005d
005b
00e0
00af
00c6
ffbc
0075
0021
005d
00c5
0094
ff96
00c6
ff0a
ff2a
fffc
ff37
ff77
0000
00d7
ff08
ff6a
fff2
ff75
00d6
001e
ff1f
ffce
000a
00a0
0081
ff96
00b8
ff7a
fff6
00d1
0091
ff0e
0094
0074
00af
00bc
00df
00ec
0000
0007
0089
ff54
ff6f
00f0
ff87
ff72
000d
ffb6
004c
ff28
0029
ff1d
012c
0042
ffba
ffc2
ff86
001c
00e9
fffc
ff92
ff39
0011
003f
fff3
00b1
ff79
0075
0009
002b
ffe5
0099
ff45
fff1
ff35
0079
0041
ff91
00c4
00ea
ff5d
00cb
00ca
ff62
0016
00f6
008f
00a0
ff6e
ff2e
ff7b
ff33
006e
007c
000c
ffa2
ff4a
ff2d
001c
ff7e
ffcb
00bc
ff76
0070
ff27
005d
ff3b
ff30
ffa6
00a6
0007
ff14
ff5f
ff17
0015
ff0d
ff6b
fffa
005a
ffb7
0099
0061
fff0
003b
0012
00ea
ff7e
0026
004f
ff2c
00f2
008c
ff37
ff91
00e7
fffb
ff11
00f9
ff61
005e
ff13
0008
00ab
007f
00a8
007e
002a
ff8a
ffc6
00ba
00c3
00cd
00f4
ff5c
ff7a
ffa5
0077
ffd1
ffc7
0041
ff17
ffce
005a
0069
00e8
ff4e
fffe
0078
ff49
fff5
fffd
ff31
00f8
ffb0
0069
ff1d
00b6
0069
ffcf
007c
00f2
00c9
ff12
001e
007f
ffe2
ff0c
ffb4
ff2c
fff2
0145
0007
fff9
0088
fff5
0062
006e
00c4
fe6f
ff13
01f2
0152
01ae
024e
01e5
00b3
00d4
0064
0100
ff77
fcb2
fd85
ffa2
0141
0156
01e3
0203
0224
0150
02ea
0198
015e
f9df
f8f1
f981
fbc1
fe26
ff55
00ca
031c
032c
017a
01d9
ffa4
fb1c
f9f5
f77e
fa2a
f950
fbb1
fd50
ff00
008a
00a5
010b
ff47
fbe5
fb13
f89a
f8fa
fa8d
f996
fac5
fb92
fded
fedc
ff53
ffd7
000a
fe54
fe14
fb46
fc3d
fc77
fda7
fc69
fe00
ff40
fdcf
ffdb
01ad
0076
011c
fefc
fe1f
ff27
fd53
fcad
fd14
fd6e
fe71
feb0
0068
0145
02a2
0130
feff
fd18
faf7
fd3f
fec7
fed1
0053
fec7
00bf
ff8b
fe93
ff27
fd8f
febb
fcc4
fe75
ffa1
0012
fe73
fe00
0001
ffd8
ff9b
ffbe
ff3a
ff4a
fee2
fff3
ffbf
fed6
feba
00db
ff52
ffeb
ff57
fe98
ff82
fea9
fd9b
fcfe
ff5b
ff9b
00f1
00f3
fda7
01de
fd34
ff1b
006d
ff45
fe44
fd23
fdb5
0019
ffa9
02ce
fc9e
004c
fe1e
fed5
fd55
fe82
fec8
fd86
fee8
fe4e
fe5b
0170
0008
ff17
fcd7
ff07
fec8
0037
ff72
00e4
0360
0116
020e
0200
027d
0058
fdd4
fe68
fe64
ffbf
0275
0259
009b
03c2
0436
00e3
0368
0189
fbf3
ff23
fc57
fe8f
fff9
012e
01a7
02a7
02b2
0053
03b7
013a
fe66
fe44
feda
fe5d
fea9
fe5c
ff5e
fe01
ffe5
02b7
ff37
004a
00dc
ff4c
0053
ff16
0084
ff0b
fe43
ff4f
ff99
00d5
fe1b
018c
007d
01af
014d
00fd
00c2
0094
ff62
fe2a
ff77
ffab
feb3
00de
02d0
01ea
0029
00a9
00e1
013a
ffa9
00dc
fff8
0056
0022
0208
02b5
01aa
ff39
ff8c
00d5
fffc
fe5f
ff75
0017
ff19
00b6
021b
036e
024d
00fa
fec1
0038
ff41
fff4
003a
0078
01e1
fea1
0153
0258
027f
01a9
01e3
020c
012e
0156
0055
01c0
016a
febc
fee0
fea7
fedb
fe90
ff94
0033
ffd2
002b
ff84
ff12
ff5a
fece
ff18
ffd3
fe5a
fe44
ff2e
ff8d
fffd
ff9a
ffff
ffaf
006e
fe91
ff91
ff10
fde4
fe74
fe40
ffd8
ff3d
005e
0086
ff5b
ff5c
fd60
fc18
fe0d
fda2
fcf7
ff6a
006f
ff69
ffb3
0144
008c
019b
fb9e
fbe5
fd0c
fe78
fed6
ffdc
ff60
00f5
00bf
02cc
0286
0213
fe41
fd66
fefe
fff7
fff9
0034
ff2a
febb
0030
0196
0270
0255
0043
0185
010a
019a
01ff
0022
fe66
fe5c
fdfd
ff3a
001c
00c8
00f8
0202
fff2
0088
00e2
fe62
fdff
ff35
ff39
0204
0053
0162
01fe
02a1
042f
0074
ff99
fe77
ffb9
ff95
0000
00c2
002a
ff6b
ff7e
0139
ffcd
fdea
0062
ff05
ff44
ffd5
002a
00f2
ff8a
fed0
0080
fd01
fd00
ff3e
00a7
ff94
ff18
feda
ff14
0051
ff6c
ffa9
ff5a
fff7
ffaf
0040
ff4f
ffcc
ffa3
ff7e
ff14
012b
ff5b
ff6d
002f
fe99
ff2c
fe83
ff97
0001
00fe
0083
fde9
fdb2
01c9
0086
00e7
fe50
fe1d
ff46
fd33
fdf2
ff9d
0072
00a1
fd88
fd20
ff9e
00c9
fe49
fd65
ff97
fecb
febe
ff57
001b
fecf
ffc3
ffab
ff1c
fe14
00b5
fe24
0093
00ec
0167
0136
00f9
0025
0173
009e
fef3
fd62
0002
fb30
ff0c
012f
01ec
ff90
ffd0
001e
0197
0072
fff5
00f4
ffdd
fae7
fc6a
fe00
fd6c
fff6
00d2
000d
0114
fedd
0028
0207
fe96
ff2f
fda7
fcd2
fd7c
0070
0044
0187
010d
00c6
00fe
0145
fe03
00b2
0081
fc2b
fe2c
01e6
fef7
ff57
0038
0110
012d
008e
ffa9
ff74
fd0e
fe4a
ffea
00fa
fedb
00b6
0159
0010
00c0
00cf
00a6
fef9
fe8f
fd68
0016
0109
ff03
009d
01a6
00cb
00f5
015f
0039
0046
00c0
fd55
feb2
0184
0073
0330
0208
01b8
0029
0037
fdb4
00c1
0172
00a9
fe9e
01bf
0317
0232
0344
03a4
ff76
ffbb
ffb1
fff3
0119
034f
02b2
01a5
02e6
02e2
0105
0164
0012
ff9d
fc23
faec
faba
fc5a
fdd3
0147
01a3
0128
0335
014a
ff39
f843
f87d
f6cd
f99f
f693
fbce
fd44
fea3
fec7
fe15
ffbf
0112
f8b8
f76b
f694
f417
f6ba
f7e1
f8dc
f9ef
fbe1
fdea
00b4
01b0
fba2
f924
f731
f68d
f6eb
f7ad
f8b2
f8bf
fc03
ffbe
018e
00f2
ff95
fd0b
fc40
f9d9
f9c1
f999
fa55
f761
fd4b
fe9a
00d9
ffca
036c
ffb1
ff8f
ff16
fd57
fd98
fd51
fcca
fc32
fee7
fe95
004c
0241
0151
ffb1
015e
ff04
00ef
ff6b
fe4c
fdaa
fee9
fe59
feb0
0162
01c1
0188
0162
ff2a
0047
ff12
ff04
ff94
fff0
febd
fe6f
00c0
01cf
010a
005b
016b
ffef
ff2a
ffbb
002a
ff78
00a7
fd9b
fef5
008a
01af
0096
02d6
0150
0217
01c2
014c
0178
016c
fd08
fe7c
ffb2
ff4d
0156
ffba
ff50
0011
0127
0169
01d5
01ba
011c
03ca
fdd6
ff94
ffd9
0031
fcd3
fd1e
fd8a
ff86
005b
018f
0304
03e3
fe9d
fec0
fe14
fe3a
fbc4
fe3e
fe64
fde4
fec4
ff80
0257
0341
ffb7
fff6
fcfb
fcd9
fbf1
feac
fe0c
ffb4
0193
0255
02ba
01d0
ffb6
fdb1
fc21
f9e7
fd43
fcb1
fee7
0115
0245
00c0
0047
ff48
fd1e
fbb2
fcba
fc2b
fd48
fea5
0216
027a
0231
0400
0242
fe5c
0072
fffa
fe43
fd63
ff12
0154
01b6
04d8
04c1
03fa
0132
fad8
00e3
ff4b
fefe
ff05
fe5f
fda6
017e
0153
026b
05ab
fff6
fc05
fd69
0072
0009
ffc9
ff24
fe6c
fc38
fd4b
0117
00d9
ffd2
fad7
ffe4
00c1
ffa8
00a2
0021
ff96
fd01
ff59
020a
0175
ff61
fe39
ffd5
01e5
01cb
00c8
007f
01c7
ffa4
00e1
0263
012f
03a4
00a0
ff39
ffb8
010f
01c1
001b
0151
01b4
ff84
fffd
0011
fdad
035b
0217
01bd
021b
0156
019e
0222
01ae
008e
ffa6
fe57
fdef
ff13
fecf
fe19
0105
ff5e
fd68
fccf
fec1
fcd1
fd4a
fe86
00ed
00aa
003a
00fd
028b
02ff
0028
ff39
ffe5
ff83
020c
ffc0
ffad
fe17
fef1
032b
03ee
00ce
0043
0181
039a
024c
0432
0388
fe14
ffc3
ff4a
ffad
0158
013f
020a
023c
055e
051b
0429
016e
fcb2
ff95
fdf7
fe02
fec5
fff5
0388
036d
059b
057d
048c
02dc
ff97
fbfa
00e4
00b9
feb3
0097
ff97
02b3
07f0
0393
042a
02ca
fd24
f96f
004b
018f
fff6
021e
0137
0337
04ac
0298
03bc
0254
fe47
faa6
fc4f
010f
01ae
01f9
00e8
040e
02db
033b
0279
001f
fca0
faf9
fe44
ffd4
0171
023f
0261
0158
0255
02ac
0285
00fb
fd72
fa8a
fddf
003c
005f
ff49
0048
002b
0252
0382
015e
fdf3
fc22
fdd7
fe16
ff7f
005b
014a
015c
01d5
027a
ffe2
fe02
fe1a
ffdc
ff6c
fd84
0009
007f
0094
010c
01c3
0175
0075
00c0
0094
ff8f
fd9d
0321
0317
0041
ffba
029b
007c
ffc3
ff97
0055
ff13
fff9
fe72
018c
00db
0196
fff1
031f
029d
02d7
038c
02d6
008b
ff93
fea6
feda
0006
0222
027f
00ee
01d5
0467
03be
0380
015f
0245
ff90
ff73
019d
02d7
07fa
0237
020a
014b
0444
022e
ff49
0293
ffa9
ffa9
0039
04b4
0643
0302
028b
ffdf
01d5
fed3
fe77
ffd1
0238
fea0
fcf3
01e3
0264
02e6
0301
00ca
0142
ffb8
fee7
0183
027c
00f6
fbeb
fda4
ff23
0120
ff8d
fdd8
fec3
0063
febd
02bb
03f0
00bd
ffcd
fdf5
ff2a
0226
feb5
fd53
fecc
ff30
00a0
01e4
0336
0386
0121
fe30
fd77
0000
0030
fe5c
fd8d
ff29
00da
00e2
03e5
01a2
ff50
016e
fe55
00f3
fed5
fcc3
fb92
ffc8
00b3
0293
01cb
00c0
0017
026a
024b
0218
010c
00b4
ff9b
ff22
0184
005d
0295
01b4
fccd
0094
02c2
0242
01e7
0286
00e6
ffa0
0151
04c8
0272
0093
fb8a
fe19
00b8
01b1
0063
0059
010a
0172
0095
fe76
002a
fced
fbb7
fc0e
ff1e
feeb
005f
0333
02b3
031a
ff24
fe4d
005a
fd93
fcf0
fe83
ff9f
ffa6
fed5
0008
02a7
0258
00f6
00a9
0077
fee1
fe7f
0125
00c5
ff5a
fd75
fd6b
0202
037f
02af
018c
02f9
fea7
fd0a
fde6
fe7a
fe81
fd9e
ffdc
00d0
02a0
01c0
033a
0254
ffbe
fe0c
fddb
00b6
ff29
fe17
ff81
005e
021d
0255
02f2
02a8
01a0
ffdb
ff25
01a0
feaa
011b
ff00
ff97
0081
02c7
026c
0479
0184
00e1
ff08
fff2
ff92
017c
00f6
ff34
006f
0162
00c0
02d2
012d
0095
fec6
01bb
018a
036d
004a
fff6
01dd
0075
ffbf
0293
0139
fffa
0141
0204
0284
00fb
ffdd
00bd
01e2
012e
0079
02c1
ffd2
fec7
feb7
ff8c
00b8
03ae
02fc
01e0
030d
00d8
018e
023f
004f
001d
0197
fdcd
fc6b
feda
ff8b
ff31
0121
ff92
0081
0212
fec5
0117
0189
fff4
0199
0001
0230
fff1
ff55
0025
fff0
021b
ffd4
035d
0265
0055
0237
0098
00f8
ffde
fced
fea0
ff10
ff2c
01ea
028e
01e7
020f
02a5
0173
01ab
005d
ff93
fd09
ff92
fffd
02ec
ff84
01db
01fc
039c
02f6
0298
0258
ff8a
fd2c
fb5f
fc11
00a3
0049
027b
024e
01c9
0232
023c
02d2
0087
fdd5
fb28
fbf5
00ee
0030
020c
01a4
020a
01fa
0397
01a2
fecd
fe87
fad1
fbda
00e9
015c
00a1
0153
01ad
0363
0278
0098
fd7e
fd63
fbb3
fae3
000d
0091
0305
02f3
028d
01fc
00b9
002d
fd9c
fca8
fa84
faa9
fffd
008c
fff9
00ce
0286
fff8
0094
ffe2
fe3d
fc92
fc41
fe18
ff50
0233
00f2
fe26
ff94
008e
00e9
012e
ff1c
fbd5
fb9d
fe7c
ff36
fe71
0118
fee0
fef3
002c
00b1
ff8e
fe6b
fc2a
fd11
fe9c
fe2c
ff1b
ff07
fd7b
fe8f
fe18
fe73
fe44
fda3
fd0d
fd8f
fd45
024e
03b3
0280
030e
ffbd
ff12
ff5f
00db
ffcf
009e
012d
013a
027d
03a9
0401
038f
006e
00c9
009a
01eb
0311
016a
003b
0077
ffa7
ff0c
0009
ff82
fdc7
ff71
025c
0233
0319
ffd2
ffa0
0071
fe5e
fcba
fe1f
fee3
fe75
fe3b
0035
00d7
01b3
017d
0091
ff70
ff4f
ff55
002a
fe09
ffe7
ffca
006d
ffb5
01d7
01b1
0143
0020
fe60
fea3
fe8b
fce1
fed5
0018
0179
0108
015f
03c0
0105
ffc2
fd85
fe65
fe3b
fd24
fe7c
ff6d
ffdb
0161
0139
034d
018c
0122
fe52
fe2c
fe1e
fd70
fcf0
ff2e
fe85
fdfa
ff05
00c4
ff26
00de
ff11
fd02
fcc6
fd79
fcbe
fedd
fd6e
fe0e
fedc
fefb
fd70
ffe1
01ec
025b
ff05
0045
fdfb
fdd1
fee3
fe29
fe53
fe92
fea6
ff5c
0252
02e0
002f
004e
ff86
fd7e
fe8a
ff94
0077
015f
ffb5
01c9
00aa
006c
ff5a
ff72
fdc8
fcca
fee9
008e
006b
ff56
fce0
fcfe
008e
00e0
0125
00ed
feea
fbf6
fd25
ffae
fcfd
ffd7
fdeb
00da
ff7e
0447
00c3
fd3f
ff95
ff40
ff80
feed
001f
fd96
fc05
fce1
002e
008a
ff02
0071
fffd
fe75
ffd7
00bd
0191
027c
fd13
fcf8
ff8e
ffd7
0049
ffb0
00e1
fd8f
0004
0097
0267
014d
ff56
fbce
fda3
011b
00ed
02b5
01c1
ff0a
ff91
fe29
ffbf
0085
feab
fb23
fda4
fe60
016a
022c
04b6
ff6a
0128
ffde
ff67
019d
fece
fb7e
fc22
fee3
024d
0530
0242
0245
021b
ff0a
ff5b
00a5
ff91
fa38
ff04
ffd0
01a2
04d0
034d
022d
0120
fe70
fe60
ff4b
0144
fb82
fd6e
ffcf
01a4
01f0
0213
035b
ffa6
fdd7
fcd4
fee0
fecd
0084
ff50
0176
01d3
01e2
02ac
0299
ffa3
fe03
fcbe
fd78
fbd7
fe8c
ff5c
0109
02b8
039b
044b
ffe3
ff16
fe80
fcca
fd83
fabf
ff7d
ff6d
00c4
fed2
001f
ff39
ff65
fe75
fd3c
feea
fed3
fed2
ff0b
ff5a
00d3
ffd7
0125
00db
0086
012e
ff65
002b
0029
00b1
ff62
0080
010c
00cc
0088
004b
ffa0
00db
ff73
0122
00b5
ff81
00ab
ff9d
0068
0119
ffc5
ff66
ffee
00a1
0117
007f
003c
009f
0120
00c0
ff87
00c2
ff83
00f9
0135
ffd6
009b
005d
0002
ffb6
ff8b
00b8
0093
0098
00ee
0078
ff9c
0080
00ab
0073
0059
ff7e
0043
0014
0031
ff7d
ffee
00ce
00a0
ff11
ffd9
fffd
00a9
00b1
0008
00cb
012c
0082
0158
005a
ff71
006b
ffe4
0036
0050
ff37
012c
ff8a
0099
0066
ffb2
009d
ff0a
ffa8
006e
ff27
0018
ffa9
004c
feee
0006
0105
0081
006c
0018
007a
ff5f
ffd0
ffa5
fffe
0037
ffad
0079
ffc5
ff70
0088
fff9
ffb8
ffdf
00b7
003d
ff75
002c
00ed
ff6e
00f7
ff85
003d
009c
ff92
ff5c
0090
ff17
0036
ff34
00b1
0059
ff9b
0047
ff41
000d
00dd
0018
ff55
0046
0017
ffa5
ff75
01e6
0220
018d
ff9a
fdd4
fe1d
fef2
fed0
018c
ff85
fdb0
fde7
0226
0283
027b
fef8
fe87
ff8a
fe05
fc62
fe3f
013f
fee2
02e2
05a0
045a
0371
01f0
fd8e
014e
ff3b
fbaf
fdb3
fd75
fe18
00ad
052f
054f
0499
045c
0122
0112
fea7
fdd5
fc3d
fbe8
fa54
004d
029d
04fd
05b1
058d
03dd
0330
fe46
fcd7
fc8d
fa3a
fbfb
fe0d
01f4
038b
0512
040c
04ae
035a
0041
fac1
f9db
fae9
fb8b
0154
0361
0422
0375
054c
05aa
03ec
0243
fc39
f9ab
f943
fa74
02f2
021c
03c3
0472
0461
043e
03e4
03e4
0169
fb3b
fb26
fc31
002a
0213
037a
03a7
03a9
03ad
0463
03ad
0197
feac
fb28
fd17
fd73
0328
0306
03aa
02f6
0386
040d
0250
014b
fd94
fbb7
fe33
ffff
016b
02d9
03a0
0157
02ee
0497
0144
fec0
fe8e
fed0
fe9c
fe04
feb5
feb6
012a
fffe
0023
ff61
fcb5
fdad
ff2a
fe9a
fe6b
00cf
00d1
0034
ffb2
009f
0047
00e8
001e
00a6
0089
0016
0137
ff7b
ff9f
ffe2
0087
0075
fff0
00e2
ff9b
ffc4
ffe1
006b
00c2
008d
ffde
ffc9
ff70
ffca
0050
00f5
0028
0055
ffa5
010e
ffc2
007e
011d
005d
00b3
ffe3
001b
0012
001c
000c
0022
ffe9
ff50
ff96
00cb
0099
001d
ffab
ffde
005e
00d9
0118
ffc1
006e
009a
ff91
00fe
0130
004f
ff5c
ffbb
ffbe
012d
00e0
00ba
ff71
0090
000a
ffcf
010d
ff9c
00ac
0002
00b7
0108
ffde
009f
0020
00ba
ffb6
0091
0141
0013
ffd8
0076
ff91
ff5e
ff69
ffd9
0066
ffcf
ffc6
ff77
00e9
00c7
005c
ff53
0055
007e
ff87
ffa3
00a7
0090
fff6
fff3
010e
0056
ff59
013b
ffb6
fff5
012b
00b6
0044
005a
ff57
00fe
ff95
0038
ffd5
00eb
ffc6
0115
0003
00cd
00fa
ffc1
0129
0022
0051
0089
0094
005d
0083
ffdc
0029
0086
00c2
0008
0077
ff7b
0116
0052
ff39
014c
ffb9
0035
005d
00d3
0030
009b
000b
ff50
fffc
0036
0122
ff8c
007e
ff74
0048
00e7
ffe5
00b7
ff6a
ff60
0108
0101
0041
0077
ff89
ffcb
fff8
0074
006b
0062
ffcd
00d7
00d1
000b
0010
ff73
00e0
ff61
00a7
00ea
012f
014f
0090
0125
00a2
0101
ff7b
ff65
ffcc
001d
0139
ffbb
ffe5
0147
fff3
010e
ff8d
ffed
004a
ffdc
000d
ffca
ff6a
ff60
0139
007e
0108
ffe5
0057
00d2
ff94
ffa9
0005
012f
00a2
ffc1
00b7
ffab
012c
00c7
00d9
008c
0136
ff89
ffa4
011c
0019
00a4
ff8b
006f
0140
ff9c
0114
ffbd
00c3
ffc7
0091
ff66
ffaf
0094
0039
ff7c
002b
ffc6
ff4f
008c
0052
ff5e
0025
ff96
00fb
00c0
0056
002e
0064
0098
ffa6
012b
00fd
0078
ff80
ffc1
0101
011c
0070
0095
0089
00f8
013f
00b4
000c
00b7
ff9e
0111
ff77
0114
002b
0079
ffd3
ff07
00b4
01bd
028f
0037
ffc2
ffc9
ff25
ff52
ffbe
00f0
fdcd
01ed
0291
024b
018d
012b
ff36
fe5f
ff74
00a5
ff9c
ff79
ffc5
0464
063f
0249
00dc
00b4
004c
fdde
007f
ff5e
fe01
fcb2
fe17
042b
06cf
020b
000b
ff31
ff39
fed3
00be
00b5
fe31
fddf
00c3
026c
056f
0252
fe76
fd0a
fd08
fe3d
0017
0232
0271
ffaf
0204
0120
ff24
fe87
fe78
fd30
fce4
fe42
ffdb
0245
ffda
00bd
010e
0075
fd17
fd18
fe04
fcb0
fc17
fed0
01a3
038e
05ea
0386
ff85
fed8
fd73
fdd4
fada
faf5
fcc6
fdf9
019e
0433
0565
0464
ff8c
00e9
feac
fd91
fba5
fbbb
fd31
fed4
fef6
03c9
0471
0608
ff3c
ffea
feb1
fe76
ff76
010d
011f
0105
0053
0217
0231
028c
feda
fed8
fe5a
fe20
fdcb
0056
ff70
fe92
feb7
fe8f
fc37
fb52
ffa1
003e
ffe3
fe69
0187
0213
016c
014c
030b
01d6
0284
ff92
ff26
ff74
0276
0131
ff1d
fea0
fe38
fdcf
fd9c
fde5
0235
fe53
fe5d
0135
04b6
02fd
fd75
fc75
fd50
fe9e
ff56
ff5f
fea0
fed9
fe9f
0386
0309
0245
0085
fe01
fe8d
ffba
fedc
0077
feae
fe3d
ff59
00db
0034
ff72
feeb
0040
feed
0102
01ab
fe7b
fe40
fb89
fec0
ff37
fce4
fedd
ff8c
febf
ffd3
0066
0071
001a
00d0
fcda
01fe
fff3
fe97
ff2f
fe99
fdce
fdcb
0111
ffe3
fe29
01a4
faee
0214
ff96
ff28
ff97
fe5e
febf
fed4
00b8
00d3
00ac
fff3
fb8b
fd45
ff73
005c
014c
ffd0
002b
fedf
ffa4
00b0
01a6
02ee
fa07
0086
0182
01ed
0052
0025
fecf
0043
fe3a
0146
00e3
fe81
fa84
ff69
0015
0218
0137
00d3
fd49
0337
0124
011b
ff1b
fea0
fd1c
0099
009a
0288
0208
ff77
ff28
0223
007e
0017
ffa9
fea0
ffe7
ff66
00da
007f
ff46
0086
007a
0336
013a
fe2b
001e
fe4b
01ab
fe98
fdb3
ffc9
00c4
0115
00a4
ffc5
0033
ffe7
ffbb
00b2
ffaa
fd67
fed8
fe31
0076
0139
0119
0070
001b
ffbc
00d2
00b6
015a
fca7
fd2f
feea
ff78
ffef
0099
00a3
ff76
ffa6
003d
00a6
ffe5
fd8f
001a
0017
ffc4
0025
0003
010e
0112
fff3
ff5b
ff9c
ffe3
fede
0068
01c9
0058
fd64
ffca
ff98
ff49
00a8
015a
01cc
0032
fe59
fdd6
ffb7
0012
ff1a
ff2f
ff1b
ffb9
0129
0120
0215
0229
fdc0
fcde
ff04
ff75
fe52
febf
0067
00aa
006c
00f7
0319
02fa
feca
fe91
ffeb
007c
0094
0033
ff7e
ff4c
fec4
0126
019c
01c7
001a
ff8f
ff9e
ffa7
ffed
004f
0068
ffa7
0092
01d8
01d4
0280
0167
0001
ffd8
ffdb
0064
011f
ffc3
0136
fff2
01a9
023d
0234
012d
0019
0028
00de
0151
0053
0131
0002
0156
011e
00c6
014f
006a
0116
0099
002f
0100
fff0
00ad
009d
00e8
0089
0039
010b
fe12
fd64
0374
0315
035c
010f
00c5
fedf
feab
0031
008c
ff05
fee5
004f
02a9
019e
014c
00d6
0178
ffb6
00aa
0246
010c
0117
ff4c
00bf
ff64
ff66
00de
0179
0083
0262
021d
0209
0223
00cb
fff2
ffa5
fe3f
ffba
014a
0020
00aa
0025
00c3
00b3
ffce
ff00
ffd7
fe64
fbec
fed2
0018
ff4c
00bf
ffd0
0215
02af
ffe2
fd97
00f7
ff94
fa9c
fa5a
fbcc
fd59
0085
fe51
00fc
0204
00f9
fdc2
fff1
00dd
fbce
fcf1
fccc
ff7d
fe19
fd0a
00ab
ffde
02f8
0002
0006
fe97
ff14
0038
ff8e
018a
fe66
fd87
0037
0064
030d
fe8b
fec7
fe05
fe2d
fedd
0126
fdaa
fd69
fc83
fefa
0093
0401
fe06
fe29
fed2
fe78
fea1
003e
ffb9
fed2
fea1
fe58
0099
028c
fd2b
feec
fbf9
ff85
fd96
0074
fddb
fdc2
ffd6
ff89
feee
0100
ff71
fe92
fe08
ff6b
0139
ffe7
00a5
0035
feda
fe44
ffb9
ff60
0082
fde2
feb9
febf
0236
0338
032a
024e
02db
049a
03f6
0428
0043
fd57
001e
fe41
ffd6
ffc9
013b
feb0
ffd3
003b
023f
0177
00db
011c
009a
0277
0368
000d
febc
fd5f
fca8
fde2
01ab
01bc
fed2
ff3b
fe6f
0297
0309
ff89
fe0d
fd48
fc49
fdd1
002a
0027
fc02
0028
fe4b
0202
02ba
0147
fc56
fccb
fcc7
fe2b
ff01
0099
fe90
feb5
fff3
fe8a
fd02
ff2f
fd86
fb81
fb4e
fce9
0306
0042
0124
01c7
fffe
0098
fdea
0010
ffb5
fbfb
fac6
fb91
ff16
0182
02c7
0100
012c
ffd4
fed7
feb6
ff73
ffc3
ff46
fba2
fd8a
01af
00b9
ff72
ff3b
010d
fff0
fffe
ffcc
ffc1
00ed
ff98
ffb9
045b
048f
0016
00f2
0047
00d5
004a
0023
00e8
0129
01ef
015e
016d
02c2
018e
0122
ff65
0076
01e6
016d
015d
0249
ffdf
0113
0076
01ad
004b
018c
ff2c
0053
ff6b
0079
fefb
fead
fe3c
0184
feb7
fe5c
0047
0128
fce0
fd40
ff23
fd92
fed6
ff73
0072
feab
fdd2
ffa7
ffb1
fe8e
fdb0
ffe9
020f
01e5
021a
023f
03d7
0232
002c
fef8
0079
fc3d
fbcc
ff9d
007c
05bc
0334
042d
03dd
0374
ff6d
fdcb
fdf9
ff3b
fdf5
fef4
ffbc
0201
023c
007a
01eb
0154
fc48
fe9c
fd36
fef2
fef5
ffb0
fe1a
02f9
003d
ff8e
0145
0127
fbf6
fd24
fc5b
0098
ff6d
005e
007f
0001
ffe3
fe4c
005e
fd48
fedd
fed8
fcd0
fe96
ffec
fd1e
fdf4
fd2b
fef8
ffff
01bb
ff2e
fe03
fefd
fdb3
fd24
fda6
fbd7
fb70
fde3
0078
ff82
ff86
fef4
0021
0089
fcc4
00c3
fe95
fd34
ff87
ff1b
009d
0057
ff71
0090
fee7
fd01
fa7c
fe47
fedb
ff8d
fdec
fe26
ff26
00c4
00fb
fed7
fdcb
fd13
fba0
ff91
feac
fff5
00fb
00d2
ffb5
0088
01fc
ff86
feb7
00ec
fcef
fea1
fe5a
fe56
ffea
ffc2
fec8
fc2d
fee3
fe5b
fecc
fec5
fcd7
ff90
ff2c
fe75
fed3
00e9
0024
ff22
00f1
0016
00bd
019a
0265
fe7f
fe86
fddf
ff27
fe7a
fef7
fe1c
fdca
ffee
fd25
ffba
ff16
fe80
fe83
0028
007d
00cb
ff94
fe19
fd14
fb3a
fd77
fdd2
fe69
038d
00d2
01f9
0404
0298
00d2
ff64
faf0
f9ec
f82e
fa76
fd47
035a
01a9
0136
02fc
0111
ffe0
ffc9
fd8c
fd04
fced
fdff
fe95
0392
ff06
00c1
022a
0019
00ff
fe63
fd22
fdf0
fe6c
ff7d
0051
00c9
fd83
fe4b
0171
ff36
fec0
fe48
fe47
ffaf
fee9
00ce
ffd5
00ef
ff37
fe92
ff1b
ffe1
fe3f
fed7
fd76
febb
0051
ff2b
fcb4
0166
0041
02e4
0075
fe56
fe78
fe3c
fd17
fe0f
fd32
fb0b
fc11
01bf
00cf
0141
0010
003e
ff48
fdae
fd87
fcaf
f9e8
fa82
fc9a
0207
0112
ff99
fe69
fce0
fe9e
ffce
fe50
fbc3
fa2e
fc0c
febc
0440
0139
feff
fdcb
fd23
fe17
fef9
ff79
fcd1
fc36
fd9d
ff0d
0292
fff2
fe0c
ffdf
01ea
ff57
fe66
ff8f
00a0
ffa9
005d
ff05
0042
fedf
ff5e
00af
029f
01fa
00b7
fead
feee
ff6c
0086
005d
ff7d
feaa
fdc5
0185
0301
031c
025d
fd23
fc43
fcd6
fea7
fb97
002e
fefd
ffd7
0082
02de
0447
ffb1
fcb2
fd46
fda8
fedc
fd44
0011
fef4
00d0
026b
0264
0221
ff9a
fdbb
fcda
ff2f
0111
ffa4
004c
fed1
0132
0139
ff6f
ff5b
fdb3
fdc3
fda0
feb6
00ef
ffe3
ff5d
feba
0096
ff53
fe27
ff57
ff88
fcb2
fb76
fde6
feca
fd18
ffb7
0121
ffbe
0017
0142
0036
ff7e
fd02
fb50
fcc7
fcdd
facc
ff52
015f
01d2
01df
02a8
0030
ff13
fe91
fd0d
fd5c
fe68
fc2d
0077
00fa
00aa
048e
034f
024d
020f
01f9
ff71
fe4c
0012
fdd7
005e
ff28
0119
0254
02c1
014e
021d
01ff
01a7
0145
01ba
fb9d
00b7
fe79
ff31
fdb8
ffb1
ffbc
ffd3
003d
fe96
ffbd
00ea
fd61
023a
0050
00f4
01b6
0293
006f
0037
00db
ffb0
0032
0328
0081
024f
ffe5
00d5
00c5
015e
01b1
02b4
0007
00a1
012c
0399
0328
038c
0013
01fd
ffc3
ffeb
0127
0075
ff8a
0169
0049
0305
01ef
021a
0244
03ad
0136
ffbd
ff1d
fe91
ff1f
0148
0028
021d
04e7
0139
01a9
038d
04a6
fee4
fc06
fcdb
0013
0022
ff38
020e
0161
011e
009f
ffc6
0092
fc0f
fb28
fc40
fde8
fea6
001a
01e9
030e
0112
009a
ffe0
00ad
ff0d
fd38
fbc0
fbd8
fc63
fd0c
ffb1
fee6
00a4
008e
ffeb
003d
006c
fe42
fcb1
fb4a
fb9f
fd52
fee0
fdd4
00bb
fee9
fdfa
ffb8
0164
fff2
fedc
fdc2
fcd4
ff51
000e
fc42
00fd
fde7
fda5
ff3b
fee8
ff14
ff73
fd93
fd4c
fe55
005d
000f
01fa
fe52
fdb7
fdf1
ffdd
0129
00ae
ff3f
fd8e
fff2
ffa0
0159
017e
ff06
fcdf
fd77
fdab
007b
ff83
fcc5
fdcb
fccc
01a4
fdd2
00b0
015c
0004
0137
00db
ff75
00c4
ff6e
fde6
fdea
fe7a
00bd
ffa5
012d
fff1
ff9f
fdef
005c
019a
008b
fc22
fc7a
fe3e
016b
0047
0055
0209
024d
01a4
01a4
0539
02cd
004f
fdcf
fd25
ffff
01b1
0147
01f1
0265
02f0
01c1
0324
00e3
fffc
fe2d
fdcf
ff7d
0184
00f9
023e
0145
01b2
ffe9
ff99
ff8e
ff1f
ffb6
fee6
ff31
ff75
ff6e
fe7e
007b
ffc8
fdd1
ff33
ff6d
ff43
fe2d
0068
002d
ffc6
fd9c
fe4f
fe4f
fd80
fdcf
fe00
ff0a
ff56
ff91
00dd
01c9
feb5
fbd4
ff23
feb9
fec9
ff5e
fef7
ffc5
012e
0020
01af
00cd
ff9c
fdb2
ffe4
ffc3
ffda
0092
015b
00e7
fffe
0071
015a
00de
0018
ff58
0026
ff29
01e2
002b
00ea
ffa1
fff1
0044
001b
00b1
ffbb
ff49
0050
0008
0000
00c2
ffcb
ff6e
ff4f
ff2d
ffbe
01b1
ff3a
00e0
ffa3
0221
009a
01c5
0134
00bf
005c
ffbb
0048
01b5
020a
01a4
fc24
fdd2
0172
006d
fecb
007d
ff8c
0135
fec8
ff1d
00d5
ffd2
ff81
ffb2
01bc
000d
fdb6
fe5c
ffd8
ff23
ff0b
0014
0022
00a7
0430
0230
0504
0333
fe7c
fdf5
fde8
fe1a
00bd
0049
0042
0183
0356
052c
0481
040c
0051
fd0c
fc34
fe1e
fef8
ff5f
010d
059b
0661
0586
0459
02ac
015d
fea6
ff2b
ff14
fdff
fe98
025f
0429
04d6
05d0
02ee
02ee
0073
001f
0011
fefc
ff69
fddd
0155
04ce
0416
02d5
0228
0140
ffb8
ff28
0060
fea5
ff02
ff12
01dd
02e0
027a
024f
016c
0006
fe91
fd5a
fffe
ff42
0089
001b
0264
025d
01f8
018b
00a6
ffc3
fe24
0043
01e6
ffd7
0138
fed6
0222
0373
01d0
0209
0412
0225
01d6
0116
0116
ffca
0260
ffb8
0157
014c
0142
0260
0282
02b8
0347
01df
00ce
0001
020b
ff5c
0106
01c7
0190
033e
033f
0426
04a8
0470
0427
022e
02c4
01ad
0214
0426
001a
00ec
012e
02f2
0264
00e3
019f
0005
00bf
00b8
02ee
fe73
fdbb
fdf7
fe54
000e
feeb
ffe2
ffd5
ffd1
fe86
017f
ff16
ff88
fcd1
fcaa
fd6b
fbed
ff9d
0129
0038
ff9e
ff04
000a
ff8a
ffd6
fe3e
fcab
fccb
fce7
fe44
fd6f
0002
fd38
fdee
ff5b
00df
fde6
fee2
fd6a
fc54
fb58
fc12
fbc1
fb6e
fcd9
00bf
024e
fdfc
fea9
fdb2
fd79
fad5
f9f8
fb07
fb9d
ff8e
fe66
0085
0198
feaf
fe5c
fc37
fd9e
fcf6
fd26
fd8d
015c
0108
0050
ffe4
0147
fe90
fede
ffda
fefe
fedd
ff93
016d
0255
00f9
00b6
ff1c
ff03
ff75
01b4
ffb6
004b
01fd
00fa
002e
01b9
00dc
fef9
ff62
fe88
0123
fee6
fe52
ffb4
01d1
0089
005c
0192
0092
0085
0009
fbd9
003f
fd7e
fde9
feb8
ffdc
0069
00d9
00b9
0133
002a
feaf
fc9d
004d
00a2
ff9b
001c
0015
00e4
ffb8
0238
018b
ff33
ff4a
ff15
ff07
003e
fedb
ffe7
ff49
ff42
00b1
001e
0087
0037
ff47
fee8
ff8a
ff00
ff45
fef8
003e
ff73
fffb
0070
ff93
00a9
ffd6
001e
0010
ffb5
fffa
0025
ff33
fee5
0007
0024
0055
000c
ffc9
ffdd
fec0
ff1f
ff5b
ff69
fee7
003c
ffcc
ff77
feda
ff87
ff21
ff15
ff73
ff4f
0044
009c
0047
ff7a
0033
ff3f
000b
ff52
ff4a
ffac
fee5
ff1d
ff08
ff3d
006c
ff08
ffff
00a0
ffc4
ffb4
fef8
0035
ffeb
005e
fefb
ffda
ff74
00a0
ff0b
ff74
fef7
0013
fffc
ff0d
ff37
0095
ff19
00ac
ffb3
ff03
ffd5
ffd6
ffb1
ffe2
ffce
ffe6
ff6a
0058
ff90
ff5c
ff10
0093
000d
fefb
007f
ffe0
ff5d
0054
ffbe
ff1c
ffb9
00ad
fff4
ff67
ffc4
ffe8
ff37
ff30
fff8
ff35
000d
ff5b
0074
fed6
ffea
ffb0
ffc3
0012
ff2b
008c
ffbe
0037
fee3
ffaf
001e
ffcb
002f
ff6c
00a3
0022
ff9f
0099
feec
ff7b
ffa3
0018
ffca
01ec
ffb6
018d
0123
ffe6
ffbb
0105
0145
0461
ffe6
0225
ff91
00b0
fdba
fda2
fe1c
0025
0021
000d
ff0f
01e4
ffb4
0085
fec1
fe6b
fdc1
ffbb
fd3c
fe26
fd2c
0022
fe3e
ff38
fe2d
0061
fddf
fd41
fea1
ffea
00ff
ffae
ff4d
ff56
fed2
fceb
feb5
015d
010f
febf
fd61
ff61
fe4c
fd48
ffe1
ffbc
ffa1
0130
feac
ff51
00c8
007d
ff1b
fe3e
fda5
fc19
fd82
fe55
001a
0111
feb2
0100
00b8
0008
0110
fed3
fd5b
fbbd
fd0f
ffe7
0234
022a
01f0
0131
0062
000b
0183
008c
fd0e
fce6
fe27
ff93
0079
00d6
ff4d
0160
ffa6
ff9a
ffee
01d3
01e6
0186
ff60
0095
0021
ff65
fd48
ff36
01b0
004c
ff4d
0004
021a
fff5
fe16
ff22
ffc1
fe09
fea8
fe6f
0045
ff17
fe27
ffcf
ff20
fba7
fb3f
fb70
fdf3
fdc2
feed
ff2b
fec6
ff67
fed5
ffda
feca
fdd6
fe61
fdea
fd93
fe64
ffcd
0022
ffe7
001c
008b
0042
fff3
ffe1
ffd2
ff78
ffdd
ff41
ff22
009b
ff4b
ffba
fff5
ff5b
fece
ffb6
feee
ff3b
007a
0026
fffa
00a0
ff79
ff25
ff17
0047
ff2a
ff89
fee8
001e
ff19
ff76
0061
003f
ffef
fece
fef7
004e
001c
0018
ff0e
fecd
0098
0005
00a3
fefa
fee2
0033
000b
ffa8
0091
ff6c
ff99
004e
006d
ff44
ff8d
ffbf
ff84
ffd4
0034
0032
ffa5
ff89
ff3c
0085
ff1c
ffab
fff7
fec3
fee4
006c
005c
ff13
0044
ff1a
fffa
ff9a
ffa4
ff91
ffd3
feeb
ffd9
0037
0051
ff81
007c
fece
000f
0026
005d
0090
ff09
ff22
ff79
0000
ffe2
0086
ffc8
0087
ffbb
ff8c
fece
fef6
ff28
fee3
ffc0
ff91
ff0a
ff1e
ff22
ffcf
fec2
ff68
0080
ff34
ffeb
ffc5
005e
feff
fefd
fec8
ffce
ff95
0066
ff75
00a3
feff
0052
ffea
0083
0087
0020
ffd3
009a
0066
ff35
0053
ffe5
fed5
007a
0066
004f
ff72
0054
ff0c
00ba
0066
00c2
ff02
0079
ff6b
febf
ff5c
003c
ffdc
ff3a
ff33
00a8
0022
0050
ff4e
ff6c
0042
0095
008b
007a
ff39
000e
fee2
0059
fff3
ff93
0060
ff6f
0087
001c
feff
ff62
fff8
000f
fed6
00b0
ff40
0078
0055
0020
003c
ffb0
ffb6
fff9
0062
ff97
ffe2
ffb5
ffaf
0073
ffdf
006a
fef6
ff8c
ffe2
fffc
002f
0026
ff83
fee2
ff1b
ffa3
0005
0013
fffb
ff99
0085
fff1
ff54
ff92
ff56
ff4c
0042
ff1f
000c
ff38
0086
005e
007b
ffe6
ff1d
ff13
0068
fef3
fef2
004a
ffc7
001e
fff1
ffce
0027
0008
ffa9
feff
fff8
0019
ff80
ff7b
ffae
0064
0031
0075
ff9a
003f
0024
ff21
0069
ff09
0000
ff72
ffbb
003b
ffc1
ff6e
ffff
ff78
007b
ffd0
0092
fede
ffc2
ffba
00b1
ffe6
ff1e
ffb7
0077
004a
ff17
00ad
0039
0082
0023
004d
fee6
ff85
0023
00db
00e4
00cc
00cb
0240
0227
0313
02fe
00f3
012e
0020
01ab
00d0
00c2
00fe
019b
024c
0337
02e0
0250
005b
0134
02b1
0234
00ae
00e8
ffa1
015d
006a
0119
0193
002b
0123
0164
01bd
005b
ff6c
fd8e
fe2f
0163
00f2
0107
0028
ff0a
004c
021d
030d
0234
0045
ff1e
fd1f
ff9f
01f3
0268
fd96
fe95
ffce
0147
0324
0271
0042
ff5d
ffc9
01f3
01d9
01eb
fe89
fede
ff9d
01cb
019f
01fd
fe56
ff11
004c
0379
0350
009f
ffcf
fef3
febc
ff51
007f
02b2
0194
ff67
0157
034d
017c
0070
01d4
0176
00f1
fea9
009c
01df
004b
0113
ff60
01fb
02c3
0130
011f
0122
ff36
0151
0198
012a
0163
0042
0004
0008
00d4
00b0
0112
ff81
00d3
00de
ffaa
0030
00b4
0070
ffbe
ffdf
febb
ff14
ff65
fe5f
fed2
ff9d
ffbb
fff0
fe76
fd93
ff03
0257
ff81
fef0
fd7d
fe7a
fcde
ff6e
fe41
01f5
0091
ffc2
01ba
00f9
01cc
fdd0
0104
018e
0073
0021
003e
ff2c
009b
00e4
034e
04e1
03f7
019a
001b
0098
ffd1
ff48
ffe1
fec6
fdc6
ffcb
04c9
05fd
01ad
0062
0013
0045
fec9
fe5a
fe3a
ff2b
fc88
006d
01eb
02ef
0027
fecc
fe1c
ffe2
ff4f
fdeb
fd4e
feeb
feac
ff35
01ca
ff54
fe6f
fea6
feb0
fd9f
fda8
fc01
fedc
fefd
fe9e
fedd
ff52
ff16
ff1e
fe75
ff8a
fdc2
fe4e
fd50
ff16
feac
011a
fe1d
ff31
ff02
feab
00a2
ffb3
ff4c
fe23
ffcd
fdc8
fee6
ffa0
0140
00b1
fe77
001d
003a
0091
ffb2
ffd6
fec5
00b9
fef7
ff8d
ff03
006b
000f
fdcb
ffe6
00c3
ff95
fe94
fea8
fd62
ff2c
fe50
001c
ff45
00e9
ff3f
0098
003c
fe2d
fc22
fba5
fe16
fd90
0014
fe6c
fd66
ff2c
ff86
ff47
0057
feec
fcb5
fcdf
fd02
ff8e
fcd1
fdd7
fee7
ff99
fe3b
ff59
00d0
feee
fd20
fc7a
fd0e
fde2
ffd5
fee9
ff73
ff45
ff1f
ff2b
ff79
00a5
001d
ff54
fece
ffff
ff8f
ff97
ff31
009b
0070
ffad
ff17
0075
ff2d
ff18
fff1
0070
ffd6
ffc3
ff5c
0086
0099
ff20
fefc
0003
0033
fec1
ff38
fef9
ff4f
ff4c
ff91
ff1c
ff7c
ff89
0069
ffd0
0084
ff8f
009b
fff2
fefd
0004
fee5
ffaf
0052
0092
0068
0070
0092
ff56
006d
fed3
ff4f
008d
ff93
ffff
0082
0066
fef8
0037
ffa2
ffbb
ffba
00a7
fed6
0099
ff62
ff28
ffac
ffaf
ffea
ff3e
004c
fee9
ff9a
0023
ffb4
ffd8
006b
ffcc
003a
0065
ff4e
ff64
ff03
003c
ffbe
ff01
0089
fec0
ffd5
00ba
ffbb
ff57
ff50
ff8a
00af
ff91
fec6
ff00
ff90
008a
001a
ffd8
0082
0010
0090
005d
ff3f
0021
0027
ff41
feb2
ff19
00a1
ff6a
ff0c
fecf
ff6c
00a8
ffd0
ff26
ff6c
006d
0095
001d
fec5
fed8
ff1d
00b0
fff8
ff39
ffbf
ff4f
ff5e
ffc5
ff8f
012d
0045
0174
fe73
012f
0115
026c
ff50
004b
ff9d
01d3
ff25
00ba
0131
ff63
0066
ffdd
fef6
019f
021a
00a2
fe0d
013b
ff54
ffb6
0184
00f1
ff37
ff9d
fdfe
fdca
ff74
0002
fd8a
ffed
fe77
ff50
011a
019f
ffcc
fdf9
fe01
fea9
0047
fe3d
ff51
0122
ff02
ff35
0244
024d
0114
fe5a
fd4c
fe65
fdee
fecd
0159
00c1
01a7
00c3
035b
025f
0462
0054
fd33
ff6a
fe4d
ff26
01f8
0015
0028
02b8
0290
037a
02c6
02aa
fe8d
fcc2
fe4e
ffa4
01d5
fe86
0027
0152
02b9
0394
020f
00cc
0037
fc75
fd50
009c
0025
ffa2
01ec
00c6
0118
035f
023a
0094
ffd0
fdff
fe1e
fe6e
0207
fedc
00f8
ff49
ffcf
016b
01d6
0200
fe9c
ffc3
ff87
014b
02a5
ffa0
0319
00a7
ff82
00cd
0076
feed
00ca
028b
021e
0179
0173
01cf
031a
0203
ff84
fe89
ff1a
02ab
0077
ffe6
0087
0179
ffa5
0165
fe35
feb2
fcf2
fd93
ffd5
fed2
fe30
fe21
ff20
ffd7
feb9
0170
00f0
0058
fe7d
fdd1
fe0e
008f
fd2a
fe4f
fe0d
ff67
02d2
fff9
0177
fd35
fb27
f9eb
fda2
fdf5
fb94
fc28
fccd
feb0
012b
fe6b
01d6
fe5d
fb13
fde7
0185
03ca
fe4f
fb2d
fe65
fc61
feda
ffbd
ffef
0003
01a7
0117
0088
02d1
ff77
fdac
fe2b
fd53
feb6
009a
ff63
0054
02a1
0294
0226
023f
fc9a
fe5a
fe71
fdc0
00d6
014a
fe52
0085
0270
046f
01d8
fedb
fb3d
fa87
fbf8
fde9
fd87
fe0a
006f
0038
013b
0382
0131
fe94
fe05
fbfc
fd9a
0047
ff69
fe34
0163
00c2
020c
01e6
0297
01e4
0003
fd94
fe7f
0090
004a
ff8d
fea4
00b0
0188
00ae
0063
007c
01f7
00f0
00be
022e
ff70
fe7a
001c
ff61
002b
00c0
ffd2
0169
003c
ffa0
fe25
ff18
fcf9
fb8d
00da
ff97
0025
fe37
fe7b
ff34
fee7
0037
fdfa
fe73
ffd7
fea3
fdf5
fff0
00f8
0004
000a
001f
fdec
fdda
ffd6
fd85
fedc
ffa5
0098
0110
00c5
feb6
ff30
012b
feb9
fe30
0109
ff91
000f
0130
00dd
ffd1
fdb4
fd81
fe52
ffc8
fe06
fb85
fbf7
fdc3
ff1d
ffb3
fdf6
ff23
fd80
fd17
fe8f
0004
fcf1
fbdc
fe46
fd93
ff9f
ff91
ff02
fedd
fd76
fd95
0062
0015
ff82
0079
fe29
0081
010b
ffc5
fd35
fea0
ff4f
0026
ffbf
017f
012d
00e4
ffd3
ff35
ff4d
ffd2
ff0d
fbe5
fd76
ff7e
0021
0003
01e2
ffa7
ff7b
fefe
0053
ffec
ff0d
fb36
fc0e
fdfb
ff39
fecf
ff6e
01bd
ff04
fe38
fb93
ff30
ff73
fcc5
fc6f
fefe
0029
0020
0088
034d
01e7
ff7b
fe22
ffdb
fe7f
fbdd
fba0
fda8
fe6a
00b1
0173
0291
0180
01b0
ff95
0059
ffd9
fc28
fcff
fc95
fe9b
0052
0244
01db
0211
0129
ff59
ff39
fff5
ffbd
fea4
fd99
0003
01b1
01d0
025d
0257
016b
0099
ff2a
0087
feb2
0039
ff90
009b
ff78
fe07
fe20
ff82
0014
ff11
ff42
fdce
0054
00c8
01bf
0174
011e
0169
ffed
fec9
fdb2
00db
001d
0033
0104
0291
01a0
016e
03a9
0247
ffec
ffe5
0066
01a1
00e9
0324
fee9
0058
029e
02d6
078c
04a9
021f
020b
0183
02f7
049b
028c
ffc5
01ff
03b9
072f
05db
05fc
0763
04b7
03cc
03ea
02cd
03a4
ff32
0389
02d9
044e
0509
0731
0641
0418
03e9
021f
022d
01b0
0056
ff02
0222
046c
04c5
068d
0675
074e
041c
017c
008b
01b8
fe5b
fda9
fedf
0241
01f8
03cb
03b0
04d7
0395
004c
00ae
019e
fce2
ffef
00a6
0121
016b
01f2
03a2
02b2
036a
0222
02da
03a2
fe56
fef5
0039
00f3
0096
0195
0278
02dd
02da
0194
03a3
02c8
0061
ff7b
014a
00c0
00a6
00c0
045f
03b6
021a
0182
00c3
038e
00af
fe69
fddd
fe2a
0029
00fd
03e0
0417
0103
013e
ff36
01f5
0307
00a7
023a
03f1
017e
0127
02aa
0201
0168
fe05
00ff
0172
0114
fe14
ffd9
ffd6
0075
00d2
ffc4
ffc5
022c
ff1b
0129
0132
00f2
ff95
feac
019e
ff6d
feb9
ff82
ffd0
00a6
febe
ff1d
feb6
ffe2
0087
02db
02f5
ff37
0026
ff80
fcb4
023e
fffc
fd99
fdff
00b6
fed5
023a
0313
fea6
ff6c
00bd
fec4
017d
001b
0076
febc
ff74
fe24
ff41
ff85
0130
0011
0090
0059
011f
02f0
0258
fea3
ffce
fd76
fff7
0004
0072
ffbe
fe87
fdba
00e5
01e2
02f3
002e
fefe
ffa9
ffff
0191
01a5
ff44
ff45
fedd
021f
0331
01bb
024a
009d
ff86
ffdc
02be
0104
ff90
ffb8
ff3e
02f2
02ab
0118
0278
fea9
ffc7
018a
014d
018b
0098
0019
ff3b
02f5
02dd
01d2
ffab
002a
00a7
fd18
ff21
01e4
ff7d
00d0
ff7e
0173
01e5
00df
01a1
0099
0228
ffc8
02cc
0232
00d3
0284
ffe1
01e6
037e
030a
ffbc
01f5
02f1
0070
fddc
fd61
fe8b
ff35
ff15
feb7
fdea
ffd2
01ba
0539
ff8e
fe82
fdf8
fdda
ffb1
ff3e
ffde
ffb4
fe8b
ffc3
02d5
028e
01d0
01c2
001e
ff50
ff2a
0080
0056
fe45
fe6a
ff31
026f
02fe
02b3
01c6
018a
fe61
ffdd
fdf2
ff7a
fe28
fd34
fcff
fcc9
0534
01fc
0288
0228
febe
ff56
ffa5
fe32
ffd5
fe72
fcff
fbdd
033a
ffd4
01e8
0254
ffa7
ffff
ff7e
fe30
ff3c
0051
feb4
fcbb
0183
0210
00ff
008f
00cf
ffc4
fd9c
ff60
0051
008c
ffdc
ff5e
02ce
000d
004d
fed1
fefc
fdbe
ff2e
fe92
fef3
006e
0008
fe17
015f
0096
ff97
fef2
fefc
fe86
ff23
ffbb
ff47
ff41
0098
ff5d
0008
020d
0145
ffad
fe90
fe7b
fcf0
fea7
fde8
ffa5
006e
fee4
011d
016d
0128
ffe2
ff98
fb40
fb08
fbf9
fc82
ff3b
fe1c
fbc0
01b3
01e1
01bf
ff83
fe44
fc61
faab
fac8
fce5
fde5
fe09
fe22
ff65
0095
00c6
0010
ff9b
009f
0120
00c5
002e
00ed
0061
00e4
fe73
0074
00b4
ffe6
ff81
002e
ff8d
000f
ff1f
fef9
ffa3
0234
01af
001f
ffe8
ffdf
ffa0
01c9
fd3b
ff3f
0105
0170
0152
0191
01da
0032
ff95
0248
00ba
ffce
ff34
ff82
ffc3
0327
013f
026c
00f0
0089
01f7
01b8
012f
01c6
0141
00b5
0045
022f
0112
ff8c
ff84
0213
02dd
02b2
03db
0278
025b
026c
03a9
01f1
feeb
fe77
ff10
ff06
0176
022c
03d6
03a9
018b
028c
0214
011b
ff45
ff6b
fd8b
fcd6
fdb2
ff6d
fffd
01aa
004f
005c
0144
0133
ff93
0045
fde9
fdd3
fe2d
fd27
ff2a
01d6
0273
007d
01d5
0133
01ad
017f
fd4e
fd42
fd12
ffcc
fe7c
0208
01dd
00f7
02aa
02ff
0041
01ee
febe
fdc5
fc5e
fd11
ffb8
0254
023e
02e9
01bc
0137
001a
008a
fe35
fe57
fe0c
feff
0169
0329
044c
0266
0136
0088
0108
01d6
00f8
ff12
0112
ff5d
fe11
fee9
fee4
fd0c
fe24
fd24
fb6c
fedb
010c
0251
0123
0055
009e
004b
fff0
00fd
ff9f
0179
fee6
ff2e
0201
02a8
021c
0076
0201
02e9
0096
0196
03f1
054c
0110
0049
0345
042f
0268
002f
01a5
0405
01b8
01c6
02f3
028c
00c1
ff22
0312
0312
ffff
0104
0174
013f
ffd2
001a
01ea
0191
019f
013b
014a
01c2
0135
013f
00ae
ff99
fe8c
01c1
02cc
0359
00da
0235
0138
0273
02d3
01dd
0010
fff5
0157
0189
02ab
0237
01a2
fffc
02e9
048a
030a
027c
ff84
ffc5
ff3c
0006
ff8b
ffbf
ffcb
fdfb
0112
03ff
0295
025a
0261
fff7
fff9
00b1
ff5d
ff5c
ff21
fdf4
0108
033b
0123
036d
01ce
008c
02b6
0178
0077
0104
ff7d
0130
004f
00ca
ffdf
ff4f
fe75
0059
0158
01ad
023d
01ff
00e6
01d7
007d
feee
fe6e
00db
ff5d
ff50
0125
0244
001d
019a
0246
021c
00ac
ff52
ff36
0066
ff36
ff23
ff6a
011d
ff88
00ec
ffe7
ff39
03b3
001d
00cf
043d
00a2
fdea
004c
016b
025e
00f7
028a
00f8
020f
0307
01bb
0277
01fc
0303
0082
00d3
00a2
0063
ffe5
02d5
0252
0377
ffa1
0353
0454
027d
0079
014c
00c7
0136
0223
030c
ff84
0077
02b3
0130
00ed
01b7
037b
02ab
ff82
01b8
00cd
0252
00b4
fe73
007d
01e7
00e2
02dc
0312
0281
005b
000b
ff1f
0312
001f
007c
ff61
fdce
fe5c
005d
0099
011c
00bc
009d
00b0
002f
ffeb
feb2
ff52
ff88
0189
ff3b
fd98
0268
0381
0349
feca
ff93
febd
0079
0186
01d1
0066
009f
ffc5
02ee
02f8
0159
0064
0114
ff48
0048
00ba
0439
032b
ffea
0168
030a
01aa
01ea
016b
0241
ffd3
fef5
00f7
02c5
040b
016c
ff17
ff4d
ffd9
0064
0290
0139
feef
ff7b
000d
0098
0354
04f8
04a8
01f5
0084
01e7
0211
ffc0
012d
0030
0001
ff3a
ffa6
009c
ff23
00be
011a
ff9d
0083
ffbd
00d4
00c8
fef2
ffd7
ff3a
ffed
000a
0060
0038
011d
0072
00e1
ffbb
ff48
ff7a
ffce
0087
00d5
ff8c
ff40
ffb2
010b
013a
0007
ffe7
004c
0039
ff44
00a5
006f
ff73
ffe1
00cd
ff94
ffa2
ffb3
00d9
ffb9
0023
0095
ff7a
00f7
001a
ffda
0125
fffd
00b9
00c8
001c
ffea
00dc
0099
0134
0150
00cc
002b
0080
0038
012d
00fa
0090
0065
0070
005a
ff7f
00ce
00dd
ff17
fe97
00f5
ffed
0048
00b9
0043
0052
00e3
ffe5
016f
00b3
0061
ff69
006d
005e
0076
ff27
0040
0032
0083
0008
0087
ffe8
ff29
ffa5
fff2
ffd4
0026
00c4
0024
fffa
ffce
ffb9
0023
00d9
ffa8
0056
00cd
ffee
0111
ff6f
00c0
0105
ff1d
ff5a
0000
ffbc
ffc2
0028
007d
012b
0167
0061
ff88
0056
011b
fffd
0148
ffbd
004a
ff3b
ff9d
0016
0003
031e
00aa
00e5
01c3
fef5
0085
ff34
fff7
0198
0014
0003
00b7
0277
ffbd
ffee
0240
0374
00a8
0027
0118
01da
0184
fe50
fe9d
001e
0123
0128
032b
055b
0208
02e7
01fb
0364
0161
00bd
ff84
ff3e
0036
0097
00ef
02a2
0016
ffb7
ff8a
03a7
0321
0198
0105
0051
037e
017b
02c0
01d2
0064
fff1
0029
02c2
03ad
02b8
0163
006a
0388
025c
02df
0403
0352
02dd
0098
0166
014a
01f4
0389
006e
04ce
0355
0246
0431
0671
038a
0222
0154
0141
019f
02cd
00cc
02d7
01b1
0275
0292
04a5
0594
03ac
01a9
ff8e
00b0
00a4
ff8c
010f
0296
0232
0344
0388
0417
0355
01ea
00a5
00e7
0064
01d9
0509
0510
034a
02c8
04c3
0475
04c9
031d
0117
00d7
ff93
015d
0576
0573
03f7
029c
021c
026b
01ac
0275
026b
ff15
ff29
014c
ff9a
ff0d
fe18
ff4d
ffbb
0064
ffdb
ffd4
ffb6
fed8
ff8a
009e
009a
ffe7
ffbd
0093
ff7c
00f8
ffac
00bb
00d9
0046
0024
ffec
ff9b
ff0f
0019
ffb9
0024
0058
00cf
0027
008a
ff7c
007b
010a
ff8d
002f
001c
00e8
009f
00d8
0091
0074
002b
ffbf
ff44
ffe4
0105
0018
0050
ffb4
ff44
fff9
0035
ffc8
ff1b
ffbe
ffc3
ff77
00b7
00ac
ffcd
ffcd
006c
00ee
ff30
ff52
008e
ffde
0074
00c4
ff0d
0022
ff1f
004c
0060
ff92
00a5
ff38
ff1e
fff0
ff5e
0042
fff3
fffc
0049
0009
0093
0014
003e
00e2
0010
0095
ff4e
0027
00b8
0049
ff91
ff24
0098
ffcb
ff96
0093
ffb4
00f5
00f2
00ae
0032
006a
ff7a
ffdb
ff0f
ffba
00a1
ffcf
ff5f
0095
0083
0010
003a
ff8a
ffe0
ff29
0095
001b
ffa9
0005
00d4
00c0
011c
0028
ffa9
00ee
ff9e
ffab
ffc9
00c0
00ed
008a
ff7a
0082
ff00
0099
00f5
00a2
ff88
ffa0
00d2
ffba
ffdc
ffae
0012
ffd8
00bd
001d
008c
0020
0086
00c6
002e
0085
0053
00e6
ff53
01bc
ffb8
ff40
0051
ffe8
00b2
ff50
0045
00f5
0020
0054
ff2b
0051
00c7
ffdf
ff3e
ffda
0065
00c8
ff93
ffae
ffb8
012e
ffb6
00cb
ffb6
00dc
00cf
ffcb
ff55
002e
ff3a
007b
0006
009a
ff47
0035
00d1
00ab
0072
fff9
0000
ff31
000f
0082
ff75
00c7
0016
000f
ff31
ff50
00ca
0058
ffa6
00f1
ff5f
ffd4
00c7
0096
ffa3
ff3c
00de
0030
005c
ff0c
ff1f
ff28
005e
00f0
ff3b
ffd3
00cd
ffaa
00bb
ff39
ffbe
ff6c
0026
ff90
0024
00ef
ff2a
ff0e
ff54
009b
00bc
ff66
004d
0071
ff91
ffb1
ffad
00e1
0069
ff39
0092
0034
ffa6
0096
ff73
ff62
ff8c
ff9b
0074
ff84
ffbb
ffeb
0092
0055
ff80
00bc
ff5d
ff2e
ffc6
0002
0017
ff6e
ff19
0076
00cb
00f0
00b0
0012
0064
0093
ffd5
ff84
00a1
ff5d
ff95
0073
0195
00aa
ffd5
ff20
019b
0187
01e6
025b
01c8
0203
02a3
0263
025b
02ea
02db
0088
02b9
03c0
015a
ffe9
0018
006b
0073
0233
017e
019b
02ae
0055
020d
03aa
010a
ffcc
ff09
ffe3
01b1
0189
00f6
0121
02fb
02a7
04f8
033b
0107
0016
ffcf
00cf
0054
019d
0127
0023
000f
05ed
07ad
0526
011f
ff24
fe8e
ff62
ff7f
0233
00ea
fe74
fbe8
031b
055e
044e
fed9
fdb7
fafd
fbbd
fd07
0044
0132
fe66
fd97
00ad
017b
0148
fec1
fd39
fb05
fabd
f9df
feef
fdb7
fdb2
fb65
0187
01c1
0060
ff7f
fe19
fd34
fb81
fb0f
fc20
fcff
fbbb
fbe8
00d6
017a
010f
fe1f
fe14
fd6f
fd0a
fc3e
fcee
fca1
fb5e
fd6f
0109
ff93
feff
feda
ff4b
fed0
fd60
fbe0
fc7b
fd79
fb63
fb73
0392
0285
01e3
0053
fff7
00a8
003e
ff4c
013a
ffe7
ff3d
fd43
0199
045d
00d7
010e
ffac
fe45
fc6a
fcae
fd1e
fcac
fe08
fab8
0006
fe28
0013
ff37
fe4f
feac
fe6d
fdf1
fdeb
fe53
fff3
ff32
ff86
002c
fe86
ff7d
00c5
ffe0
000f
fe5e
fd28
fd83
fdc3
fe12
fe3d
00fa
fded
fd54
0087
001f
ff61
fc50
fce7
ff55
fe8a
000b
fddd
fde2
fc7b
fa2f
fc30
fc8a
fb1a
faf3
fc2d
ff82
fed9
0035
fdd0
fe55
fd27
fb74
fba5
fb62
fb49
fbc4
fa23
ff21
ff18
fe02
fd4e
fe66
fd11
fc4c
fa46
fb76
fb06
fc38
fd63
fd5c
fe9d
fec6
fec1
fd52
fbd5
fb83
f815
fc28
fbb0
fb17
fccc
fd70
fcb2
fd5e
00f6
febc
fab9
f7cf
f7d5
fbf1
fcd9
fc7d
fc49
fe41
fb39
fcc1
0141
fe69
fc23
fafe
f8b3
fbac
fc79
fb59
fbfe
fc75
fcd4
fc64
0176
ff59
ff44
fb45
fa43
faac
fc28
fba9
fc66
fc25
fc23
fd4f
00e1
00b7
0064
ffd1
ff07
fe6e
fe36
fdea
ff04
fd33
fd9b
ff7e
0206
ffc9
fefd
fe8d
fe69
feb9
ff51
00d8
0049
ff5c
fe05
fe1c
007f
0079
002e
0091
fe99
ff65
ffb4
002f
016f
0086
0125
00d2
0015
016a
00d4
0145
0075
0096
00de
0048
018b
00a3
01e4
00bc
01c4
02c1
016c
0013
ff3b
ff3d
0057
0187
0135
ff3e
ff68
0122
00e3
02b4
01b0
00c6
0025
0063
0013
ff9e
01da
0168
fff5
0073
023b
017d
ff8d
0090
01db
00f0
0058
ff4e
0050
017b
0144
0070
000f
0017
0041
01ce
fff0
002b
ff37
fda5
fe89
00f8
01e8
00e1
0197
0189
035b
00f8
00eb
fdbd
fdbd
fd6b
feb5
ff87
00e3
025d
021f
020a
02e5
00f8
00f7
fe7f
fc42
fd87
ffd4
0025
01ea
02ae
0089
01a1
01cd
0190
00f0
fe9d
ffd6
ffd9
fff3
00f5
0133
ffe7
01e5
0203
00a9
fec9
0067
feff
ff51
0079
0023
0039
0048
fe8c
033e
0092
ff58
0007
00b8
fe8c
fd75
fe77
fede
fef7
fe5a
fe96
0181
0100
0220
026b
00cb
ff8d
fe74
fec3
fd84
fe3d
ff42
feac
ff8f
ffa1
fdc2
ffbd
005d
0072
fec3
00f9
028a
01bb
039a
ffb7
fe59
ffe0
ff7c
ffb2
00f5
0110
0094
ffce
0079
0059
01fd
ff48
0095
0117
fe0d
ff3a
005c
01e1
02ec
ffd9
ff92
fde1
ff2d
0156
0294
ff98
fd14
fded
00bb
0278
02bc
00ce
fd77
fbf0
fea5
00cd
01c9
fdee
fcd0
fe59
00b6
018d
0193
0072
fda0
fbe4
fe8d
013d
fe71
fb80
fd67
ff14
ff5e
fe9c
0094
ff06
fed0
fed7
fe08
ffa0
00be
fe8d
fc28
fc7c
fcad
fd1c
fed8
ff5c
ff1d
fded
fcde
008b
0007
ffaf
f8fa
f946
fcc0
fe09
ff8c
0012
002b
fda7
fda2
002f
00fc
ffee
fc85
fb4a
fde0
fe3b
ff97
015d
ff44
fe7a
fd7a
0122
03db
018f
ff8e
fec3
fe44
fe33
ff1e
ffe0
ff4d
fe74
fef4
00ed
0484
047f
01c1
0018
fe2e
febf
011d
0178
ffb2
01c2
00ae
0091
03c2
0324
ffb7
fcb2
fd38
fdcd
01a7
0487
0519
03f5
02f0
0235
0140
01fc
01cd
fbd7
fdcc
fc99
fef1
01f0
fedb
fe54
019c
ffb1
02dc
ff58
021d
01ec
02fc
006c
023d
01ef
00d5
ffbb
0121
ffdf
035b
02cd
027d
01c5
fecc
ff89
001c
012b
007a
ff07
fd9c
ffbc
01c9
02c4
0163
004c
fce7
ff88
fef4
ff62
007f
ff22
fe57
fda2
0197
0299
0070
fe26
fcef
fe14
fe74
fed1
0123
0277
fe62
fe3e
0141
01b9
0057
fdaa
fc77
fd61
fbfe
fe4b
ff93
ffda
fd97
ff65
0224
0131
0070
0073
0036
fed5
fe19
fd75
fdb8
fd99
fee0
ff04
0283
0170
01e5
0132
0330
0350
011f
ff74
fe8e
ffd7
ff25
fee8
0135
009b
01a2
0227
ff8a
0250
01ad
0085
fe56
ff06
fd5f
fe88
01ef
00f3
01bc
0022
ff4e
ff6e
010d
0047
00c2
feeb
fd16
fdc0
021e
0460
011c
025a
001e
00c6
0021
fe22
00ac
fed9
fc4e
ff12
0129
022c
00d7
ff84
ff6e
fe7a
feab
fd93
00ce
ff4c
feb9
fdf2
093e
011f
ffa0
ff69
00c8
ffc9
0046
ffb9
001b
ff49
0069
007b
fecf
ffea
ff68
0028
feae
fe74
ff2b
00c8
ff09
ff0d
ffc4
00c6
ff83
ff9c
fedb
fedb
feb7
feb1
0052
00d2
008b
ff50
0095
ff79
ff32
019e
fe70
fe8b
003d
ffba
0043
fef6
00bb
ff61
000a
fe5d
ff52
ff26
006d
ffdf
002f
001a
ff6f
0058
ff12
fe7b
fe50
ff3b
fe65
ff31
ff95
004b
fe40
ff5e
0010
0054
ffe4
005f
fee9
fe9f
ffa3
ff78
ffc4
001e
0016
ffe6
ffb5
ffc9
fff0
fff7
0134
fed0
ff5e
0012
feb6
ffc6
ffa7
ff81
00d9
ff44
feb2
fe7d
ffe8
fef7
ff54
012e
ff15
ff96
ff1b
ff4e
ffbb
ffd3
ff81
0146
ff74
0008
ff6e
fffb
fec4
fe63
ffd3
001d
ff8f
ff4f
ff6f
ff9b
01ae
00a5
fe6e
fffd
fed3
ffd3
fff6
feeb
002a
fec2
ffa1
fef2
fe73
fecd
ff81
feb8
fee4
ffbc
fef5
ff3f
004c
ff9c
fed0
ffc5
ff30
004e
fff8
ff32
00b1
ffd4
fed8
fe53
00b7
fefc
ff6f
ff94
00b8
ffcc
fe0c
fef4
fe1c
ff4a
fe35
fe6f
fecc
0081
00c1
0132
013c
0044
fef8
ff1b
ff12
fe5d
ffa3
ffa1
fff2
001a
ffc4
ff36
fe19
ff8f
ffc3
fe4f
004a
0022
ffc1
ff62
fe85
febb
0044
fe1b
feb6
ff63
fed7
fe10
ff61
0012
fe64
fe11
ff1a
fe39
fe6f
fdc8
fe1a
0063
ff59
fe52
fed7
ff05
ff2b
fef4
ff67
ffe2
ffbe
feb4
fe0e
0024
ff27
ff7b
ffc6
fecc
ffe8
ff8a
0000
fe9f
0045
ffe8
ffe2
0017
ff39
0049
ff69
fee3
fecf
ff52
ff46
ff2d
ffbe
fe71
0146
001a
003f
00c2
ff3b
fee0
ffca
fed7
00bd
0052
fe64
ff73
00d5
01b2
fe56
ff7c
ff03
fead
fe54
ff02
fe32
fef4
ff72
fe9a
ffe2
ff92
ff2d
fead
ff48
febe
ffa7
ff83
ffed
0040
fe71
feeb
002b
fef8
ff05
fe3e
fe82
ff16
fee1
ffda
0047
ff7e
fe27
ff55
005c
ff65
fed8
ff80
ff6d
fff1
fef3
0004
ffc2
ffe4
ffb4
008a
ffcf
ffd3
ff38
fefe
0062
fe44
fe65
00e2
00b8
fe56
002e
fed8
ffe5
ff52
fff0
0080
ff45
002d
ff0d
ff64
ff09
ff6f
ff4c
ffb2
ffb0
ff0f
0017
ff4f
fe8e
ffa5
fe8d
0042
ffae
0199
ff66
fe4b
fec7
fe80
ff0c
0074
fe7a
fe9c
ff1a
ff16
00f2
00b2
fe44
feaf
0097
fea1
ff67
ffdb
ffd8
0089
fef4
ffef
0031
015c
0078
ffc8
008b
ffc4
ffb0
ffa3
ff56
ff24
fe46
fffc
ffaa
0066
0136
fecc
ff2f
fff1
fd56
0016
0088
fedd
01dc
0176
fe89
ffaf
ff97
ff7a
ff3b
0010
ff30
ff20
ff92
fe8b
ff72
ff75
000f
ff1e
ff65
ffb8
ff88
ff34
fe27
ff2e
ffc2
ff8c
fee4
ff8e
ff3d
febc
fefa
ff96
0001
fe47
fde1
fec3
ff10
ffb8
00ee
fff3
fe8c
ff83
ffca
0060
0078
ff79
feda
013c
fec1
ffe7
008e
0073
0004
ff7e
ffdb
00e0
fe1d
ff21
ff43
ffbf
fe2b
feb9
fe75
fee7
fef8
fe7d
feab
0010
fed6
ff09
ff15
0057
fe30
fe6a
ff07
fff2
0087
fd73
ff64
fe53
fe98
fee7
ff3e
ff8c
ffa8
ff19
fdc6
fda5
fed8
fe1a
ffb4
ff4c
fecc
fed6
fdbb
013f
fd70
fee5
fe7f
fe2d
ff43
ff64
009d
ffbe
fe66
ff8a
ff62
004a
fe28
fe97
ff91
ff6c
ffce
002c
fe79
fe95
005a
fef1
fea2
ff66
0211
fe49
fecf
008f
fef3
ffe4
ff8a
ff91
ff9a
ff0a
ff10
0096
fed0
fef5
ffe9
fe1f
fe92
fdce
ff58
fe11
ffe7
ff09
fe9a
00b1
fe78
fd07
0045
ff92
fedd
ff74
fe71
feae
ff83
fe4a
008a
00a3
ff65
fec5
fe60
fe81
feb2
fe01
ff98
ffbe
fdc2
fee4
fefd
ff7e
fe9a
fe9c
ffa8
fed2
ffda
feee
fe90
ff3d
fe7e
ff25
ffc4
ff44
fe3a
ffbc
ffa1
00cb
ff2b
ff98
febe
0005
fe76
fded
fe51
000c
fe8d
fff3
ff3b
0110
ffc5
fed4
ff8e
00b5
ffa0
ff25
ff5e
00ec
0062
fe9b
fd90
fe04
ff1c
fe49
fedc
ffc1
ff57
fe2e
ff8a
fe96
fd99
ffbc
ffdf
feef
fe7e
008c
fff7
ff34
ff93
fea9
fef6
feff
fe4f
fe9a
fefe
fe7c
ff7a
fe9e
ff4b
0007
ff55
fe70
ffa8
0015
ff6d
0055
ff57
ff01
0016
fe67
007b
fee2
fe2c
fe8e
fe49
fe38
ff35
ff4b
ff8d
feb2
fe23
ff25
ff89
fee8
fdf8
fe86
0007
fe88
fe2b
feff
fed5
fefb
ff41
ff17
fef0
ff84
ff26
fff6
feb3
fea6
ff39
ff19
fea4
fea9
ff85
fece
fe0f
ff0c
ff77
feea
fdbd
feb3
fe0f
fed1
ff27
fe57
fe66
001f
ff68
fff1
ff7a
ff4c
0032
ff6c
ff90
ff67
fee5
ffc7
febb
ffe2
fee6
ff97
0086
00a4
ff2e
ff41
ff5b
fff3
fe60
fece
fe36
ff76
ff50
febc
ff83
009d
fe0b
ff7c
fe44
ff51
ff1f
fee1
005b
0059
ff73
ff83
fed4
0070
fff3
0052
fef1
fe4e
ff3f
ff02
ffe1
ffd6
fef9
ff14
ff40
fea7
ff91
ff3a
ffc0
00c9
ff64
00ac
0072
002a
ffbc
fff6
00ad
ff62
ff0d
008f
ffa3
ff62
ff7c
ffbb
ff4a
ff42
ff84
004d
0010
ff57
ff6c
0015
fec4
ffaf
ff78
ff78
0025
008f
0011
ffc1
ff49
fff6
0094
0021
ffa7
0053
007f
ff9b
ff35
003a
00d7
0045
002f
ffee
ffe7
ffbc
003a
ffd9
ff00
0053
003d
fe7f
ffdf
ff1b
ff0a
ff3b
fdea
ffc1
ff41
ffc0
006e
ff9a
fedd
ffe2
ff06
001d
0023
ff1a
fe9e
fed4
002d
ff79
0072
0047
ffd2
ffba
0015
fecd
fefb
ff88
ff24
fe6c
ff3a
ffa5
ffc5
ff84
0016
ffd1
ffe9
ff3c
0125
fef7
fe41
fff2
ffb3
fec6
fec1
ff9f
fe94
0028
0070
ff2d
00ba
00d3
ff8a
fe8e
ff81
fed8
0044
fff7
fff4
fe35
002b
ffc9
ff96
0020
ff80
fe95
fff0
ffdb
ff6a
ffc1
0047
ff90
0005
010f
0119
fe3b
ffa5
0016
ff58
00e9
00f3
ffac
ff41
fefd
ffe8
00f3
ffbd
ffb6
0043
00ac
ff53
00b7
ffda
ff81
0043
000d
ff68
ff94
00e7
ffdc
ff91
ff5d
fff1
0031
00b2
004f
00dd
ff3c
ff73
ffbc
ffea
ff15
002f
009d
ff57
01b1
ffa6
008f
fed5
ff17
00e1
ffa9
003a
ff13
feb9
ff35
fe87
ffad
002a
fe5e
0052
ff8e
ff29
00c0
ffb4
fe8c
feb1
017c
ff97
fe88
ff43
fff8
ff81
ffa7
00b1
fed7
fe7e
0155
ff4f
000b
0019
fe45
fe7a
ff9b
ff2a
fed2
fec1
fec6
fff9
01ba
ff9a
ff41
ff0c
fffc
fe50
ffdd
00a7
000b
fffc
ff90
0148
ff7e
fec3
ff48
fff8
fec0
ffed
fe8f
ffaf
ffb2
0042
fe5d
ffb7
0037
fffa
0114
ffeb
ff6d
ff46
0158
ff54
ff36
ffe9
00ba
007d
fff5
00bb
00aa
ffb1
fe82
fe60
0013
fef1
ffa7
015b
0036
ffeb
0036
ff4d
ff96
fe5a
fe82
fec4
ff4d
ff44
ff7b
004a
ff40
ffc3
ff98
fe6a
0067
ff9a
fe5d
ff45
ff77
fec8
ffa6
ff14
feab
00d8
002b
ff8e
001d
feef
ffec
ff39
00ad
007d
ff66
002f
ffa5
00b8
ffe8
0032
008e
fee9
fff3
006d
0074
ff7c
ff8a
0062
ff9f
fff3
ff40
fec4
009c
ff58
ffa1
00ec
ffde
ff71
0078
ff9b
0099
ff9a
0089
ff3a
0106
0053
ff88
0052
ffa3
00b8
ff88
0059
0135
ff65
008c
0060
0008
ffea
ff14
ffda
ff36
ffcc
008a
ffb7
009c
0000
ffc3
ff1e
ff7e
00d4
ff66
008e
ff5d
ffb6
ffbe
ffe8
ff4a
ffd5
0026
0096
ff40
ff38
fed0
00d3
fefb
0013
ff5e
ff87
00b6
ffbf
ffd9
0017
ffc0
00b0
0086
ff5e
ff71
ff9c
0075
ffa0
0107
00ce
0050
ffd3
ffdf
00bf
012b
0016
003d
ffc3
00a8
0073
009a
0050
ffb6
003e
ff4f
ffde
ff23
00ae
0016
ff84
ffba
002e
fef5
ff99
011a
0030
ff30
013b
ffaa
feed
ff1b
002a
ffbf
ffb0
00dc
ffb7
ff52
ff19
ff8b
ff64
ff60
0038
fff4
ff66
fef1
0034
ff54
0023
005f
ff1a
fe92
009a
ffd7
ff19
fed7
ffb8
ffa3
fec4
ff75
fe62
ffc5
ff12
0181
010f
ff0d
ff88
0010
ff74
008a
00d6
fea3
fe48
0031
0009
ff04
ff96
ff72
ff56
00c7
0042
ffb8
ffa2
00ea
ffbb
ff42
fed8
00f7
fec2
ff35
ff30
0116
fffc
fff0
007e
ffb0
fe4e
fec3
ffe1
ffbe
ffb0
ffa4
ffb2
0014
fffd
0117
ffbe
feb2
ffcb
ff40
fd9c
fe6f
ff65
ff72
fec5
fe7e
fed9
feda
fe96
ffac
fe3a
ff2e
fef9
ff6a
ff8f
0025
fefd
fe7e
ff26
0066
fec8
ff22
ff60
fee9
fee2
004b
fef7
ff23
fe73
01a1
ffed
00aa
ff2c
002c
ff4a
ff4e
ff46
feff
0022
0028
000a
00c2
ffd0
fe90
fecc
ff61
ffcd
003d
ff71
0120
feb7
fee2
000f
ff5d
003e
ffe1
ff60
0162
0019
fec3
ff52
011a
ff63
ffc9
fffa
00c4
ff12
fec6
fdf3
01b8
0060
fefc
ff4c
0113
fec2
ff40
fe76
fe90
ff11
fed6
ffcb
fe4a
0065
ff00
ff7f
0056
ff10
ffc0
00a1
fff1
ff6a
00f6
ff66
ff80
ffc1
ffdf
ff1e
ff87
ff1d
00de
005b
006d
0032
00ed
ff96
ff3a
0095
ff72
0004
0093
ff0a
ff2a
008b
0058
ffdc
ff73
ffb1
ff9d
ff90
fffc
0014
006a
ff76
ff54
0051
0093
002b
0084
ffbf
00be
ff4c
0067
0056
00d2
ff7f
008d
0048
0047
0061
ffee
ff75
0085
ffb0
ff90
ff38
0078
001e
0044
00d9
ffe3
0061
ff6f
00d1
001d
ff76
ff3b
ff45
ff03
ffee
ff37
ff77
ff48
ff67
00d0
00fa
0093
007d
ffcd
00c4
008e
0070
ff1d
00ee
00be
009d
00c7
004a
002d
ff37
0059
ff06
00a9
ff7e
ff17
0045
00f1
0097
ffc9
0016
ff25
ff20
005e
ffed
009c
00a2
ffce
0035
ffe9
005e
ffd6
00a4
005d
00c8
002f
0084
fff0
008c
ff80
0061
ff0c
001f
0043
ffbe
ff89
ff26
ff83
00b0
006c
0070
ff99
0061
ffd4
00ca
004a
ff59
0057
0034
00c0
ffa1
ffcb
00ab
00f5
00af
ffcc
ffbb
0037
ffb0
00dc
0069
ff49
00af
ff79
00ea
00d3
00d9
ffd9
0020
0010
0046
000c
ffad
ffc4
ff5d
000e
fff9
ffc4
ff07
00bf
ffaf
ff07
ff5c
00bc
ff9c
006d
ff35
ff9c
ff15
0005
00dd
ffa4
0062
ffe0
0015
ff9b
0078
ff7e
ff79
ffa4
00a1
ff79
fffc
00f5
0085
0062
008d
00e1
ff4e
ff2a
ff6e
00e1
000b
ff22
ff82
008a
ff18
ffd2
ff77
ffe4
001e
0060
0042
ff51
00f4
ffdb
00ef
0016
0097
ffb0
ffd8
ffa1
008d
ffee
0041
ff7e
ffb2
ff5d
0023
ff0f
ff31
0098
00d6
ff81
ff45
0005
00df
0083
0052
0096
0072
00e5
ffe7
fff4
00f7
ffa3
ff5c
ff3c
ffcf
0095
00af
0005
ff28
0054
ff14
0027
ff70
ffb6
ff41
ff9c
00d2
ff36
002f
ffa6
ffc8
0066
0019
0070
00c0
ff3a
00a7
0057
00ab
0088
00d6
004d
00d5
00ee
00bc
ff62
0097
ff9f
ff41
ffaf
00d3
ffc6
fec5
ffb7
fef7
ffbc
fed4
ff72
fef7
ff39
ff21
fe78
ff72
002b
fda9
ff94
fd68
ff8b
ff01
ff4d
fe7b
ff90
fec6
fea2
ffaa
fea0
ff9f
fe8f
fe2c
fe38
fe15
fed2
feba
fe23
fe97
ff03
ff24
ff87
fe80
ff4a
ffcc
fec5
ff7c
0059
00bc
00b3
fee1
fef7
ffbd
ff74
fdb7
ff36
fe4b
0044
fed4
ff11
fe7a
ff62
0044
0090
fecc
ff7a
00e5
0030
0088
ff95
ff43
ffed
fe6d
003f
00e9
fdcc
fec4
ff82
fe67
00b0
0088
fff4
ff25
ff64
fe51
ff6b
feff
fee5
0021
fea6
fe45
fe39
fe23
feee
fec3
fe7e
fff0
fdb3
fdf5
ffd0
0046
ff1c
ffd8
ff15
ffa2
fed9
ff59
ffc8
fed1
ffda
fe4c
ff73
00c9
fe5c
003c
fefc
ff5c
fefb
fe7f
ffa7
feb1
ff10
ff08
feb2
ffe4
ff0e
feb7
ff53
00bc
ffc4
ff9e
fe4e
fde7
fe00
ff89
fe7c
ff04
ff83
ff52
fe96
ff2b
00c9
ff77
0069
ffd6
ffa3
ffe8
ff50
ff50
ff7a
ffe0
0017
00db
017a
ff91
ff5d
ffe5
ff07
ff5b
003e
fe11
fe78
00c8
fe71
ffb5
0102
009b
0023
0001
febc
ffea
ff08
ff58
00a1
003f
fe9f
ff1e
fe86
0055
005c
007f
0095
ff32
0049
001d
ffb7
0062
ff67
fedb
ff43
ff79
ff85
ff7f
ff21
ff9a
ff56
ff68
0089
00fb
ffd0
fe57
001b
ff90
ffe5
0053
0027
ff8e
fe1b
ff9c
fffd
fff2
fff1
fe6a
fe84
fe52
0004
ff47
fef0
015b
0174
ff53
0056
ffc4
0020
fe8b
0004
ffe5
004e
ff17
ff47
0094
fe53
fef1
ff31
feba
fecb
ff5a
003d
0022
ff74
fe6b
ff65
01a0
fecd
ffb0
009a
014b
ff4e
fe5f
ff3e
0092
00d7
fe56
ff49
0132
020c
ff1b
00c6
014f
fffc
ff57
fe55
0063
ff7b
001c
011e
ffbf
ff90
00d6
ff61
0088
fef5
ff89
fe5c
0015
ff91
ffbe
0049
fe8d
00a3
ffb1
fe51
0098
ffd7
0150
00ea
fe7e
fef9
00f3
fe61
006b
ff4f
ffb6
ff9e
fe8d
fed6
febd
fe69
fe9c
0031
fe46
ff1e
ffdd
0017
ff9b
0039
ff28
ffad
fe0f
ffbc
000f
ffbc
ff72
fe45
fea8
ffc8
fff7
fe9a
ffae
00a2
ff99
0027
ff53
ff19
ff5f
fe51
fe24
ff9f
ff3a
0039
ff0d
ff91
0059
0018
ffbb
ff5c
ff47
fed5
fe74
ff08
ff44
fe5e
00ff
ffc9
ff20
00bd
0003
ff50
ff45
fec2
ff80
fed9
0021
0063
005d
0059
ffc3
018b
fe73
ffda
ffc9
ff11
fe75
ff17
00da
ff7e
00b3
0072
ff51
fea1
fee4
feb3
ffa4
ffb2
fed3
0052
ff5a
fedb
004f
fed0
ff74
ff3a
fefc
0024
ff6f
fe66
000d
ff15
00bf
ffac
ff8c
ff5a
fed3
ffd1
feed
fea9
0020
0090
fef7
fed2
ff87
ff40
ff0c
ffab
013f
ffad
ff7a
ffa2
fe36
fefe
ffcd
ffbf
0010
ff85
0030
00c2
ffe8
ffc2
ff15
fe26
fe93
fed1
fe77
ff0f
fe8c
ff12
0003
0021
ff98
ff2c
fee3
ff37
0008
ff7c
ffb4
ffd8
00ac
ffd8
ff86
00ef
ff7d
fee2
ff93
00a4
0012
006b
ff57
0075
fe6d
ff28
fe4f
fe54
fec7
fe11
feb9
ff0e
ff0a
feb5
ff9e
ffdc
ff91
fdba
fe3f
fe5d
fdbd
fd85
fecf
ff03
febd
fef1
00aa
ffb5
0007
fd1f
fee8
ff6a
fe62
ffd1
ff71
ff37
ff43
ff60
012b
ffb7
ff8f
fd77
ffcc
ff3d
fe7a
ffd0
ffc3
fe4b
fff9
0057
006e
ffeb
fedc
fe01
feb4
fe46
fdd7
ff12
ff62
ff5e
ffee
0004
fe7f
ff2b
fffd
fe1a
fd74
0091
fe41
ff72
ff1d
00d1
000b
00f3
fe4d
00b9
fde4
feaa
fe19
ffaf
fea8
fe94
ff34
ffce
0032
fe74
ff66
00e8
fe32
fe83
fddd
ff9c
ff41
fe98
ff7d
0075
ff7c
ff3f
00fe
ff88
ff27
fecb
fdb9
feff
ffac
ffdc
fe57
012d
000e
fe21
0034
ff9d
ff1c
ff78
ff01
ff5c
fefc
fefc
0044
0165
ffe7
fef0
00cc
0009
fe19
001b
feba
005e
ff1d
0121
ffb5
006a
01a7
ffe0
fff3
ff16
ff16
ff12
0032
fea0
fed5
feaa
ff9b
fee4
ff5b
ffe8
0025
fe79
ffc6
ff74
fea3
fe24
fe40
ff36
fed7
ff3d
ffb2
ffcf
ffca
ff77
fe79
fda2
ff1b
ffbf
fef5
ff61
fe13
fec1
ffa2
ff5d
fe2f
ffbb
fe7b
fe0e
004c
ff18
ff38
fe7e
fe9a
ff64
0079
fe96
fe10
ff05
ff33
00e0
001b
fefc
fe92
ffb3
fe48
fdc2
fdea
fee6
fed5
ffd5
fe49
fe97
000c
003f
ffc8
febd
ff4b
fec7
ff6b
fe04
001d
fe90
ff88
fee7
0028
fe4d
fe7a
ff06
febb
ff8f
febc
fe4e
fea1
fe06
fe6e
fee8
ff50
ff3d
ffdd
0039
ff10
feec
ff95
feb8
ffeb
fed0
fe9b
0050
ff83
0094
ff86
ff83
ff8b
00a5
ff5a
fea0
ff18
ff64
003d
fe68
003a
ff74
ff62
0119
fed4
0019
ffa5
0063
ff78
fe78
feee
fe27
ffe2
fff1
ffb1
00ae
ff9c
fd2b
ffdb
ffce
ff92
fdc1
fec7
ffac
ff3f
fe5e
fe56
ffb5
ff4d
fdd5
fd8d
018a
0183
0063
008e
fffd
005d
ff85
ffe7
00dc
ffb0
ff15
0069
ffa6
0065
ff48
ff5d
0022
00b6
00bf
0022
ffc4
ff1c
006d
ff37
ffcf
ff95
ff20
ffaf
0002
00da
ff48
00ae
ff3b
ff5e
0099
ff43
002e
00aa
00ba
0087
006f
ff1b
003c
0010
00d2
ffa9
00be
0023
ff35
ff76
ff9d
001e
fff8
00ef
0055
ffe2
00a4
0046
ff7f
00d5
0019
0021
0069
ff19
ff6b
00aa
ffc8
00c4
00b7
ff16
0036
ff70
003a
0069
009f
0070
ff53
00ee
0052
006e
ff8c
00e2
ff6c
ff67
0097
0052
fffc
006f
ff87
ff8d
ff5a
0097
000a
ff3f
0071
0050
ffba
002a
0097
0061
ff06
0007
000d
ff2f
ffb7
0042
007c
ff82
ff9c
ffc2
ff38
0001
ffb8
ff44
ffd5
0002
0004
feab
ff31
0079
ffb9
ff2f
ff06
0053
ff54
ff0e
ff9a
ff8b
000e
ff6c
00b8
ff29
0050
006a
ff20
ffc2
00df
ff55
005b
0039
fffa
ff57
ff6c
004c
0052
ff0a
ffec
008d
fff9
00b0
ffc4
ff0e
ff47
fffb
ffab
ff56
0057
0044
ff89
ff71
fee7
ff34
fee0
0066
ff62
ff32
ff35
ffbd
ff68
ffee
ff11
ffb2
ffbf
00b6
ff6b
0080
ffc9
0035
ffd7
003e
fee1
ffd7
ff11
0025
0099
feee
00b5
fee9
ffff
ff6d
0054
006d
005c
0014
ffb9
0090
ff6f
ffd0
0016
ff5c
0015
0041
ffa5
0010
ff29
feed
fed0
ff8a
ffc7
feca
fff5
ff27
ff85
fefb
feec
ffdb
fee0
feea
000c
fee1
00a4
ff9e
feed
ffdc
008e
fecd
ff95
ff33
ff4e
0069
fee5
fffa
ff23
ffc4
ff22
ff54
fee1
ff79
0025
ffea
fec7
ff2c
ff3a
ff0a
ff1d
febf
fe70
fe78
feaa
fe6e
009e
0014
ffec
feda
ffc6
0016
0099
fed6
ff46
ff1c
0049
ffa4
0038
fef4
fea7
ff2a
fecb
ffb3
ffc8
0002
ffa1
ff9a
ffd7
004f
ff4b
ff5d
fe94
ffea
ff1d
ffcc
ff94
ff00
fef8
fef6
ffba
fed2
0085
ffb0
ff36
ffc8
ff7b
0037
fe6a
fed4
003e
006c
ff8b
ff23
0012
0004
0038
003d
fff2
fedc
fee2
fef5
ffa3
0057
ff6a
ffb7
ff7a
001e
ff0e
001f
ffc6
ff57
ffa4
ffbd
002f
00bd
feab
ff15
ffbb
ffc6
feec
ff92
00b1
ff7c
ffac
ffee
00b8
ff98
ff49
005e
ff51
ff6c
ffe5
ffdb
ffd3
ff6d
0024
ff90
feda
fedd
0018
007e
ff15
fff6
0006
0057
009e
ff99
ff32
ffea
0041
0088
ff0e
ff20
fed0
009a
0035
ff21
ff87
0034
ff08
ff1c
005c
0057
feee
fffe
ffa8
ff71
0068
ff61
ff05
fee0
ff88
ff12
ff90
0077
ffe8
ffd7
ff9c
0095
00ab
ff1a
0083
ff8b
feb0
0069
0085
0033
ffcd
0085
0094
ff76
fed9
0099
ff0d
fec9
fe8f
0067
00b1
ffcb
005f
0037
ffed
0059
0052
ff2f
fff5
ffc8
ffb2
ff9c
0055
0091
ff5c
0069
005c
ffa1
0025
0079
ff40
001a
ffc4
000d
ffe5
ffe6
feed
fef2
ff5a
ff33
008c
ff73
ff68
ffc8
00bb
006d
fef1
ff2c
ff71
ffad
ff08
ff40
0078
ff65
ff4b
ffa0
fff5
ffac
fe4d
ff1c
fe76
fea3
ffe1
feae
ff55
ff08
ff5d
fee1
003c
0013
ffeb
003f
fe66
0029
0020
ffa4
ffb3
00af
0010
ff70
ffa5
fec4
005b
fe69
fecc
008a
006d
004d
ff90
ffa6
ff27
ff6f
ffdd
fe91
ff46
0003
0027
ffc3
ffa7
ff25
ff78
fffa
ff8e
0029
ffeb
0035
001e
ffaf
0041
ff91
ff1f
ff6c
0085
fee8
fec2
ff8f
ffa4
0054
ffa5
0070
feb0
ff53
0040
ffa0
fef7
ff99
008b
0059
000e
ff0c
002a
0058
ff23
ff02
ff04
ff7f
ffc6
ffb3
ffeb
ffdb
00ae
ffa8
004c
ffaf
ff59
ffd5
ff51
ff72
000e
0036
fec9
feef
ff57
fede
000f
0037
0028
ff47
0096
ffce
ffb0
008a
0042
0011
0082
fe77
005e
0011
0065
001a
ffba
ffad
ff67
009b
ffef
ff7a
0025
ff12
ff33
ff32
ffd9
004d
fef2
ff61
007d
0074
ffaa
ff68
ff29
ff61
0036
ff41
ff94
ff41
fecb
ff48
ffb6
ff0a
ff73
ff7e
0044
feda
ff45
ff28
0052
ff27
00bc
ff67
ff2a
002d
008e
0050
ffc8
ff4e
0040
0024
fff1
ffe9
ff24
ffda
ffd2
0090
ff9e
ff15
0070
002e
ff12
ffe4
fff7
0056
005d
ff35
ffce
ff75
ffb4
ff6d
007c
ffad
00dd
00dc
ff4f
001f
0091
ffdd
ff83
007e
ffe2
ffe1
ffcf
0095
ffeb
005e
ff8f
fee3
ff4c
00b4
ff37
0086
ff0f
ff0a
0049
001e
0079
00f1
ff9a
fec8
0045
ff00
00d0
ff3f
0070
ff21
0040
ffbd
ff13
00cf
002a
ff77
ff4d
0098
ff58
fff3
006e
002f
ff01
fff7
fff4
fff7
ffa4
ffc8
ffe4
005d
006d
ff8f
feef
ff77
ffd7
0032
ff7e
fed4
ff95
005d
ff82
fef8
ff42
0016
0096
fecd
ffc9
ffbd
ff3b
0042
002c
0049
0064
ff15
ff8c
ffdc
fefb
ff9f
ff3f
0059
0040
ffaa
ffb6
fed1
003d
ff25
0096
ffe8
009e
febf
ff7c
ff09
ff69
00eb
ff13
00ed
00c9
00de
ffbd
006e
007d
ff17
002c
ffa3
ff6b
ff2a
ff9b
002e
0027
00d6
ffa6
ff67
0007
ff34
ff18
008f
ff84
ff97
ff6f
0006
ff07
ffb4
0015
ffd2
feff
ff27
00e3
0057
00d2
0054
00a4
ff7e
ff48
ff7e
ffc2
ff5a
0079
fee1
fef7
ffb0
ff6c
ffd9
ff8e
ff43
0087
003f
fea2
ff06
ff66
0047
008b
ff78
ff3c
ff12
ff3d
ffc8
0091
feff
0060
ffcd
ffda
0090
ff31
ffa4
ffe8
fee8
0054
ffc3
0005
0083
ffc1
ffe9
ff6a
008f
ff03
00b8
fef5
ff4e
ff66
00cc
ff0c
fed7
0013
fec6
0010
ff2c
ff01
ff90
00a8
ff21
fef4
00c0
ffdd
ff3f
feba
ff6e
ff7b
ff70
ff49
ff17
ff68
ff6b
003b
ffb9
feff
ff2d
fea0
0020
fff3
ffc4
ffa3
00a7
00e0
00ea
ff1d
ffdb
ff22
ffe1
ff53
ff0d
ff94
0068
004f
ff92
feb7
0076
0068
ffca
0034
ffce
fee7
00a3
fff9
0069
fff7
ff52
ffdd
ffb5
ffc9
ffa6
001f
003d
0059
ffde
0061
ff51
009a
ff11
ff92
0064
ff4d
ffb6
ff37
ffb0
fff4
009b
ff7a
ff88
ffc2
005f
001f
ffa5
ff35
ff19
ffcb
ff31
0053
006a
ff25
ff46
0084
ff02
0049
00b3
ff0f
ff5f
00aa
fecb
ff04
ff4c
00d7
009d
00fa
ff74
008a
007b
ffe1
ff23
ffff
ff75
fffe
ff5f
ffc1
fffa
005e
ff0b
0071
ffc9
ffd6
0091
0043
008c
ff98
ff4b
0020
ff11
fffd
ff55
00f9
ff59
0077
ffc4
ffe1
fff3
001d
ff53
ff92
0007
ff72
0022
ffeb
ffca
ff33
fff9
006b
0041
ff93
0004
002b
0013
ff2b
003b
ffe1
0069
0072
ffd1
ffa8
009f
ff1b
00d8
ffcd
ffdd
00b7
ff0c
0038
ff3c
0084
ff43
ff4c
fffa
006e
ffcc
ff7e
003f
0086
009c
ff4f
0078
0075
ff3d
0010
fff0
00c7
ff62
ffcf
ffca
000e
0007
ffd0
0094
ff1f
000d
ff09
0086
0040
ff4c
001c
fef0
ffa7
005c
ff97
004d
ff9f
fedb
0069
0007
ff97
ff42
feea
fede
ff35
ffe1
fed9
006c
ff83
ff80
ff30
ff22
0075
0032
ff94
fff3
ff51
ff4a
007f
fef8
ff60
ffca
ff12
ffa5
ff82
fed3
000d
ff47
ff6e
fff5
0011
00a0
00b3
ffb9
0083
0082
0047
0041
fff3
ff50
fed1
ffdb
004f
ffc9
007b
ffd6
ffd8
ffe4
fed9
ff20
005f
0016
fef1
00a8
ff0d
00b8
ff99
005c
ff81
007b
ff86
0055
ffd4
fff6
ffcc
fef0
007e
ff31
ff8d
ffb7
00a0
ffdf
002a
0003
004d
fff5
007d
ff2d
ffca
ffd5
000b
00aa
feee
ff6e
002f
ffbd
0009
feda
0076
ff98
ff2a
006c
003a
007a
ff41
0006
ffbb
ffa0
006c
004d
ffe8
ff9a
ffd3
0097
0088
0009
ff88
ff63
fef3
004a
00b2
ffe2
ff2b
0004
ff56
ff33
ff39
ffdb
fffb
ffb3
fed2
ff03
ffeb
008e
0043
ff86
fffd
ffc0
0087
ff12
ff7d
ff14
ffa9
ff34
002e
0011
fff3
ffa0
fee5
fed8
fffc
0057
ff13
ff1f
0068
0063
ffb7
ff0b
00a2
ff96
00ae
ff1a
005a
0024
00a2
ffee
0098
008e
ff4f
ff8a
fff3
ffc0
008e
0061
008e
ffcd
ff96
ffaf
00a7
ff49
ff6a
ff78
00ac
ff39
ffda
003c
ff97
ff5e
0001
0048
ff73
ffd7
00a2
0086
006c
007c
ff58
fef5
ff47
00b9
ff55
ffb3
003d
ffc4
ff9f
fedc
ff5b
ff15
ff91
ff70
fef3
000b
0083
feb9
fef7
0008
fff7
ff10
ff94
0051
ffec
ffde
ff00
ff7c
ffd3
fee1
0036
ff01
0034
0016
ff5f
0062
ffa7
ff58
ff11
fefe
fece
ffe2
00bc
fecd
ff9f
fef8
0004
ff41
ffbe
ff5b
0079
ffeb
ff4b
ff1b
ff4f
fffa
ffd1
0029
0092
002a
ffeb
ff49
fedb
005b
0038
ff61
ff62
00ac
ff54
fee8
ff11
ffd6
ff05
ff1d
ffb0
ff54
fedf
0050
fff7
ff1f
ffce
001a
ffdf
007c
00e5
005c
ff0a
ff65
ffc5
ffa2
ff0c
ff0d
ffbc
ff31
fee1
ff7a
008c
009f
00f3
0016
ffe8
ffb8
ff34
ffa9
ff2f
ffb8
0020
003a
ffda
0036
ff68
ffe2
ffd0
ff6e
0076
00c0
ff68
ffe5
00cc
00b9
ff54
0008
0021
ff0c
ff93
00ec
ff43
0084
ffd2
00e4
ffdf
000c
00db
ffc8
ff56
ffef
ff88
002f
ffef
ff62
00e3
0068
0013
00a7
ff16
00c4
ffdb
ff4d
ff67
ff65
ff49
ff34
0088
ffe1
00d9
ff86
0065
00b4
ff34
0071
ffe8
fff2
008b
00d2
ff1e
ff8b
009d
00c6
0096
0030
ff81
0096
ffe6
ff22
ff38
000f
001a
ff33
0087
ffa7
0022
ffa7
009d
009a
ff22
00f8
0063
008d
ff83
ff7b
007a
008e
ff11
ffd2
ffc4
00db
ffd3
ff4f
00b2
0083
003e
ffa4
ffc7
ff54
00b7
00a2
ff3d
ff08
0020
002c
00ea
00f8
fff9
ffd0
ff71
0075
00f1
ffe7
0076
ffdc
0092
ffa9
ff08
00f1
ffa8
0040
ff38
ffba
00f2
ff24
ffa3
005c
00f9
0086
ffa7
0005
ffca
0094
ffa5
002e
ff82
00ef
ff7c
00b1
00bd
ffad
ffb9
ff2c
00e2
0088
fed2
00e2
ff9b
00d4
002a
00dc
00f6
00c2
0076
ff5d
001a
00d8
0088
0070
ff19
ffa1
002d
ff25
0034
0060
ff20
ff0d
0049
002b
0077
0002
ff1d
0022
ff76
ffdf
0068
004c
006c
ff73
0034
ffd7
007a
ff21
ff56
ff15
00b7
ff18
fff2
00b8
0072
ffb4
fff6
0040
007f
00b9
0030
ff32
008b
008a
00d3
00f3
001c
0002
0085
0008
ff2a
0080
0038
006b
ff42
004c
002e
ff17
0056
ff58
ff93
0023
0041
fff1
0070
ff55
ff84
00be
0090
008b
ff89
ffb0
ff73
ff78
ff38
0045
00a9
007c
0006
00c4
0095
00c7
005d
ff7c
ffd6
ff7a
0058
ff19
ff6a
00ea
ff17
0024
ff46
00de
ffe7
ffc8
ff36
ff42
ffda
ff3e
ffde
00be
0017
0003
ff78
003a
ffb3
ff67
ffbd
000b
ff07
0003
ffec
00f0
00ca
0079
009f
ff27
ff9e
0049
fff8
0056
0034
ffb6
0004
006e
007c
febe
ff5a
ff56
00a0
fed8
ffaa
ffc0
fe63
0029
ff88
feca
ff0f
fe95
004d
feba
ff8a
ff1c
ffb7
fe6f
0015
ff79
ff2e
ff59
fef3
fe4f
fef7
ff3d
0010
0009
0024
ff99
ff8f
0031
ff6b
ff08
ffbe
fe70
ffd3
fee1
ffa1
feb1
ff60
001a
ff9b
ffcf
fee8
ffd0
ff4d
0003
ffd7
fff5
fe75
ff73
ff1f
0040
006b
feba
fef1
ffb2
ffe0
ffec
ff1d
ff1d
ffc2
fef5
0034
ffe8
ffdd
ff46
fe94
fe98
ffed
0089
fe8e
001c
ff85
ffaa
fff3
0068
0002
001e
001d
fec5
fe74
fecd
fefd
ff75
ffb5
fffa
fed2
002d
ff92
fe85
0058
ff09
ffed
ff5e
ffce
fff5
ff9b
008c
0091
ff02
000d
fee9
0027
ffb4
0067
ff17
ff50
ff4b
fee6
ff75
fee3
0068
ff5e
ff00
fece
fea1
fff8
003c
ffdf
fe90
ffcc
000c
fea2
0044
ff92
feca
00aa
feff
ff1a
0031
0049
00a4
ff6c
0033
ffe3
0082
ff8b
00d0
ff42
0061
0072
fff0
0074
0085
ff31
ff9a
0034
ff78
0072
0046
0022
ff3f
00d8
00ed
0041
00cb
ffdc
ff12
009c
007f
ff80
ffb4
00d4
0082
0026
ffdb
0014
ffbd
ff81
0057
0091
0085
008f
00ef
0022
0070
00e9
002e
ff81
0090
00b5
006b
009e
0005
00c6
003b
ff7c
ff3c
0065
ff39
000a
ffbb
ff48
ff41
ffcf
ff8c
ff35
fff6
ff8e
00e3
ff1c
000f
0036
00df
003e
ff7f
00dd
ff58
00ab
0046
00ba
0021
001a
ff21
ff5b
0004
00e4
001e
ffcf
ffb6
00a2
ff59
00a5
00ca
005a
ff86
ffa6
ff4c
ff91
ffcf
ff25
0006
00f8
ff38
00c0
ff7c
ffb2
ff51
ff8c
ff12
006d
002a
ff8b
ffad
0078
ff6d
005e
ff26
0018
00df
ff14
007c
fff4
0072
00a0
ff5b
0058
fff1
00c3
00b5
00d4
000d
003b
ff4c
006c
00d9
ffd0
ffd3
ffbc
ff4c
0062
ff7f
004f
00a6
0060
ffa1
ffd7
001f
ff4c
ff67
00c5
ff21
ff38
00bc
fff8
ffe8
ffd5
ff32
ff0d
0062
ff79
ffd1
ff28
ffef
003b
006d
003c
ff4b
008d
ff47
0070
ffb0
ffaa
fed1
008f
000e
ff8e
ffad
00a6
ffab
ff1b
00af
005f
00b9
0071
ff36
ffe2
ff28
ffd6
001f
00ad
004b
0089
ffab
0051
fefd
0008
0028
003e
fff3
ffaa
fefc
00b4
ff6c
00b4
ffd3
ff84
0096
005f
feec
ffaf
ffdc
ff57
ffb4
004b
ff89
ffbb
ff85
fefa
fefc
ff6f
ffe0
0017
0045
ff66
ffc3
003c
ff33
ff03
fefb
00af
ff07
ffb3
feef
ffc9
fed6
ffb8
ff6b
ff0e
00a3
ffe0
ffdb
0043
ffc3
fff7
fff5
0067
fed0
0088
ff90
ff65
ff32
0035
ff1f
001b
0018
ff81
ff40
00bc
feeb
fffe
ff52
fef5
ff0f
0022
0032
00a5
ff88
ff00
fed1
0015
ff3c
ff37
003d
fed7
00a4
fffe
0095
0074
ffdc
00b9
000f
fed9
ffab
0029
ff1a
ff6b
fed3
fff8
fece
002a
ff8d
ff38
0019
000e
ff2a
0073
003a
ffea
0050
00ad
ffd4
ffec
ff7d
00ae
ffdb
fe99
fe84
0052
fffb
0067
fffe
ff4d
ff67
00a4
ffa3
ff57
ff36
002e
ffe0
feb6
003a
fed4
001d
ff75
ff40
ff27
ff6c
00bc
0055
ffed
ffa0
002b
ff22
ff73
009c
ff03
006a
ffc3
fffe
ffc3
00ea
ff12
ff8e
ff7a
0038
0099
ffdf
ff06
ff61
00f1
ff70
0061
ff0c
ff98
ffbe
0052
ff98
ff0b
00b4
ff14
ffa1
ff38
0018
005c
ff25
ffd3
fed0
ff7f
ffe2
ffa7
fed5
0031
fffe
ff9e
ff0d
0014
0040
ffcf
0039
0006
00af
ffde
0000
ffa7
00b4
0044
ff85
00ba
0069
ffcc
ffba
0070
000d
006c
ff48
fed1
ffd4
ff96
00ca
ff15
ff1b
00d6
feda
004b
0009
ffed
00c7
ffd6
febc
006e
ff69
ff1b
ffce
ff0d
ffb0
ff8b
001a
0023
ffed
001b
ff88
0011
ff49
0074
003d
002a
fef0
ff31
ff2d
ffaf
ff6a
ffda
ff48
0093
ff64
ff93
00f5
006b
fee1
ffee
fef3
ff91
0020
ffd7
fed3
fed5
ffb1
004b
0096
0032
fe96
0003
00b3
ffa9
ffca
ff7e
0011
0009
ff5e
fecd
002d
ffdd
ff0d
ff99
ff00
ff8a
fee8
ff0e
00ad
0072
ffd9
007e
ff1e
004f
ffda
ff96
0064
ff37
ff69
003a
0052
ffea
feef
feed
fffc
000f
ff75
0078
fff8
003b
ff9a
fff9
fee8
002e
0086
ffcb
0037
ffa4
fff0
ff14
ffcc
ff05
ff24
0032
ff1b
fef5
ff78
ff31
fffe
0057
fff5
000d
0075
0028
feb2
0087
ffd7
fee6
ffb3
fee4
ff8a
0052
ffbd
ff2f
0031
0024
ff35
feea
ffe7
ff9a
ff2a
ff0a
fef7
ffe3
ff7d
fee0
009d
0095
ffe6
ffd5
feac
00ad
ff6a
ffa1
fee2
ffeb
ff37
0068
fed8
ff95
fefc
ffa7
0055
fe84
ff78
fee8
feee
ff93
ff75
ff61
ff56
ff6c
ff5b
ffab
ffd5
ff4d
ff2a
ff75
fffa
0045
003a
fede
ff43
ffce
003d
ff37
ff0f
fec5
ff09
feb2
0000
ffc8
000d
ff3b
fe74
ff57
0006
00b2
ff17
ff8e
fec2
fee2
feef
ff82
fec8
ffa3
005f
007b
fe3b
007a
001c
0082
ff54
0086
0030
ff7f
00b2
ff8d
ff8b
ff59
fec5
fe29
ffc0
ff50
fedd
ff4a
0091
fee2
0092
fe73
00a1
0092
000c
fef1
ffa3
ff85
007c
001f
ff0c
ff60
fee0
0082
006a
fee7
ff11
0058
000c
0075
ffd1
0085
0007
ffe9
ffb4
00a8
ffd2
008e
0030
feda
ff1d
003b
ffd9
005b
0022
fff9
00ab
00d9
ff50
ff96
00af
000c
ffd5
ff4f
ff5a
feb3
fee4
ffb5
ff96
0043
ff78
ff68
fec7
fed9
004e
fec0
fe41
fe35
ff27
ff2c
ff5d
ffba
ffbb
ff02
fef5
003c
ffe1
ffd9
ffc4
feda
ff16
006d
ff35
ff40
fec6
fefd
ff7b
009b
ff13
0035
0031
ffcb
ffec
ff29
000d
008f
ff9f
0077
008f
0019
0060
ffd0
0073
ff3f
0043
0049
007a
fe91
ff95
fe1d
ffc7
ffcd
ff65
0044
ffee
ff06
001e
ff76
fe4a
fe22
fe6a
ff2d
ff2b
fe3c
008d
ffa7
ffcc
fed0
fecb
fea3
fe77
fe5a
ff70
ff05
ffb7
fe74
fe18
fef5
feda
ff56
ff41
00a2
ff7c
ff19
fe7e
0099
ff82
fe12
ff2b
0043
ff83
ff4d
ff92
fef2
00a3
fdee
ff35
0098
ffa8
ff2d
fe78
fffa
ff47
ffb3
ffb4
ff8e
ff58
ff0e
ffd0
ffd6
ff67
ff0e
fe20
ffae
007b
0059
ff9d
ff8d
004b
ff40
ffe6
0068
ff51
ffe4
fee9
fecc
fea7
ff09
ffe7
ff99
ff13
fee9
ff9c
ff81
ff25
ff73
ffa1
ffb6
febf
fe9d
000e
fec5
ffd9
ff03
ff3c
fe26
ffd2
ffee
fe50
feb9
ff40
fe21
fed5
ffed
fed3
ff9b
ff46
ffc6
ff45
ff4d
ff1e
ff26
ff3d
ff71
ffab
ffb3
0082
001a
ffb5
ff93
fe26
ffdf
ff96
fe2b
fe5c
ff38
fece
ff31
ff03
fe63
0066
fef9
fff0
0050
feda
0011
004b
0089
ff52
0051
ffe2
fe27
ff0d
fec7
ff9d
0057
001f
0055
ffa0
ff7d
009e
ff20
fede
ff44
0032
ff65
fff7
ffde
0021
febf
00af
fff7
007b
ffac
ff66
fef7
ff3f
fee1
ffdd
fef0
ffc7
fed6
fed5
fffa
fff5
ffad
fec1
fdee
feec
ff49
febf
004e
ffd7
0038
00e5
fff6
ff4c
ff08
ff70
ff63
fec3
fef8
ff2e
fed7
0136
feed
fe42
fe8e
00aa
fe53
fe73
ff76
ffd5
fee9
fe24
ffd7
ff7a
fe06
ff87
ff4f
00a1
ffb4
fe80
ffc5
fe97
ff69
00a4
008a
ff7a
ff80
fe57
0084
0100
ff62
ff66
ff51
ff18
000d
fec3
fee6
fe7f
ff67
ffaf
005a
fedd
fe87
0036
ff6a
ff2e
ff46
0082
fe95
fe08
0103
012b
0107
0119
0035
fe99
001c
ff5c
ff94
0082
ffac
ffc2
feb3
0081
ff98
ff89
febe
ffc4
ff2b
fde6
0071
0068
0061
fe9a
ff96
ff0d
0139
fff9
ff70
fee5
002d
fdfc
0057
fec0
ff6f
fe95
fedc
008c
ff89
febc
0002
fe27
ffc0
ff1c
ffb1
fedd
ff83
fe1f
ffc2
fe5a
ff0d
fe60
fed5
ff5e
0081
ff62
002b
ffa4
ff2a
ff67
fecc
004c
ff5b
0127
0090
ff9d
ff84
002e
ff67
fec3
0075
0064
ff1b
fe6c
fe4d
ff16
002f
0079
ff90
feff
0020
ff59
ff60
fecd
fe14
ff53
fe9f
fe71
fe49
ff5b
ff0a
ff13
006a
feac
00aa
fef8
fdf3
ff2a
004a
ff18
0043
fe29
fee6
0012
00b0
ff40
ffae
fec5
ff78
0016
0086
fef0
fe24
fe12
ffca
ffef
feed
0059
0027
ff6a
fe91
005c
ffda
ffb7
0051
fe05
ff83
fdd9
fe1a
006b
fdf9
00a7
ff86
0095
ffc5
ffd0
fe8b
ffa8
ff34
fedf
0079
00ac
ff7a
ff66
ff5a
ff92
002b
0016
ffcd
fe6c
00a1
ff64
ffc2
fefd
fed2
ff58
0020
ffac
0135
ffb9
ff39
ffa3
fed8
ff10
ffb9
0081
ff03
ff5c
002a
fff6
fe1b
ff30
0044
fe47
0008
ff5e
ff82
003b
ff5a
feb1
fee3
ff2b
ff8b
fea1
fed4
ff63
0083
001b
ff6b
0018
fe26
ff32
fe87
001a
fed2
fe26
feb1
0024
fec9
ff3c
ff4c
ff33
ff8e
fe2d
ff26
ff87
ff6d
ff10
fe71
ff62
ff5e
000e
ffab
fef8
fe6e
ff5d
ff6a
0077
ffca
00a4
ff35
ff4a
fe71
fffa
fe9f
ffec
ff1d
0035
007b
003a
0047
ff57
ffd1
0092
008f
fec3
ff1b
007c
ffbe
ff90
005f
00b5
0043
0009
00a9
ff77
ff95
ff32
007e
fee6
ff39
00b9
0066
006d
ffe0
ffef
ff81
001c
00d5
fe38
ff43
fef6
ff4b
003d
fef6
ff54
ffe8
ff91
008f
0090
0041
ffb8
0084
00e3
00c4
ff76
ffe7
fe34
ff9c
ff0e
0016
ffdb
ff8d
ff78
fe39
fea2
fff8
ff97
0015
ff97
ff14
ff78
ff39
004d
ff37
feaf
ffe5
fe49
febf
ff6f
feb1
ffe1
ffe4
00da
ffb1
ff23
ff41
ff1e
fedb
fe35
ffd7
001d
00a7
ff6f
ffd2
ffff
ff5b
ff4a
ff51
000e
00cf
ff9b
00a3
ff4d
001c
00e8
001a
ff38
ffbf
ff0b
0001
ffa3
fe5e
ffe5
0025
ffc3
00f3
ffb4
ffdd
ffb2
0018
ff2d
000d
ffa2
004a
001e
ffda
0059
ff68
fed5
0026
ffea
0077
ff55
00d6
ff17
ff46
00df
0032
fffb
ffea
ff47
ff96
ffaf
ffa2
0001
001e
ff0c
fffd
00bf
0080
ffea
005a
ff5e
ff87
0005
ffdd
ff60
00f8
fffb
0069
ff13
0009
ffa1
fff7
00fa
003a
ffb2
007c
ffc2
ff43
ffa1
006b
0031
0094
ff86
0016
ffbb
ff59
00af
005c
006b
ff95
0088
ff95
0051
00eb
00f8
ff53
ff6f
00f0
00b4
0035
ff0d
ffa8
ffd2
ffc5
00dc
ffc1
ff07
001a
00c1
ff99
ff6d
ffd0
006c
00c8
0038
ff6c
fff0
ff61
0063
00f7
0064
0001
00d3
008b
ff84
00e8
00b8
ff46
0095
ff15
00ae
ff7c
ff10
0040
ff47
0026
ffac
0027
00bb
ff0f
0010
ffa7
0040
ff1e
0056
ff1f
ff54
ff1d
ff22
00e3
0000
ffc6
00be
005c
004a
00be
009b
006a
ff4d
ffc5
001d
0021
00f3
0016
fffa
0069
ff27
002a
ffa6
010e
fffa
00ea
00ad
ff88
004b
0066
fefa
ffe6
00b2
ff95
ffab
ff51
007b
00a4
002c
ffc1
ff78
ff5a
0061
002c
006e
ffb5
ff74
007c
ff35
ffe9
ff6c
fffd
00bb
ff27
ff98
ff3d
009e
00c4
ffd1
0001
0039
ffb9
0026
fe68
001a
ff17
0098
ff40
0073
0024
0034
00c5
ffbf
005d
00b9
fe91
00b5
00ec
ff56
ff5d
ff97
ffb4
00c8
00b1
00c9
ff82
ff03
ffef
006e
ff1c
ff5a
ff99
00bb
ff53
fe4c
0046
00c5
ff38
00a5
0009
0060
ffac
0016
002e
ff51
ff86
ff11
0034
0062
00d7
002d
ff5e
007d
0035
0002
002f
fffb
fffd
ffa2
ff70
ffa0
ff8b
0080
001d
fffc
0008
fed1
ff6e
ff5a
00ca
fe8b
fff1
0034
00e5
fff6
ff20
ffbe
ffe1
ff7d
0040
0035
fed5
ffe3
0035
ff39
ffa3
ffc4
0068
008b
00f3
ffb7
ff9d
0051
003a
ffea
00a9
ff41
000d
000d
ff96
ff58
00ab
0058
00d6
ff47
0111
0063
0131
0119
ffb7
fe3a
ffec
ff07
0085
006b
007f
ff72
0013
0073
ff76
0098
ffcb
ff2a
ffc5
0016
ffa3
0062
ff2d
fed1
002f
fef1
0059
0011
ff3d
00aa
0067
ff8f
0007
feca
ffdc
0013
0046
ff5c
ffec
ff38
ff4b
fefa
fff9
009c
00b0
ff25
ffcb
0038
fff6
fee8
001c
ffd3
0073
0010
ffde
0038
ff26
fee9
ff2a
ff0e
fec5
ffed
004b
ff2a
fee4
ffdd
ff74
ff78
fed1
ff4d
fff9
fedf
0091
0018
ffd0
fee3
004c
ffeb
ff5a
fff8
ff48
ff7c
ffb9
ff4b
ff0d
ffad
ffe8
ff0a
ff55
ff91
ff19
0039
ff95
008a
ffc0
004e
fed1
ff3c
008e
0022
ffb0
fedf
006a
00af
ffb9
0035
fec6
ff0f
ff41
ff67
ffb6
ff6f
0088
feeb
ffb2
fefe
ff09
ff42
fed2
ff41
0066
fec8
0029
ffb7
ff3c
005b
febe
007b
fed8
ff32
ffb4
ff68
ff9d
ff3b
008c
ffc6
0088
002b
ff2b
fffb
008d
0075
ffb4
ff80
ffd6
0009
0093
ff31
ff62
0051
fe93
ffad
ff11
fe88
fef5
ff7a
fea2
fe0b
ff14
ffa9
fde4
fefb
ffff
00f7
ff6a
fe78
00d9
ffa2
00eb
febe
ff2a
0002
ff4d
ffbe
fe55
ff14
fef9
fff3
fe94
003e
0022
ff54
ffc1
ff94
0011
ff70
fe8b
ff6b
ff2f
fea1
ffc3
00c8
00ae
ffe5
ffa5
ffd1
000b
0097
fe3c
0088
fec3
005f
0087
006d
00f7
ff95
0054
002f
ff84
ff79
feec
0009
fe64
fe82
004b
ff72
ff35
ff94
004b
ffee
ff3c
00c8
ff68
ffb6
ffa4
fe94
feb1
ffa5
ffc9
0020
ff69
ff6a
0037
fffd
0106
0042
008d
ff22
00cc
fe10
feef
00a6
00f4
002f
00e6
ff9e
0014
ff32
febb
ffea
ff37
fef6
ff57
ff69
ff91
ffa9
0061
ff96
fffa
ff52
ff55
00e3
007c
00eb
fea3
feb7
ff41
00ce
ff1f
00b8
fecd
ff9b
ff3f
fe88
00be
ffbc
fede
ff69
00e5
0017
ff8e
0059
0013
0003
fffc
00e4
ff52
ff34
ffdc
0000
0063
ffce
ffe0
ffa3
0078
ffb0
ffa3
0055
0085
0090
004b
0093
ffd0
0042
ff8f
ff19
0082
ffaf
fef9
ff40
ff7f
ff93
0060
006e
006b
ff66
0021
ff8c
005c
ff50
003a
ff1c
fed3
0058
ff45
ff35
002d
ff90
0054
ffa0
feee
ffb4
ffe9
0033
ff13
00a0
ff64
0024
ff81
011c
ff93
0080
ff8e
ffb2
0083
ff9b
ff0a
ff4a
00b4
ffb6
004c
0077
fed8
ff55
ffcb
fff1
0099
ff31
0091
fed3
0013
ff52
ffe9
ff81
ff9f
feff
0092
fee2
012d
ff27
ff34
ff7b
0128
ffce
0077
005b
0098
fee7
ffd1
002f
00d6
ffd8
ff9a
0065
ff68
fedf
ffc4
00a3
fee3
ffd9
0005
ff33
0020
ff6e
ff63
ffcd
0077
0041
fff2
ff82
0021
fff3
0048
006d
fed1
0028
0028
fefb
ff22
fed6
002c
003c
007b
ff9f
ff07
007b
0033
ff8c
ffe0
0136
00da
00a1
0021
006f
0041
005f
ffbb
0097
0074
ff79
ff82
0014
fec2
010e
0015
ff6b
fecc
fefa
0096
ffd7
fefa
0044
fec0
0096
ff5a
ffb9
ff97
ff7f
ffeb
feca
ff8c
ff7f
ffab
ffc8
ff8c
fee1
005f
0066
0079
0024
0027
ff99
ffc5
0095
ffeb
ffd3
ff92
0067
00ad
ffe8
ff1b
0075
ff26
007b
0071
003c
ff87
ffcf
0044
fed1
ffa7
ffc9
ff92
ff01
fece
fff4
ffa6
ffae
feec
004b
ffd3
ff27
00af
003f
ff61
008d
0057
0046
fede
0035
001c
ffd1
ffe3
0055
ffc6
fefd
0007
ff5c
00a9
fed2
ff90
ffe9
ff4b
ff4f
006d
006e
0045
0012
ff4a
fefe
000e
ff85
fef9
0034
00fa
ffc6
ffaf
ff3e
005c
ff40
0053
0095
ffe6
0060
009a
003d
0029
ff59
ffa7
00b1
ff9e
002f
fed7
ffc7
0045
ffdd
0069
0054
ff21
fee8
0078
fffe
ffa8
fff0
ff74
ffdd
0024
011d
0045
0010
0042
ff87
ff7d
ff7c
0074
ff3d
ff6b
ff0c
ffa6
0010
ffe6
ff96
fecb
0096
0013
00b6
0086
008f
0032
00da
0054
0129
fef3
fee9
0009
00e0
004a
ff53
ff18
0058
ff1b
ff18
ffa6
fe3e
002f
ff7a
febf
0004
ffac
ffa5
fdde
ff3e
fec9
ff37
0075
ff40
fee4
00e3
ff53
0058
ff47
ff69
fe9e
ff3b
ff33
ff9e
fe8a
00fa
004a
fe52
ff82
ffb3
fed4
fe93
fe1d
fff1
ff7a
ff28
fe4a
013c
009b
ffaa
fed9
ff5b
ff59
007b
fec8
ff24
fea2
fefb
ff94
005b
fe2f
ffcb
0009
ffef
ff20
00cd
000e
0037
ff37
fea2
feaa
00ae
ff93
ff5d
ffb7
ffdd
003b
0080
fef0
ff26
fed8
ffb9
ff9e
0019
fe73
ff60
fe73
004d
ff8d
ffae
0051
0084
ffbc
0006
ffad
0123
fefa
ffa5
0068
ff96
ffc8
00ba
0113
00ca
002b
00f3
ffa4
0019
fde9
ff5d
ff8f
00f5
00c8
0065
ff65
fff9
fee7
fe70
fe86
ffeb
fe63
ff70
ffc9
ff5b
ffaa
ffe6
ffa2
ff45
fea9
002a
fe5f
00f3
ffda
ff0c
ffcd
fff9
fe2d
ffc8
ff68
feed
fe0f
ff72
ffb0
005e
ffc2
0037
003f
0030
001f
00e3
0018
00ef
ffec
fffc
ff46
ff8d
ffc9
fe3b
0024
0018
ff76
00a4
ff47
ffd8
ff97
ff46
0066
ff7a
ff8a
ff74
00e8
fe28
feef
ffe6
ffef
ffd5
0092
ff28
ff71
00ba
fe30
ffca
0023
0049
ff3c
ffcd
00a5
ff73
00ec
ff53
008d
ff1b
feae
ffe5
00b9
0117
00bd
ffc2
ff59
ff36
00e7
0096
ff62
ff1b
ffce
ff49
008a
0105
002b
ff2f
0006
00f5
ff73
ff87
ffe6
febe
ff0e
004c
ff42
ff8f
0098
fed8
ff00
ff78
ffa9
00be
0092
0013
ffd1
ff74
0031
0060
ff16
fffa
ff3d
fe40
ff77
ffa9
004d
002d
ff4a
0036
ff99
ff1f
0002
00ef
0011
fe8d
0026
001d
ff8a
ffb8
00ec
feed
ff72
feee
ff1b
ff1d
0045
ff47
0035
007d
007f
013e
ff11
00e9
00ba
ffb2
005d
ff3c
ff94
ff96
ffa3
ff64
ff48
fef1
ff84
ff8f
ff71
0011
00b5
ff72
007c
ff8a
0052
00db
ff80
ff9f
0075
ffc4
ff14
0081
ff18
0078
ff91
ffeb
ff95
fed6
ffd5
ffb6
febe
ffb1
febf
ffc1
ffb3
fecf
ffd6
fee3
ffbc
0071
fec1
0057
fedb
00ad
ff75
00a0
ff40
0070
ff5a
ffdf
ff2e
ff4a
ffad
0008
0052
004e
0044
ff3a
ffb0
ff10
ffa5
ffce
ff67
ff5f
ff1f
fffd
ff36
ff54
ff18
005e
005c
0050
ff5b
ff56
feeb
fffb
ff63
ff27
0076
0011
ffb6
ff15
002b
ffa3
ff91
fee7
ffab
ffce
fef7
0050
ff09
007e
003b
ffa4
ffbd
febe
0050
002c
000e
fff5
000f
fff1
ff76
0016
0034
ff12
0043
0092
ff96
ff7b
fff1
ffa8
000a
ff7e
0098
0024
ffde
ff2d
003d
0071
ff7b
ff3a
ff91
ff9f
fef1
0068
ff60
ff3e
007b
0053
001a
ff51
ff9e
ff31
0044
001c
0039
0065
fff8
fed7
fffa
ffb9
ffaf
ff00
ffbf
ff42
006a
0035
feef
0040
005c
ffc1
004e
ff90
002c
ff17
009a
0048
ff32
0021
ff47
006b
00e9
ffea
0080
ff85
fe5b
fe4f
ff87
ff66
0040
ff2e
ff86
fe66
fe6e
fec5
ffcd
fffb
fe86
ff97
fed6
ff6d
0091
0032
00ba
ff32
fff6
ffea
0038
ff33
ff4d
ffc9
febf
ff20
00df
ff93
ff1d
00af
0004
ff95
ff33
00e7
ff20
000e
fedf
ff7e
0052
003f
0054
ffde
ff4a
ff6e
fedc
fe95
ffed
ff72
ff39
fe4a
fec7
00bb
0074
ffd3
ff22
ff31
ff3c
ff2c
fe91
fe5d
ff5c
ffd7
ffe0
fe33
00e2
00ca
ff93
fed5
ff07
0047
004c
ffe9
ffe3
fe43
0015
ffcd
fe8e
00a8
ff27
fe55
fe25
fec4
ffe5
ffcc
ffc4
00e0
fea3
ffea
ffeb
000a
fef0
006d
fec9
feb3
ffe1
ff61
ffea
ff69
ffcf
fec5
000a
00a9
ff3c
ff24
ffd3
fec7
febf
fffa
001c
feee
ffb2
fe8b
ffd2
ff67
ffd8
fe2f
fe22
fe94
fe89
005a
0030
ff96
fe8a
ff7d
00e2
0078
fec3
ffc6
ff69
0003
00e4
ff3b
ff8b
ffc6
00c2
ffb1
ffae
ff7d
ff28
ff1f
0083
0056
fed9
fee2
fe38
ffa0
ff44
001c
006f
fffc
feed
ff6d
fee0
0094
ff3e
fe99
ff5e
fe3e
fe9e
fe09
ff23
0040
0068
fff7
ff9b
ffe8
ff63
0028
fe66
ffae
fedf
ff49
fec8
ff2d
ff9f
feff
fea4
ffa3
ffd8
ff63
ff3d
fe20
0022
fe99
fef8
fefe
ffc7
ff0e
00cb
feeb
000a
ffff
ff5b
ffc9
0059
fecb
fefe
feb2
ffd4
fe42
ff4e
0094
ff88
fedf
0061
ffb2
00d9
ff4d
0038
fe94
fef9
ff35
fe12
ff62
fe09
ff60
0029
ff5f
ffed
feec
fde3
ffcd
ffda
006c
ff92
feeb
fecd
ff06
ff54
ff46
00e7
ff34
feff
feae
00ac
ff71
ff14
0081
ff38
ff14
ff5f
0037
fef1
fefe
0017
ff2d
ff33
fe2f
ffe4
002c
fe6e
ffc2
fe66
0042
fefa
fdfc
ff71
fe7f
ff4b
ff21
ff2a
ffc5
ff53
ff47
ff60
fef4
fe04
ffd8
ff62
0064
ff76
00ae
000e
0002
feea
feec
feaa
ffef
001e
ff6e
ffb0
ff46
fffe
0041
fef5
ff4a
ff3d
ff40
ff1d
0064
0036
ff59
fdd9
00cc
fe61
ffea
ff04
fe92
fe0f
ffcc
fc7e
0027
fe8e
ffb0
ffdf
0169
ff92
ff33
fe7f
fecf
fe0a
ff2c
ffc1
0045
0002
fef5
01bf
0251
ff1c
feac
ff3a
ff39
fe75
fe7b
001f
fe23
ffab
0169
0257
02bb
0042
fdb0
0168
01b4
0192
0068
ff6a
fe60
ff9c
0235
0148
01ab
0115
ff65
027c
01ac
00a2
024c
0146
013e
0212
027b
023e
01e7
000e
00ad
0303
0294
0149
00fb
024d
0359
03e5
0284
024e
0205
0073
03ac
0251
0280
0254
0168
0153
033b
0310
021b
02be
ffbc
fe0a
0203
019a
023b
038d
0188
0253
025a
0229
0057
ffad
fe65
fea8
002f
ff52
01d8
010c
01fa
00d7
008f
fecb
ff51
006a
ff46
00ae
ff12
ffdc
ffe1
01aa
ffb0
0069
ffab
ffc2
ff8e
feb3
fb33
feec
ff57
fd4f
0027
002c
0037
01c8
019e
00d4
011d
ffb2
fe3d
0041
012a
004d
000e
ff05
00c4
000c
00b4
009f
0044
0036
02a5
0214
ff14
fd40
00f6
fded
0024
006f
fec9
fec2
ff25
001c
00e1
0256
ffac
fea0
fe03
fecd
fe53
ffd0
006e
012f
ffce
00a5
ffd3
0078
0051
fe0a
fe46
fe2d
fd53
fd27
fdfa
ff1c
febd
0192
ffe1
0096
fe32
fea4
fdc9
fdee
fd92
fed4
fe65
fe9a
fd9c
003b
ff51
ff13
ff21
ff4c
0018
fe3e
fe10
ff36
ff6c
feb9
fe4b
ff11
ffd8
ff27
ffd7
024e
016a
fff6
ffaf
ffe1
00cc
fd3b
fe4d
fe1e
fe34
fe76
01c7
01d6
0289
0038
014b
00ea
ff3f
fe5a
feb5
fe83
ff57
fee6
ffd0
0186
010d
00eb
0171
0063
fefe
ff72
ff0b
ff16
ff31
ff4a
00c2
ff96
feca
ffd1
fef4
fe6b
fe7b
fe9d
fe87
fd25
fffe
ff6b
00b1
00d1
0059
019a
019c
fef4
ffad
0091
ffd7
ff52
ff8e
0089
ff8f
ffa9
ff8f
01fb
020b
00b5
00ee
014a
01bb
0105
00e5
0038
001c
fe64
fcfc
fc54
ff0c
fe48
fdf5
fdfd
fdc3
fee0
001a
0118
ff6e
fdde
fc8d
fe27
fd83
fd59
fd40
fd87
fbf0
fc4d
ff60
00b6
fe89
fd3a
fe9a
fdea
fe77
fbc4
fca9
fb6d
fb60
fc6e
ff4a
0110
feb0
fd84
fe76
ff8a
ff07
fe00
fd3e
fd5f
fbb0
fd14
fe1c
00e1
ff53
fcfd
fbcb
fe25
ff04
fefb
fd63
fd76
fc83
fc39
fe28
0118
fff0
fe33
ff09
fcc3
fc70
ffc5
0004
fe6b
fd4e
fc75
fe22
ff23
fed0
fd9e
ff0e
febd
fca4
feb4
fc09
fe58
fc7f
fc9c
0028
fffd
009b
fd88
fe45
fb75
fcc2
ff1c
ff71
fef3
fdee
fecc
ffaa
00f9
030f
fdec
fdb7
fcab
fe6e
fef0
0043
ff06
feb5
ff60
ffe7
001d
01f3
fffd
ffbc
fdda
0026
0053
ff82
0239
ffd8
0135
00f8
016e
ff93
0021
ffd7
00c7
ff5c
0109
0243
03c4
01ae
0070
ffc0
016b
00d8
02e0
035c
01fe
0240
01a5
0472
044c
01db
0059
016c
02c9
fd0e
ffb5
ff40
fed8
00d3
ff78
fea1
0026
0110
0123
000a
feef
ff17
01cd
00f5
0035
009d
0028
00de
0003
021e
01ca
004d
ff1d
009e
0005
00fe
001f
0014
0116
007d
ff14
0033
02cc
01a1
ffa3
fee6
fe1c
010b
0184
fedc
fead
fef7
ff40
ff1f
00e4
00ce
0160
fe85
ffec
00e5
017a
ff62
ff6c
fef5
00d8
003f
009b
015c
0076
ff9f
fea1
ffc1
00e1
ff83
ff25
ffc1
006a
fff7
007e
00ea
0293
fe0b
004c
003b
ff8a
0039
0103
0064
017b
ffdb
ffbc
01cd
02d3
fdce
ffe2
0162
00da
0114
0115
012a
013d
ff1d
ffe8
01e3
0406
fdff
fe17
0000
0026
ff9b
002d
00dd
008d
0181
01d3
01b6
01eb
fd4a
fd56
fe26
00b7
ff52
ff07
ff10
0106
01c3
0159
01ac
0271
feab
fdc7
fef2
ff61
00d8
ff3c
00df
0067
018f
0255
0319
02b0
fcde
febc
fcae
002e
01df
ffed
ff61
ff25
fdce
fdf0
ff6e
0117
0190
01e7
0007
ff76
ff39
ff94
ff53
feef
ffd5
ffa4
0061
009c
01bb
00bb
fef1
ff90
ff48
fece
ffc1
ff93
ff0e
ff01
0023
ff7d
0042
010e
ff96
007f
fff8
0122
0222
01cc
022a
035c
01fd
0198
ff68
ffb0
fec3
0048
0105
021c
00a3
0104
0121
046e
0327
028c
004d
fe99
ff2a
ff23
01f6
0134
022d
01ae
0105
0233
037f
02c2
00fb
0043
ffae
018f
0166
025a
01ea
025d
016d
0193
0475
0213
01b3
fffc
002b
0002
01b8
0255
024d
0197
01e9
0061
02e2
018f
0171
ffd0
fe6d
ffa0
ff66
ff9f
feec
ffae
fed9
fe36
0187
001d
02ae
fe82
fe55
fd97
fe43
ff66
ffb4
fdd1
fe62
feb9
ff47
fe4e
015d
fea6
fe80
fe43
fe7c
fe1c
fccc
fed8
fdf9
fc41
feba
fefb
026f
ffd6
ff11
fee7
fe18
ff08
ff5f
fe21
ffd7
ff8d
ff01
00a6
011a
00f3
00dc
0200
00f9
0213
01b8
0296
0059
ff9a
00c6
014f
014d
0129
01a5
fdfd
ff62
00d3
0109
0121
0121
01fc
0309
0044
01ff
008f
0285
0122
02a4
024b
0313
0225
ff2f
0050
01e8
005e
0263
01dc
02c8
01e3
014c
01ad
0013
011b
022d
0103
01f2
0067
0117
0128
017f
ff9a
fe43
fefe
003b
ff9a
0158
0298
00b0
0153
007c
00ec
0158
ff58
ffba
ffe7
ff48
feb3
0140
0167
fff2
015f
ff52
fe9f
00a9
ffc8
fef3
ff4f
fe77
fe5d
ff30
01cf
0130
00a4
009e
ff4d
00b3
009f
009a
00a1
fe10
fec6
0081
0295
00b3
004a
ff27
fe9d
ff2c
008c
ff4f
ff64
0019
00b9
fff0
0174
ffe1
010b
fe7c
ff6d
ff57
ffdc
fe86
ff3a
ffab
003e
0292
00f6
005d
0123
0013
fe87
ff1f
0171
ffc4
ff0c
ff8d
016b
02b7
0379
018f
016c
00bb
ff5e
01aa
0004
0050
00d4
0006
01d5
01da
01cb
006d
01ce
01de
feca
00c4
0180
0093
fff5
00cc
ff7c
0012
029c
0025
0009
0387
006a
00b4
fe67
0082
0143
0379
0365
0403
038d
016f
fea6
0144
ff53
0030
02c7
0345
016d
ff67
0206
fffc
fd09
fe38
0154
ff30
fd5e
0093
0186
011f
fef6
0193
023b
01e7
0044
fe9c
fdea
fd9b
0098
03f7
014b
01b0
02b5
024f
00fd
015d
fd6f
ff18
fc68
ff69
0082
00d5
ffa5
00ed
010f
0035
fffc
00ca
0165
fdfe
fc1c
fefe
0178
ffff
feb0
0075
00be
fff2
0048
0073
01b7
00c3
fdd5
0290
ff4b
ffe1
006a
0009
0200
02fe
012a
01d2
0216
014d
fe6c
0129
0025
00f9
02f2
ff66
ffeb
0076
012d
0104
ffb2
fda5
003d
fd1a
fdb3
ffe2
0328
ffab
fdaf
ff9e
00d9
0015
ffa0
fe0c
fcf8
fd60
fc2c
fcc5
fea0
0089
ff5d
feda
002e
ffde
00b8
fe9a
fdef
fe40
fad1
fbf1
fc16
fee8
fe65
fd25
fdc5
fdce
ff01
ff4b
fdf4
00ae
feb3
016c
ffb3
fdd3
0073
00b3
01c3
0109
0170
ffc2
01e7
00a9
003e
ff62
00bc
fff2
0018
0093
007e
ff7c
0028
0164
014a
ffcf
0137
ff9f
ff94
0072
0028
0030
ffcc
003d
ffef
ffd0
0002
ff5b
ff42
002e
ffd9
004a
ff71
ffcb
ff75
ff6f
0126
ff57
00ee
ffe0
012f
004a
0017
ffb9
0097
0119
0070
0094
0124
011c
009b
ff9c
ff4b
0105
002e
00d7
0040
ff45
ff41
ffdf
0132
00a2
0018
0017
ff76
0037
0107
0059
004c
00e5
012d
013d
010a
ff9f
0059
00ba
00ab
0053
ff2f
ffc3
002d
00c3
0041
001a
00f5
ffbc
004d
ff8e
011a
00f9
ffee
ffd3
0137
ffc2
ffcc
0121
010c
0108
ff7a
0066
000f
003d
004b
009b
ff89
fff5
ffa0
00b0
00da
0048
ff88
0085
00d1
ff79
ffe4
00e6
ff95
00ea
00da
00f5
0017
006e
0162
fffe
0079
fffd
ff4b
ff5c
ff95
ffbf
ffc6
00b3
ff9c
ffd4
00ab
0089
ffc3
004a
011f
ffe2
00de
ff79
0073
ff6a
ff77
ff9f
0074
fff6
0055
0080
00b3
ff1d
fec8
fef7
fec4
0050
001b
00ef
020b
ff61
0307
0334
01b0
ff12
fe3a
fe5c
fec8
ff3c
ff72
fefd
018f
01ca
03c4
0559
03ba
0273
02b0
ff97
ffaa
ff21
fdb2
fed1
0017
021b
03bc
0492
03dd
02e2
02fa
01a5
015c
0012
0103
00a4
fef3
ff5a
01d5
01db
01fb
031a
021a
0191
022c
0269
031f
03e3
00d1
ff64
0090
00ee
00c9
004a
00e2
0242
0192
022e
02e8
0218
00ff
fd09
009c
fe0b
ffb7
0062
00c7
030a
028f
0179
0242
0235
0176
0012
018e
ff45
feb5
001c
00d6
0101
00ca
0016
0197
02e9
0096
0033
012f
0125
ffd9
ffec
ffc9
ff52
ff0d
fe5b
0035
01c9
00a5
00c6
0207
024a
0175
ff59
00a5
011c
0125
fee6
fff8
01b7
00e7
0210
00db
023e
02e7
0049
00c9
00f5
017e
01a7
0161
02e9
0427
0252
0333
02cf
01e2
01d7
0179
0108
01f0
0161
009f
02a4
0180
fe4c
fef3
0060
0053
ff50
0091
0042
001d
ff5e
00ab
ff5a
ff4b
ffcc
ff3a
ff95
ffb6
fec2
012b
005e
ffd8
ff0b
ff2a
ffdd
ff66
0034
ff6c
001b
0094
0069
0021
ffd9
0052
007c
0038
ff12
ff12
0025
ff3a
ffe6
0069
ff64
0005
ffa9
ffaa
fec8
ff56
ff87
004a
ff23
00ed
ff2a
0081
ff67
007f
ffa8
0062
ffe7
008d
000d
002c
0070
ffb3
0010
ff80
0096
0033
ff7c
0020
fffa
ff83
0024
ffd7
009c
fef7
ff2f
ffaa
0047
ffe7
ffe4
fef2
0052
001b
0024
004f
ffcc
ff1f
ffa8
001d
009e
ff3f
004c
ffde
ffcf
0043
006a
ff89
009c
fecb
0000
ff1d
fffb
ffde
00aa
ffc2
ffa6
0090
ff8f
ffe1
ff14
fef4
0067
007f
fee9
ff20
fed1
ffa8
ff2a
0074
ff33
004f
0001
ffd0
ff9b
ffb2
00d1
00cf
ffbf
ff5a
0094
001b
ffd7
ff4c
fff5
00a2
ff93
fff4
ff55
0072
0125
0033
ff85
004c
ffb9
005a
fef0
ffbc
ff44
0090
ff27
0064
fef3
fffd
0031
ffc9
ffaf
ffb7
ff27
ffbb
ff86
0063
ffcd
fffe
ff36
ff50
ff62
ff49
ff17
003e
0048
005e
0081
ff4d
ff94
ff06
0026
ffb9
ff23
000e
003e
00e3
fecc
006c
ffb1
004b
ff2a
003f
fed1
000d
ff2e
0077
ffcf
002e
002d
0014
ffc8
ffd0
0010
ffc8
ff72
ff76
006f
0052
0080
0079
0046
ff81
fecd
ff4f
0020
feea
ffa7
ffc5
0053
ff21
ff7e
009b
ff29
001b
ffd9
0079
ff18
ffc2
ff78
feeb
fee0
0097
ff8c
ffed
fffc
ffa5
ffa1
fecd
ff26
ffe9
fefa
ff7a
ff48
0063
ffa6
0047
008a
ff87
0017
ffa6
ffff
003b
0063
febf
fff8
0015
00a0
ff13
ffae
0089
0059
0003
ff69
ff9a
ff43
ffce
fff2
ffc9
0079
0041
ff39
007c
0038
ff1f
ffc4
001c
0097
0057
009c
ff91
ff62
ff4d
ff61
0126
0051
fefb
ff43
fff3
00af
0117
0112
00f5
0003
001a
fee8
ff0d
ffb6
fefb
ff99
00db
ffb2
007f
0108
ff44
fe98
fefe
001c
fde0
fe83
00c1
ffd2
ff55
fef3
00f8
ffd0
007b
ff90
0021
ffc8
ff48
ff3b
016c
0178
ff60
001f
0082
00bd
01d0
008c
0052
ffb9
ff48
ffa8
0131
fffc
005e
0128
0189
0040
0153
013c
0217
017a
002c
ffde
ff93
0098
fffd
fec2
001f
0111
00c2
0182
02e1
fd9b
fe15
0072
00c8
ff46
ffb0
ff7b
ffe4
ff4f
0007
0000
011b
fc75
fc72
fe37
fe7f
fe80
ffd5
ffe3
fe50
ffb2
017d
0081
00ab
fcf8
fcd0
fd9b
ff81
0086
ff6b
ffbe
0085
0038
ff0f
fedb
0035
fe12
fee7
feff
ff6e
0020
0010
ffdf
00b8
fe5d
fdc3
fecf
ffce
ffe1
fd7e
ff7b
ff23
ff0f
fe97
0047
ff55
ffc4
ff0e
ffbf
0092
030f
00bf
0015
0076
00a5
003f
008d
00c0
0108
008e
0227
057b
ff95
00a4
ffd4
fff7
fe59
fcd6
ff28
fe5e
fd5b
fe37
ffa6
053e
fd48
ff75
ff03
fec6
0137
ff8e
01c2
0060
fe39
005d
feac
003a
006a
feae
ff53
feb1
feba
fec2
ffac
0102
0141
0031
00ed
ff20
00a5
0093
fef6
ff2c
ff10
fe68
fe54
0014
0058
ff50
002a
ffba
02e5
ff09
ffc4
0028
fd09
fdb6
fe74
ff08
ffdb
ff8e
013a
ff78
0041
ffc0
fe0c
fe1b
fd34
ff21
0193
0060
ff5e
01fb
0170
0160
fd5a
01a1
fe8d
fde3
ff45
005b
02a5
01b2
01c1
0059
006f
0143
fe77
009e
00cb
febd
00cd
01da
0074
00fe
0015
00ae
014c
000c
0043
02d9
ffef
0038
028b
0006
ff63
ff52
ff82
019a
ffe7
ff72
00ee
01d9
fdfc
003c
017a
00f0
0108
00c6
0001
00c1
0045
ff4f
fe2e
ff9b
fe62
fff6
ffb4
0075
0071
0190
002d
0161
0030
fe82
feb5
003c
009a
0019
0073
0099
0217
016a
0233
01cd
011b
0075
ff96
ff47
016a
027e
0070
0271
01f4
02c3
0309
02cd
0320
019c
ff13
ff24
ff07
fff2
0192
fff6
00eb
0103
00f3
ff14
fffb
ff7e
fd84
fe84
0030
0199
00eb
00bc
ff8b
0091
0072
0088
015c
ff14
ffdc
ffa9
ffeb
ff6a
006d
0100
ff6c
ffdf
0059
0067
005f
0053
00ba
ffd9
ff94
ffd3
0080
00ae
00e6
0160
01c3
fff0
008f
ff1d
0109
00af
ff88
0067
00b5
ff18
0091
003a
0078
01bc
00ab
0112
fee1
0162
013f
028a
00ef
0037
0114
fece
ffb9
fee9
00f1
00bd
ffbc
009c
00f2
0173
0079
0062
ffc0
0030
fffa
ffa5
00c3
0053
ff5e
ff6a
fed9
00cd
fec8
ff6b
0147
0149
ff75
02b7
025b
01d3
fe84
ff6f
01df
0124
ffa3
fe4f
007a
014f
00fe
0200
019b
00ba
ff29
ff7b
ffeb
003c
0008
0052
ff60
ffcf
ff1e
0134
011b
00a1
ffcd
ff1f
fe9e
fecc
0030
0022
fe59
0014
ff8e
001f
ff0b
0200
0008
0031
0061
0150
ffba
0056
fe7b
ff58
fec0
0074
0131
0089
0073
ffd7
01aa
0066
02a1
01da
01ad
021d
0183
00db
00dd
01a2
00ed
00fa
03b8
036b
0224
0213
00a6
0091
00d4
0375
022c
ffff
015d
024f
0330
036c
0326
0220
01f7
008a
01b2
0276
01d1
00c3
01a5
022b
0310
04ba
052c
03c6
04b9
04cd
028d
019c
022f
00b5
00aa
ff94
033c
0322
02b0
0514
0608
0559
0430
022e
02ce
00b9
ff2a
ff90
0249
02e2
0378
0354
0484
0542
0460
021a
02db
0099
ffa3
ffc4
0147
0242
0258
0341
02c8
02a8
02c6
01b5
0222
ffbd
00f4
015e
01eb
0218
0360
0506
04ac
02d4
0253
03b4
02bb
ff1f
005c
00d1
0174
00be
03cf
0900
0604
030e
02ad
0467
0308
fe6c
008a
012f
02f2
012c
02e6
0658
042b
0454
03ae
02ca
0264
fd0a
017d
0037
0297
0334
020b
03f4
0434
032b
04e3
06b0
04e2
feea
0155
013d
0382
03f8
0359
027e
04d5
037a
061c
04cc
02ee
0024
0473
0006
fdd2
fdbe
fe60
00ff
ff22
feb5
018e
ff0a
ff56
00f8
0454
01d6
02e2
01da
ffbd
ff78
fe65
0044
002e
0069
00d4
002a
02d3
0093
0103
012c
00cc
ff0d
fd9a
fd51
fe2c
fe59
ffbd
02fd
0036
ff92
ffd6
00b5
00b0
fcfd
fbe4
fc29
fc28
fdc0
fecc
0087
fed6
fd7d
019d
00b0
ff6a
fe83
feeb
fe2a
fc19
fc46
ff75
ffe8
fefa
fdd1
feba
fe83
fe43
fea2
febe
fd8d
fd90
fd2c
fdaf
0037
fd57
fd91
fe30
0204
ffab
ffea
004e
feec
fedc
fdeb
0196
034c
ff7f
fd31
fd8d
0083
001c
00f1
01c7
003a
0002
ff28
0348
03d8
ffbe
ff06
fea5
ff1d
ffce
fefc
0020
fec3
fdf8
0069
0244
0495
fe2e
ffe4
feb6
fdae
fece
fea9
ff17
fd7f
fc49
ff80
02e2
02ca
0134
010b
00d8
002d
ff60
fdd1
ff92
fdb6
fdff
ff6b
038a
0212
012c
00e2
005f
ff96
ff30
fdf1
fe5b
fdea
ff84
022e
015c
0409
0bbc
ff3e
fe9b
fd48
fd8f
fcbe
fdef
fec1
fea6
ff60
fe3c
fd78
fcb9
fe25
fe0d
ff81
0039
00c5
0155
0196
01a8
024f
0036
0083
ffaf
fd16
fd85
fd67
fe74
01fd
03bb
03e4
048f
038f
03da
ff8e
fe91
fdcc
fce7
fd68
020f
044e
04b7
0598
0472
041e
03c6
feb8
ff37
fd62
fbcb
fe55
0171
0410
03b2
04b2
03fd
03eb
0279
fec4
00fb
feec
fe69
fe34
037a
027c
04bc
047d
058e
02e7
019f
00df
005a
fc53
fe2c
ff46
017f
0416
05fe
05e7
0351
0112
01bb
ffff
ff4a
fc37
fdd9
0068
0080
015f
0242
0295
028d
010c
0106
fe0c
006e
fcd2
fdc6
fe2c
0173
0111
00e3
011d
010c
001a
fedd
fd56
febe
fe94
ffad
010b
0269
015a
0213
0155
0133
0178
0060
fecf
0080
007a
00ea
0204
0148
fe72
00c7
ff53
fec7
0144
00d1
ff86
ff8f
009c
fffd
0037
0049
ffcd
fea0
fefc
fe09
fe27
fd3d
fe3b
ffde
fe1c
fe27
ffe8
ff05
ffd6
0064
0011
01a1
00d8
011a
0000
ffb6
fb82
0010
0149
0008
001e
008b
01dc
02cf
0260
00d3
024c
ffec
fd86
00bd
001f
fe6b
00e7
ffd1
0112
01a7
00c0
01ac
022b
00da
fd5b
fe36
ff99
ffd8
02ef
00d7
0122
0363
01a5
029d
0159
001f
00c4
ffd2
fe9f
0022
02aa
0148
030d
030e
0251
029e
0202
00c7
017a
0029
fe6b
fd55
fff7
ff1d
0190
0251
01e5
002a
0109
0075
fded
fd89
ff5c
fe75
00a8
00d0
0021
00a9
ff21
ff53
fef5
ff89
fe5d
0002
ff61
004d
0072
002c
fecf
fffa
fe49
ff7c
ffa2
ff65
fd77
ffcc
feeb
fe79
fd8d
fe71
ff95
fdd2
fe83
ff04
ff75
ff0a
0089
ffeb
ffde
0079
ff5d
fdbf
fe21
fe7e
fe2f
ff71
ffa9
fe9d
fffc
0037
fed4
0066
00e8
ff00
ffa2
ff01
ffb7
ff37
0034
febb
0139
0226
fe7f
00e6
0014
ff14
ff53
feb7
fe76
feef
fffa
010c
fde8
fbac
fb23
fb05
fb69
faf5
fbd9
fe41
ffc5
fef8
01cb
ffe0
ff12
fcb7
fb0d
f957
f90b
f7e2
fad2
fb29
fd79
fe35
feb5
fe51
fcf0
fb78
fad7
fc33
f93f
f993
fab9
fb07
fc2d
fca4
fe3f
ff39
fc9a
fbb6
fc8a
fbdc
fcc4
fc12
fda6
fb39
fc52
fdd0
ff41
fef4
fc53
fcc1
fb8d
fcfc
fe21
fda9
fdd6
fd2e
fc8c
fd63
fef3
fd84
fb6a
fced
fc33
fde6
ff4c
feea
fee0
fe68
fd21
fdcb
ffc5
ff0d
fd38
fd9a
fd8a
fe89
ffcb
003d
feb5
0005
fe46
ff85
00d5
ff28
fe5f
004d
ffd0
00a9
00bc
030f
02f2
008f
00eb
ff9e
005e
ff92
fe8d
0091
026b
027b
03af
0472
03aa
0293
0289
00e2
0173
00bb
0141
02c9
0340
04ea
0226
02a8
01db
02fb
02c3
0072
0198
00f3
01c3
02a2
01ec
0189
00a3
0076
01b5
0234
02c4
012a
0164
0183
004e
0130
fdd3
0156
0465
010c
019f
0203
00f2
0173
0097
009a
ff65
0055
ffe9
fea8
ff5c
fdf3
ff15
ffda
00be
0062
0153
01ac
0343
0242
015d
021e
ffdd
0011
0043
004f
0050
0159
015b
01cf
03b3
023b
036e
01a7
00cf
ff30
005f
00ce
00dc
0116
021a
01fc
0284
00c5
00f5
0132
0307
fff0
00f0
00b6
0157
00d2
003d
ff9a
01dc
0038
ff7a
fe66
fe90
01b4
021b
016e
0166
0101
ffb1
00df
0122
0062
fe88
fead
001f
0121
0068
011e
00c4
0114
0084
ff66
017a
0078
ff2c
ff94
ffc4
016f
0197
008e
ffb6
0155
ffa8
fdbc
000e
01b8
008d
00de
ffdd
005d
ffb0
ffab
ff09
ff3e
fea7
fd7b
022d
ff82
0202
0092
ffa0
ffaa
0045
ffc6
ff3f
0089
fdc7
fbe6
0317
003d
fe52
0001
ff20
ff09
ff77
fe76
fda7
fe3d
fcda
fd2a
0360
0074
0058
fe42
fd7d
ff6d
fe28
fdd6
fcba
fd9d
fcca
fdf7
0168
ff5d
fcfd
fc95
fc9a
ff97
fe36
fecf
fe79
ffb8
feb8
003f
fef1
fe08
fc8c
fd35
fd7e
fe65
0087
000f
ff63
009b
00b8
ff9a
feda
fcef
fc81
fd1b
fca9
fe8a
ff79
00a8
01b2
0062
00b7
0021
fbae
fb96
fc5f
fdb4
fd77
fe51
feee
007c
0151
00be
0257
ff8d
fd95
fd38
fd90
fd66
ff37
ff8e
003e
0250
01ff
0170
0184
0164
fbba
fd6f
feab
ff3f
ff46
0082
0096
022b
0296
01bc
0204
0148
fdff
fe12
fefb
0042
ff4d
00a6
00f2
0173
023a
01a7
01d8
01f2
fe62
fd81
fe90
00c3
fefa
ffe5
008b
02fb
0268
01a0
01b9
0242
fecc
ff15
fedb
fefd
fe35
ff86
0111
0154
00f2
fff1
00ef
0214
fed9
ff9e
fe55
0150
013e
0137
020c
0157
009e
00fc
00e8
0188
fe32
ffb9
00f0
0055
0135
00d2
0191
0111
0021
ff86
0186
0237
fe14
0089
0203
02b3
01b7
016d
0014
0044
018b
01d6
0323
02dc
fe29
0089
0025
0074
ffe3
ffc6
ffb6
0000
00f4
0104
0111
0027
0020
ffc2
fc02
fb75
ff60
010d
0015
013d
013d
0073
fd59
ff55
ffdd
fd2b
feae
ffaf
ff7c
014c
ff8a
0180
0207
011b
00b6
00f7
0081
fe4c
00c8
01a4
018a
01a6
0153
0144
00dd
006b
004b
ff01
fffa
fff0
020f
0269
02e7
020d
00f4
0264
0031
0054
ffee
feff
ffe4
015c
0288
031b
02c8
014e
01bd
0258
0193
ffaf
ffba
ffb5
ffff
0075
018b
04c4
037c
032e
04a9
0172
018e
ff77
ffe2
ff29
ff2b
0175
0349
0314
02ff
031a
0398
02a1
00dc
ff02
020e
ffef
0074
00df
02fd
0431
036a
0398
02c6
0317
017a
ff40
ffa2
fe7f
ff85
0105
0127
0135
000b
0083
00ff
015e
00b9
014d
0198
fff8
fffa
002d
0167
00c1
00b0
fec8
0044
0051
ffdf
010b
0141
ffae
ffe3
0084
fff4
ff9e
fee1
feaa
ff30
fef2
ff89
ffb8
01df
0064
0086
01a9
004a
003b
ffca
00bf
025a
0200
02e8
03ef
02a7
01bc
00db
03ce
0176
01ea
01f5
01e5
0060
01e5
0023
ff64
0016
00b7
0251
00f6
00cd
0050
fe36
ff06
ffc6
ffaf
ff9a
ff7e
00a0
01f9
003d
0042
0183
ff69
ff88
00e5
006d
0133
01fe
02a6
006b
ffa1
ff5e
0127
00ab
ff38
00a7
01ee
00d4
01be
012f
00bb
0246
0179
fff1
ff77
0165
0186
0210
014a
00b8
01c7
006d
015b
0141
00c0
fe7b
fe92
0140
01d5
01ae
017f
00d4
00ca
fff3
00f0
0131
01f4
ff3b
ffd0
002d
00f1
0289
00f8
01f6
0193
00dc
0220
0205
01d0
ff7e
014d
ff5a
feec
00db
0037
015f
01a7
028f
02da
011c
03e3
ffd8
fff6
ff6c
ffa1
0110
ffff
020e
0278
02b7
01fe
ffd3
03c4
fff9
ffa5
01a0
0210
01d7
029e
03b0
012c
02c3
0209
017a
00c8
ffa8
fe9c
00b3
0165
0287
00e3
0227
024b
0013
fe44
002c
ffbd
fff9
0161
0176
01f3
00dc
0138
0131
0218
0107
0132
028e
ff3f
ff8e
fee7
fedf
fece
ff14
0038
0060
ffdc
ffdb
ff9a
ff4e
ff00
ff5e
ffb2
fee0
ff74
ffe7
00a4
ff24
0044
fef3
ff2c
0056
0060
ff66
0101
fec1
ffbf
ffd6
ffc1
0057
ff2c
febe
ff75
ffcf
00a2
00a9
fee9
ff0c
ff5a
ff24
0093
ff63
ff6a
0073
ff57
ff03
fee4
ff21
ff70
ffbe
fffc
ff15
0065
00a1
ff92
ffde
ff81
febf
ffaf
0097
fff7
ff72
0061
00b2
ff76
ff48
ffa3
0074
0081
ff21
ff0a
001a
008c
ff56
ffda
ff37
ffcc
ffd3
0066
fed8
ff3c
fec1
ff28
ff84
00ad
0031
ffdd
ff8c
00ae
009c
fef2
ff61
feed
0093
ff18
0005
fef9
ff32
007d
003d
ff97
ffef
ffd8
fff2
0034
00aa
ff37
fed5
ffd2
00a2
ff35
ff94
ffbb
0043
ff79
0048
ffcb
ff08
ffca
0068
ffab
005c
ff3f
0077
fec8
0066
ffdd
feea
fedd
fee6
0010
fef4
feef
006b
0001
ff13
009b
ffc4
ff85
ffae
0048
0035
ff8e
007e
fdf2
fe3c
0029
0017
fed7
fecd
fe8a
ff15
02bd
0252
0310
fd4c
014e
ffb1
01c9
01f1
014f
ff9f
0088
ffcb
00c5
0183
00e4
ff45
0105
029b
0459
02f9
0215
008f
0196
0087
013d
0183
019a
ff4a
0234
01c2
024b
01f6
01b0
0290
0212
0174
01a3
00e3
008f
fdad
fed8
0001
0242
023b
013a
0210
024b
00fc
01cd
0122
0065
fec9
00bc
00f8
0115
00e0
0142
02c7
010e
0208
00aa
009c
003f
fe30
00a4
ff98
ff53
0030
00e7
0179
0095
0160
0117
0074
0111
ffbb
ffe6
ff39
fe98
ff27
ff7c
00fd
011b
0154
ffde
0072
ffc2
00ad
01a2
009e
fff0
005e
00fa
00c6
ffd7
00e3
ffe8
ff26
ffb7
ff8c
005f
00d9
01bd
01c6
000d
0045
0180
00cb
ffda
fede
ffab
018b
020a
019d
015f
0094
0006
0128
00ff
ffad
ff18
fe33
ff9b
003a
0072
ff7e
00c9
0173
ffc1
0070
0263
002f
0028
00f9
00e3
0089
0098
002f
ff65
ffb0
ffac
006b
ff70
0023
0003
ffc5
ffe4
ffb9
ff8f
ff4e
002d
ff7f
0072
004e
008a
ff10
ffd1
ff30
002f
ff2b
ffda
ff38
ff5b
001a
fef6
0059
006b
ffbc
004d
fed0
0049
ff72
ffcf
ffc7
004b
0074
ff8e
0092
fede
0051
ff63
0011
ff45
00ac
0061
ff18
0035
0056
fffb
ff96
ff57
feef
ff15
000a
0055
ff9a
0033
fefa
ffc7
0063
ff60
ff70
0091
ff08
0070
ffee
007a
0022
ff5f
ff56
ff91
ff1a
fec0
0091
0011
001b
ff2e
003e
fedb
fef2
ffe6
ffd1
ff2d
001c
feeb
fec6
ff3e
0025
ffc9
fec5
fed8
fff1
0050
ff10
ffcc
0019
fee7
fee3
ff9f
ff1d
ff0f
ff40
0068
ffab
feff
ffe9
0098
ff03
ff6c
fff7
ffa7
ffca
fffc
0081
ffa0
008e
0005
ffba
ffde
ff25
ff07
ff97
ffab
ff6a
ff87
ff80
ff71
003a
003b
ffec
0025
00a5
0023
ff73
ff57
0081
0038
0069
ffc6
fef9
fef5
ffcd
0057
ff33
fff3
ff66
fef7
ff59
0058
ff47
fed0
0045
0040
ffa4
ff02
fef5
0069
0069
0059
00ac
ff8f
0020
ffbe
ff71
fed0
0094
ff54
ff51
002e
ff79
ff96
008a
00fa
00a9
ff44
fefc
0069
fee3
007e
ff7b
ffbd
fed0
00ab
ff17
ffa1
ff66
ffc1
0060
00a7
ff96
008f
ffe8
ff1f
ff20
ff66
ff73
001b
0046
fff3
006b
0023
ff25
ff9c
ffc4
fff3
ffc8
00a4
ff5b
0008
fec1
ffbb
ff89
fee4
ff7d
00a4
ff54
feca
fed2
009b
ff0c
ff4d
ffd2
febe
002b
0015
ff4f
ff4b
0012
ff06
008c
004d
003c
ff0a
ff0c
ffbf
0041
ff50
ffbd
006b
ff73
fff3
007c
ff8a
fffd
fec4
ff42
feaa
ffec
ff18
feee
ff3f
00ac
ff00
fff7
ff6b
ff2c
fffb
002f
0039
001e
fef6
00a8
ffb5
ff2d
fedc
fff6
0085
0075
ff68
0020
0022
00a0
fed5
fec6
ffe2
ffd4
009b
ff56
0046
ff29
ff42
001b
fff3
fd44
fe99
ffba
ffba
ffd0
0079
015d
00eb
017a
00e4
00f7
00bb
fe9e
fed8
ff61
0002
0024
00da
ffdb
00e6
01bd
00a1
0240
0047
ffde
00b8
fea5
fee5
ff84
0022
ff64
ffb7
fff9
0029
0131
008a
0094
ff6c
005b
003f
ff95
004d
ff74
00ba
ffa8
ffab
00cc
00bf
ff56
00f8
fe36
fe81
fe01
fe31
fefc
ff15
ffd5
002e
00a0
006a
ff79
fe5c
fd68
fc5f
fbea
fd6d
fe7b
fe9a
ff63
ff41
0046
ffc3
fe52
fe5b
fd68
fee9
fe31
fca2
fdfd
fdb4
ff80
feb0
fee2
ff2b
ff9a
ff1e
fe23
feb2
feb4
fe77
fddf
fe14
fe9a
fec6
fe0e
ff8d
0074
ff59
fed1
005d
00c0
fee9
fe4a
000d
fed0
fdec
fd7b
fe63
0003
0012
ffd0
00dd
004a
ff18
fdff
ff4b
ff6f
fe81
fce9
fde8
0012
0120
0079
00c9
0190
0125
012b
fff9
fe80
fddf
fe0c
fd0f
fdf3
ff8b
ffca
03fb
02eb
01a3
0482
00fc
0001
fe6b
fe76
fede
fd2b
fec5
ff7d
fe5d
ffb4
feec
fdc1
000c
ff6b
fffa
0130
0061
fe00
00f2
0132
0271
0252
026f
00dd
037f
024d
0371
0249
ff89
fda4
ffce
0271
0310
038a
0362
03b0
034a
0014
02c7
00f5
ff0f
fd5f
0115
02df
021f
0276
02b6
0381
03ec
027a
0225
027b
003a
ffe0
00c5
ff64
016f
038e
01db
02a0
0354
02ba
0315
0141
0070
fe5a
ffb9
0098
0103
02e8
025b
0377
0308
0102
fffa
ffdc
ff8f
fdb2
ff6f
00de
00d2
0368
0181
02f7
01df
00e8
0169
fead
fe2a
fdc3
0107
019e
0254
0318
01cf
01d3
029f
0135
007a
fed7
ffe1
ff94
ffa9
0156
019f
032f
0474
03d9
0211
016f
02ad
014c
ffce
00a6
feba
020a
0422
0220
037e
02db
012f
0266
0226
0151
fe92
ffdb
030e
ffa0
fe92
0128
0047
000f
0031
0094
00ee
0019
ffd6
fe21
ffca
025d
0110
0187
022f
ff14
fedb
00f0
0148
ffe3
fff8
fffc
0049
0006
ff1c
005e
0080
0063
ffea
008c
ff73
ff5f
ff69
0058
ff67
fff8
006e
ff7b
ff8c
ffe8
ffcd
00a7
ffe3
ff84
fec9
ffd8
0061
ff7b
0089
fee4
ffc6
ff4c
000f
0053
0037
000b
008b
fee5
ff2c
ff1b
ffad
0088
004c
ffa7
0078
fef3
0013
003d
00ab
0018
ff4e
ff00
ffc5
fff2
fff9
fee1
00b1
ffb4
ff54
ff4c
ff97
ffa5
ffc7
0058
fff5
ff2b
009c
ff27
002a
ff6f
ffb6
0077
0054
ff85
ffce
008c
ff62
0066
ff02
0082
ff6b
ff5b
007c
0073
007b
ff69
ffbb
009b
0040
ffe1
ff8f
fed9
0024
ff97
0083
fedf
ff57
fecc
fed6
fee3
ff42
004c
fec8
0000
fef5
008d
ff28
ff7e
ff6d
0060
ff83
ffc0
00a6
fed5
ff21
ff44
0041
ffe5
ffb2
ffc2
fedd
ff14
0024
ffcc
ff1f
ff11
0081
ff9e
ff0f
fed3
0027
ffc1
ff6a
fed9
fef1
fef7
0029
feff
ff02
ff9b
ff9d
003a
001e
0091
ff2b
00ee
ff61
0120
ff98
fff1
005b
013d
0150
0141
0047
0014
ff7e
01c0
01ca
01a3
01a2
01c1
0209
0180
0262
014d
0190
01d9
ff5c
0270
01e4
011c
00ac
0163
0295
0369
0336
015c
020d
026f
fe04
0049
016d
0187
0173
0139
0290
021b
01fe
021b
011a
03b5
0138
0036
ff2d
00fe
03c0
028d
023d
0268
01c4
ffc1
0005
01fa
0182
fef1
0023
0162
0359
0054
00b8
0119
00f1
0093
0144
0011
0124
00cf
00e4
010c
012f
007b
ff16
fdd7
ff29
0004
ffaa
ff6a
0122
0122
019d
00cb
0184
ff42
ffa0
0001
fe8f
fe8a
0014
ffa1
00c6
01d8
02ff
026f
0047
fff9
ff96
0149
fefd
ffa1
ff47
ff0f
004e
00d0
01c1
01a5
0090
ffe1
fddd
fe8e
feaa
ff9c
ffce
0173
0060
0035
00c4
01cf
fffb
fe24
fd71
fddf
fdba
fd72
ff2d
ff64
019e
0215
0219
0202
feaa
014e
ff90
fd20
fc8d
fd37
fe63
ffed
0249
006d
0047
feb8
0208
fdf0
0203
0312
0391
0479
0443
02bf
ffd9
ff08
01bd
00d5
0162
02b7
fffe
003c
ffe6
fe00
ff9d
ff8b
fd02
0131
ffcd
ffc0
0072
ffb4
fdca
fc57
fc3d
fb71
fb0f
fccf
fced
004c
fe3a
fe79
fe3b
fc49
fde4
fb63
fc32
fb31
fbb3
fd31
fd7c
ff83
ff3d
fe39
fd65
fd4e
fe34
fc3c
fb7f
fb73
fbd8
fd8f
fddd
fed4
fd4c
fcc4
fd16
fd5c
fd48
fd9b
fc5b
fc87
fc45
fcf4
fe9e
ff3d
ff79
fde8
fe6b
fef5
fff5
feed
fedc
fef6
fcae
fda2
fe05
fdd3
fda9
ffe8
fee4
ffba
003b
0078
ff8d
ff2d
ff14
fdb4
0053
fd67
fd2b
0031
fe27
ff31
fe28
ffdb
ff6c
ff84
0049
fe93
ff18
fd61
fe33
ffa4
00c3
ff35
fe7e
ff1c
008b
005b
ffac
fe37
0186
ff17
fed3
00b4
ff53
0083
0008
ffeb
0056
000f
fd86
fd78
fef9
ff88
007f
0067
00b0
0171
021d
0324
00d8
0095
ff8f
00c7
fedf
f830
ff47
ff5d
ffe2
0026
0098
009d
ffba
ff25
0027
fff9
0031
008f
ff1f
ffe3
ff64
ff88
0091
ffd7
ffc1
ffe0
fed8
008c
ff93
0085
ff28
ffb5
fec7
ff1f
fea6
ffdb
0120
0112
0090
00c9
ffd2
005d
0078
ff18
0065
fea1
ff15
ffa5
fedd
ff9f
0041
ffa6
ffa5
fed9
ff22
ffec
ff04
ffcf
0019
002e
ff0a
ff97
ffcd
fff0
0062
ff49
fedb
fedb
ffee
ff8f
0009
ff90
0064
001b
ff94
ff63
ff28
ffe5
fef1
002a
ffe5
002b
ff8b
ff17
feb1
ffdb
ff58
ff0e
ff67
ff81
fff9
0044
ff44
ff74
fec0
0034
ffae
ff28
ffe0
ff0c
ff65
fe98
feb9
ff49
0060
001d
ff8c
fed9
ff06
000a
ffb3
006e
ff2b
feeb
ffcc
ff13
ffbd
feea
ff94
fea2
0068
ff53
0070
fed1
fed4
ff40
0013
0049
002a
fea5
0024
ffcf
0078
fffb
0150
ffc3
ff8e
ffbb
ff9b
fed9
ff34
0035
ff5e
0150
0116
0051
006e
0025
ffaf
0011
0092
0060
feda
0094
ffc9
fef5
ff2b
0009
0073
fedf
0007
0002
ff2d
fed1
ff91
fffa
ff92
0040
fffc
0041
fed2
ffbb
fee2
ffd9
ffa1
fefb
fed7
0048
0013
ff36
ff7f
002b
0075
ff8b
0068
fef8
feba
ffd4
ff7c
ff4a
ff2c
feb5
ff3e
001a
ff72
fee9
ff41
006c
fefa
0030
ffc4
ff5f
ffa4
ffbd
ffa2
004b
ff38
ff0d
fec3
0058
007c
0092
0008
ff12
000b
0089
0065
0063
ff83
ff64
0065
feaa
ff35
000a
ff8a
0086
fef8
fea5
fee2
008e
0010
fff9
ffb3
ff0e
ff0b
fef2
ff38
001a
ff08
0031
ffa8
ff88
ff74
ff86
ff09
feae
fffd
0059
fefe
ffe9
ff5c
feef
0043
fea9
0009
0049
0003
fec1
febd
fec1
ff30
ff93
008f
ff00
ff84
0040
ff15
fec1
ff4c
0068
ffb3
fee1
ff6c
ff78
0031
ff3c
fea5
ffc8
fec7
0150
ff1e
ffd4
febc
ffc7
0045
0034
007b
ffa4
ff18
ff23
fff1
ff84
feb1
0025
fea8
015b
00f5
fef2
ffaa
ff31
fe98
fe96
ff24
ffcc
fef8
feef
fed4
ff7f
002a
005b
ff7f
ff35
fece
feb4
006f
0046
ff72
ffba
ff6b
fee4
fee0
ff9c
003a
0012
ff7d
0020
ff69
ff68
ff9f
ff29
fefd
0054
002f
ff7f
ff3e
ff52
ff22
ffe7
0016
ff1a
0032
0031
0070
ff05
ffdb
000d
0038
0080
ff18
ffa6
0056
ff69
fffc
ff28
ff1c
0011
008e
ff05
ffbb
fefc
ffee
ff0e
007e
ffde
ffa4
ffde
0014
0055
ff43
002b
ff64
0053
ffd3
0107
0101
fffa
ff70
ffc7
0028
ffc8
fecc
0024
008c
ffd7
ff1f
0084
0014
ff69
0025
feb5
ff88
fef4
ff8c
ff7f
ffaf
ff92
fefb
006f
febe
0041
ff09
ff03
ff31
ffae
fef5
feee
001f
ff00
ff72
0045
ffb5
0005
fec8
ffa5
feff
003e
fec7
fec3
0013
feb4
ff1e
0036
ffee
ff44
ff33
ff4b
ff8f
ffe5
ff24
ffd9
007b
fee9
fee2
fed6
ff9f
febe
ffc9
0046
fffc
fedd
fef4
003d
ffba
007d
fecb
ff41
febf
ff55
0008
fef7
ff59
00c7
feb0
ff5e
0050
0001
ffb3
ffdc
fee2
0077
0070
ffad
ff00
ff87
0042
fffa
ffb2
fed9
0047
0082
0040
008b
007b
007d
ffe6
ff5d
ffc9
fee8
feb2
ff4a
fffb
ff03
ff79
fef1
ff6f
006c
feb7
feae
ff27
ff08
fee2
ffb8
ff3e
ff8a
0003
0045
ff18
0077
ffb4
fff7
0028
ff98
ff9b
003b
ffd1
0008
012e
fef9
fffa
ffe4
ff44
fedf
0009
ff48
fefa
ff4c
ffea
0091
0040
ffb2
0074
ff28
ffb9
ff37
ffd0
fec7
ff74
fed8
ffac
0139
ff66
0008
ffc8
ff8b
ffa4
0033
ff7b
fff1
0047
ff3a
0057
ffdb
ff6e
ffbb
0072
ff27
ffc9
fec2
feae
0002
0086
0050
fea7
ff6d
ff0d
fef6
fecc
ff71
ff81
ff33
ff65
ffa3
ffbb
ff37
ff0a
ffcc
0055
ff8c
ff76
feeb
fffc
ffdc
ff32
ff7e
007f
ff08
0011
003e
fef9
ffe5
ffdf
fed0
ffc3
fed6
ff0c
ff0a
0092
fef1
00ac
ff33
002a
003e
fecc
ff90
0059
feb7
fea7
ffbb
ff4c
ff99
ffcd
ffca
ff93
ffc0
004d
feef
ffb9
fef8
ff25
ffd6
ffb8
ffbe
ffb2
ffe3
0012
00ed
0081
fecd
ff83
ff78
feba
ff2a
ff7a
ff71
fee3
fef8
ff21
ff0a
0000
ff89
fee6
ff1d
ff6d
fffc
005a
0070
ffa7
fef3
feb6
fff7
fff8
fef2
ff44
0083
ff09
ff4c
fee9
ff39
0090
fedc
ff4f
ff89
0049
ffba
febb
ffbe
febc
ffdf
ffd5
007b
ffb0
fece
ff65
ff8c
ff3d
007a
fe93
ffb1
ff0b
ff2f
ffa9
ffb0
ff19
ffe6
ffda
fed6
ffe5
0049
ff95
0061
ff94
0044
fef7
ff25
fefc
ff57
ff19
ff63
fece
ff7c
008e
fff7
004c
fecb
004e
0042
ff91
0003
ff28
ff0d
0031
ffac
fffe
ff6b
fee4
001b
ff14
000a
0015
0067
0008
fee4
ff3f
feb7
0081
ff98
fed1
fff9
ff59
0130
001f
0034
0060
fe9b
ff71
ff32
ff14
ffd1
ff2a
ffbc
0047
0026
fffa
ff4c
ffde
003b
fff3
0037
000c
0043
ff80
005c
fff4
0099
ff30
ff35
00a7
ff56
ff24
006a
ffaf
0056
fffa
002c
00dd
0048
ffc6
0067
ff34
ffa0
ff42
ff75
003d
ffb5
ff6b
ff70
00d5
0085
003d
008a
ffaa
008b
ffdd
007b
ff7b
00a2
fffb
0017
00c7
ff84
ff62
00f3
ff97
00d8
005f
0091
ff2b
0094
ffbd
0074
ff91
fff9
ffa6
00ba
0078
00e8
00b6
ff0a
002c
0009
00c5
00f0
0073
ffaa
ffae
ff5f
0069
ffd4
00f6
ff68
ff63
ff10
ff76
fffc
ffe6
ff20
ff32
00eb
ffd4
00e8
0026
ffc4
00a1
0023
ff3f
0058
008c
00d7
ff49
ff92
fffa
ffff
ff7c
00c1
0087
00b7
ff51
fffc
ff58
0002
0079
ff90
00e1
ff06
ffb6
006e
ff91
ffa3
00b9
008d
009f
ffa8
ffa6
ffde
0073
0010
005f
004c
ff30
ffb2
0050
ffd1
ff6e
ff69
006f
ff11
0020
0028
ff6d
ff14
ffd3
0001
fed3
ff69
005c
00e4
00a9
ffdb
00ef
0023
ffc1
0036
ffe0
0029
0074
0050
ffc7
fffd
00a6
0016
008c
0050
0058
ff78
ff40
00e7
fed5
005c
005d
0071
ff3c
ff56
ffdd
ffae
0153
00b9
ff60
ffe8
fe9f
fffe
00e1
fed0
feb5
ff1c
00ca
000d
ffb6
008d
ff68
006b
ffc9
fece
fee2
ffc9
ff8a
fea1
0079
ffe5
0158
ff88
ff16
0023
0063
003b
ffaa
fff6
0071
0024
ff14
ff84
0033
ff2f
0090
006d
0029
fec1
ff6c
ff7c
006e
ffe9
ff97
002e
ff8c
ff3e
ffdb
0071
0120
0054
0070
ff72
ff91
0061
ff52
002e
ffd8
fea1
0031
0122
00d5
ffd0
fed3
ff26
fee9
ff0f
ff20
ffc0
fecf
ffb6
ffc1
00b8
ff4a
002c
0057
ff81
fea4
0011
0083
ffeb
febb
fee6
ff57
00ca
feb8
fef1
fffc
fff2
0025
0124
00cd
ffab
ff91
ff3d
fe99
003d
0145
0027
fff6
0006
00ac
ff6d
0122
014e
002b
ff7f
fff2
ff0f
0057
ff07
ffa2
00d6
ff43
006d
00f8
ffcd
ff2e
ff3b
000a
00d3
ffd0
00e7
ff77
006f
008b
0042
00f6
ff28
0008
ff4c
0041
0018
00d0
0025
ffd1
0006
000f
009c
ff86
ff52
0040
0000
fff6
0008
ff3d
00ab
00c7
fffa
0089
0013
ff44
00f6
ff16
00b3
fff4
ff49
00fa
ffb5
0050
ffa7
0084
005a
0074
ffda
ff8b
0081
ff45
00b1
0053
ff95
008f
ff72
00e6
00c4
ff59
ffdb
0078
0073
ff73
ff84
00fa
00fa
0085
00c2
ff1b
0073
ff9f
ff6d
ff74
011f
0046
ff7e
ff50
ffa4
ffa1
002c
0075
ff95
00f2
ff1a
ffa6
ff81
ffee
00d3
00d1
ff7d
ffc0
0085
ff28
ff55
00c5
ff76
fff7
005d
ffab
00d8
ffd8
000d
00c0
008c
ff7d
0016
00e1
0074
008b
0010
ffef
ff51
0078
0096
ff36
00a8
00e5
ff0b
ff14
ff45
ff4d
003a
ffa9
ffe3
ff94
00cd
0006
0079
00e2
ffe5
ffb5
ff9d
0010
ff2e
008e
fff0
ff07
0054
006c
ffaa
ff51
ff63
008a
ff2c
ff83
002b
ff22
ff86
ff7b
006b
0092
ff71
fef1
00a4
0051
0093
0043
ffa7
0066
0044
ffef
ffe5
ffdb
ff94
00b8
0084
002a
0023
ff16
fea3
ff12
0030
ffbc
0081
ff8b
fed2
fefa
fe97
0038
0128
ff8a
ff56
004d
ffc0
0094
ff3a
feac
ff4e
0072
fed7
0078
feb7
ff86
0084
004b
0076
fed0
ff6a
ff30
ffaa
fee0
fedb
0004
fead
ff85
ff6c
0062
ff20
ff66
ff55
fff7
ffe5
ff7a
ffe3
ff65
ff67
fe9c
0014
fefa
ff9e
feb7
ffa7
ff9e
ff3a
ff3a
003f
ff56
ffc1
ffff
feeb
ffb4
0044
ffeb
ff15
0073
008b
febd
ffcf
fff9
ff40
0080
003f
feb5
ff07
0037
fea8
fea9
feec
ff48
feff
ff87
ffc1
fe9e
ff95
ff04
feff
ffe5
006a
fea6
0062
ffee
fecb
ffd6
001b
ff4f
ffbc
ffb6
ff06
fff3
ff25
ff98
ff13
ff89
fe9d
00ff
010f
ff31
fecc
ff82
ff19
009f
ff0c
00c6
0098
00b7
ffee
0062
ff5b
00f6
ff56
ffa1
00e4
0029
00d2
00e7
ff0e
ff24
00c8
0044
0037
ff9f
0029
005e
ff3c
0023
ff34
ff63
ffba
ffbf
ffd2
00ae
ff55
0001
00ae
ff67
ff6f
00ac
ff0a
ff15
ff1c
00e6
00ea
008f
ff12
ff58
005b
000a
ffa5
0067
ff99
0056
ffca
ff7d
0055
0089
ff6f
00af
ff08
ff9a
ff9a
00f4
0030
009a
ff5a
ff56
ff75
ff95
0002
00c7
00e1
0090
004d
ff3b
0058
ffa8
ffb9
ffef
ff3d
ff09
ffcd
004b
00b5
00b1
ffbc
ffd3
00ac
005e
ff6a
ffae
ff0a
ff89
ff9c
0079
006e
0010
003b
ff66
00a3
000a
ff2f
ffa3
0032
0040
00da
00e9
00c2
ffcf
ff6d
ffde
00c8
ffca
ffb2
0057
ff24
0024
ffc3
00b9
ff44
009c
0049
fffb
ff38
ff68
ff15
ffd4
ff33
ff6d
ffc0
ff37
ff7b
0040
ffc5
007e
ff9a
ff4e
fff1
006f
ff99
ffa9
ffed
fffb
0006
ff86
ff83
0090
ff66
ffb7
ff2f
ffac
0009
ff47
ff49
003f
007d
ff6d
ff7b
0083
003d
ffed
ff0b
0049
000f
ff30
fff8
005b
00cf
0037
ff0a
0053
ff0a
ffd0
005d
0025
0030
0069
ffb5
0029
0076
0087
ffa8
ffcc
00f5
ffbb
ff69
ffd2
ffee
005c
004a
0081
ff29
ff15
00c0
00a0
0080
fff5
ff56
0010
ff4d
ffe0
ff56
003b
00cd
ff53
004c
fffb
ff35
00a9
00b5
00db
00f3
ff39
ff3e
ffa2
ff11
0001
00f8
ff63
ff91
005a
ffdc
00f4
ff3b
ff7c
ff5c
ff80
ff47
00eb
ffb0
fff3
ff63
ff49
0061
ff77
ff49
ff5e
00cb
00e1
00ca
ff3e
0083
0065
ffbe
ff5a
ff4f
ffd2
0096
006a
ffae
003f
009a
ff23
ffa2
ff4d
ff35
ffbd
00eb
00e8
ffbb
0036
000f
006c
ff3f
00bf
002d
00f6
ff20
0034
ff5e
0003
ffb4
ff51
ff97
ff09
ff36
ff43
ffd8
007d
00f1
0091
ff74
ff0c
00c4
0071
0019
ffd4
00e0
fea0
0135
fe96
ffb6
0067
ff80
ffb7
ffb6
0072
ff15
ffdc
ff5e
000f
ffb8
ff4a
0005
feef
ff75
fea5
ff99
0021
feaf
0032
fefc
ff6e
ff59
fea5
0037
ff40
fea3
ff00
0054
008e
ff0c
ffbf
feba
fff4
feda
004b
00b8
ff6f
0024
fec4
fec5
ff9e
ff3c
ffca
0040
ffb7
ff58
ffa5
ff10
008b
ff64
001a
ff7d
005c
ffc8
ff53
feca
ff46
ffce
006d
ffb0
ff1f
ffbb
0095
008a
004d
feb4
fed1
feb0
006e
0038
fee8
ff6b
002d
ff8d
0064
00b2
ffd2
0018
0011
ff90
ffcb
ff4f
003c
000b
fefb
fff3
0152
00ce
ff23
007e
ff58
0094
ffc4
feb4
ff50
fecc
ff05
fed9
ff9d
feb7
0012
ffeb
ff83
007b
ff11
0036
007c
ffb1
feaa
ffce
ff98
ffdf
ff33
0069
ffcd
0093
feca
fee8
feba
0077
ffe1
ffa5
0049
004c
ff9d
ff52
ff30
0008
0034
fecf
ff16
0024
ff89
ffc3
0019
fff7
0014
004c
ff77
ffef
ff75
ff5b
fedd
ff59
ff66
003f
005f
0021
ffcb
fec1
ff09
ff42
ff5d
ffd4
fffc
ff4b
ff2a
ffe7
011a
008e
fed4
fff7
ff2a
fff8
feb6
ffa8
fff6
0079
ff00
003d
ffef
00e2
0005
0133
ff8c
0022
001f
ff42
feee
007c
ff12
ffa5
feb2
0068
ffdd
feb4
ff2c
fec6
fefa
ff89
ff66
ffe5
ff12
ff68
ff52
ff76
ffa3
fed7
ffac
ff53
fe9b
0036
0034
ff02
febb
002b
ffda
ff5e
ff51
005b
feb7
ff02
ff74
feec
fed8
fff5
ffe5
0013
feef
ffd6
febd
febd
006c
0035
ff75
000a
ff6f
006e
0011
ffc4
ff88
0000
ff8f
ff87
ff70
0076
ff00
ffc5
fee8
ff27
ffec
feca
003f
ffc2
ff50
0029
ffd0
0030
feb8
ff5b
0056
ffd7
feeb
005f
001b
ff73
ff06
0010
ff77
ffd8
0018
005b
ff09
ff18
ff97
ff28
0055
ff79
ffa0
ffe5
fec3
fe99
ff77
ffcd
ff5c
fed4
0030
0007
ff27
0006
ff9c
007a
00ba
feca
001b
006a
001f
ff0c
006c
ffa1
ff76
fefe
ffaa
feb2
ffd0
000c
ffb0
fed8
ffc3
fec6
ffe8
feed
001a
ff2b
004f
ff37
ffcc
ff2f
ff92
ff1c
febe
001a
ffcd
0064
fec3
ff75
ff4d
ff88
fecc
ffb8
0044
fee2
ff74
ff87
fef9
ff86
0091
0095
0053
ffa0
ff6e
feec
fec5
ff4f
0031
003e
ffba
ff37
00ab
0017
ff2d
0045
ff8e
ffe4
000b
ff25
ffe1
fff6
fec5
0065
0026
001d
0065
feff
0057
ff14
ff6a
008f
ff9d
0031
ff12
ffdb
00cb
00f1
0029
00c4
007e
ff49
0016
fff9
ff41
febb
fee0
0055
0009
012e
0037
ff43
ff24
ff5a
006f
fefe
ff82
001d
004c
ff73
ff38
fed3
ff6b
ff9f
ffd8
feb6
008a
fff1
fef2
feb6
fecc
fee7
004a
ff43
0034
006d
0035
ff31
0062
0015
fed9
ff71
0057
007d
0013
ff0f
ff17
0075
0063
ff90
ff68
ff7f
005f
ff81
ffab
ff67
ff84
ffb7
ffa6
fffa
fecc
ffcc
0072
fefa
007d
ffaa
000b
feee
0066
009c
ffbe
009d
ff3e
ff8e
ff45
ff37
ff0a
0009
ff94
001a
007e
fee8
ff39
ffbd
ff70
feed
001f
ff60
000d
fedf
fffb
fea8
ffdf
ff03
0050
0082
003a
0114
ff1d
ff67
ff56
0015
ff98
fefa
0044
006a
fed6
fefc
fff5
0091
005e
ff3f
ff54
ffc2
0011
00b5
feef
ffd3
ffd8
ff44
ff5f
002c
007b
ff05
ff70
feb6
ff01
0111
ff48
fea4
000e
0026
fffb
fef9
ff07
ff99
ff1a
ff42
ff49
ffe7
008b
ff7f
ff4c
ff68
fe9f
002e
ff9a
fea8
006e
ffab
ffdf
ffd8
005b
ff87
0065
ff5e
ff16
ff2f
0066
feea
0090
ffc0
ff7b
ff91
ff47
ff5b
004d
0091
fed1
ffd7
fead
feec
ffaf
ff54
fea5
ffdb
007d
004c
fee6
feed
0064
fed1
001f
ff00
feb9
ffb1
ffad
001f
febc
fed4
ffdc
fecb
0146
fff6
ff8b
fe93
fee4
0093
ff62
0030
0065
0080
ff2e
ffa4
008e
0031
feb4
ffe2
fea9
004b
0016
ff22
ff1d
0006
ff42
fec0
ff6d
ff28
ffa4
fef0
ff51
fef5
fec3
febe
ff1b
0057
ffe8
0000
ff46
ffc7
0152
ff04
0019
feb3
005f
005f
0004
ff96
ffce
ff4d
ff23
003f
0085
ffc0
ff37
0076
fec3
0053
ffcf
ffad
ffcc
ffc0
ffe8
0031
0034
fecb
ffe7
ff70
ff47
feb7
00a7
ffe0
ffba
fecd
ff93
ffa0
0039
feb4
ffd9
ff18
ffa0
ffb0
ffa3
011c
015b
ff9b
ff6a
ff1b
001f
ffde
ff9a
ffc5
ffa9
0043
0001
ffd0
0086
003c
0035
ffe0
fed1
0062
ffb0
fefa
ff6b
ffaf
fe9e
00f3
ffd3
feee
002f
fff9
ff55
002f
ff04
00b1
fedf
feb5
ffa3
ff51
ffa2
ff21
ff36
ff3c
ffe6
ffbd
ff26
fed8
ff8f
0010
0019
feb3
ffd0
feff
ffb7
feca
fed4
ff45
ff9f
ff62
ffdd
0063
ffcb
000a
0097
fffc
0071
fefc
0078
ffd5
ff37
fffd
ffa0
0025
0072
0037
0083
ff1f
fea8
ffb7
fff8
ffe3
009a
ff80
ff21
0220
020e
ff6a
ff13
ff0f
fede
0041
00b3
01a7
0047
00e8
feda
0023
0004
0029
fe27
fdc1
fc57
ff17
0179
ff9b
00f7
00c3
ffdc
02b4
0153
ff8a
fe40
fcbc
fc8b
fd93
006a
00bf
fff3
000a
010f
02c4
00ad
0034
fdc3
fed9
0023
01d0
025b
013d
ff44
fe59
0106
01c9
0165
0317
0018
ff4a
feaf
00b2
018b
01dc
0019
fdfc
0129
0163
016b
fec9
fea4
ff85
fe12
ffb1
0294
02db
01e3
ff4a
fe13
0054
ffcc
ff0a
fe07
fe6b
fd7e
fe22
004e
0193
0151
00f7
fec3
fdf4
ff95
fe2d
fdd6
fe75
fe60
fe89
00b3
ffc5
00e6
0119
005f
ff56
ff98
0161
fffd
ffad
fe39
fe08
ffcc
0025
0059
0078
006b
0242
0052
017f
ff82
ff6b
fe9e
ff1a
fede
00c8
00fc
02c9
0222
00d3
013a
0178
ff8b
ffeb
ff6b
fe73
0044
ffc8
ff40
0123
00b9
0050
018c
0203
007a
00c5
00ef
ffff
002d
ffa4
ff82
fee7
0119
ff21
fece
fd3a
ff86
fea6
ff6d
fdf5
0012
ffe5
ff14
ffe0
0154
009f
ff51
feec
fe6b
ff5f
ff28
ff69
ffd7
0182
017d
0215
007b
00d2
fff8
fefc
fd85
00d3
0278
02ff
ff35
005e
0081
ff4f
010e
01a1
fff0
0046
ff16
0084
00be
01ac
0237
01a6
ffa5
fd74
ffeb
ff1e
fed3
ff37
ff09
fdf3
fe01
01cd
0212
fed9
ffd7
ff6c
02ed
ff6d
0171
fe73
fe4d
fd68
fd9e
027d
0312
0298
00cb
0084
0010
00bf
ff49
fdd0
fd48
fcfc
fdcd
025d
022d
ff43
feb2
fd80
ff25
fe28
fdeb
fe92
fd25
fbcd
fef3
02b0
0300
fee8
011e
ff48
fdb4
fd87
fd12
fcef
fe55
fd9a
fe23
009c
0129
ffaf
febc
fe74
fdaa
ff18
fef4
fdc3
ffd2
fe81
fea2
fe36
0049
fed0
fe6f
00af
00b7
00b1
ff68
fe38
fe69
00b7
0215
014a
0016
ff24
ff21
0042
0193
0127
013e
0072
01f2
0210
009b
0083
0199
0015
fe89
ffe6
fdd4
fd81
0074
ff4a
00ab
0170
0165
fe03
0121
0122
fd3b
fe00
fe20
fd6e
ff0c
00f0
01af
00d5
037f
00db
009b
ff56
0078
fe12
fd9b
ff7d
fe74
00ee
0204
0226
02d4
01c9
0319
00d8
012e
0289
ffd6
ff38
ff8e
00ce
01b2
010d
021c
012d
019b
00e5
00e7
0111
fc80
fa85
ff8f
0021
002a
000c
0068
ff94
0198
0030
01c2
fcb5
fad2
faf2
ff6e
0111
ffc8
fedd
feb9
fb68
fe34
ff28
fe73
fec5
fdab
fbcf
feb3
0232
0134
ff92
fe24
fc23
fe42
fe6f
013e
00fa
ff7c
0171
ffaf
00ae
01d2
fffb
ff93
fb9d
fdb6
ff2d
0164
00ca
006e
013c
008b
00f5
0036
010c
ffa5
fd8f
fe1d
fff6
ffc0
fe82
fdba
fec6
fe56
0032
ff04
ffbb
ff78
fde8
fe09
0029
fe3e
00a2
ff92
fca8
fc1c
fcf7
fcb3
feeb
ff0a
ff25
fffe
ff51
008e
0016
005d
ffda
00b9
fece
ffbf
fec9
0218
0160
ffde
fe0e
ffc8
ffb1
ff58
fd64
fdef
fee7
ff3b
ffc6
ff5b
fff8
0164
fd48
fe95
0094
fedd
fedd
fea8
ffb7
fef6
ffcf
ff1a
0041
026b
fff8
fe47
fef3
ff7b
fdc0
008b
00ea
0108
ff70
fd82
ff4d
007b
fed4
fbe3
fcee
fe7e
ff7b
02e1
0166
0103
ff73
feb6
0124
009e
fd93
013d
fff5
ff43
0085
033d
03c8
03ff
0119
ffc3
0180
00da
fd70
019c
0102
ffd1
0100
0255
043b
05bf
02b4
0050
001a
0043
ffd1
02bb
0262
00af
0244
02e3
0313
0291
0167
ff83
fed0
ff4c
00e0
0277
01eb
01e2
00a6
007a
00a9
0045
fff2
006e
ff9e
0074
011a
02ce
0176
00ce
ff6d
ff0d
01a6
000a
0146
ff7b
00d2
ffbe
0091
0120
ff74
fec1
ff8c
fd09
feaa
ff5d
0119
0082
ff2e
feb6
ff80
0114
ff69
fe53
fd61
fcd8
fcb0
fe1a
fff5
ffd3
ff6a
0125
0165
012c
02c8
0253
ffe1
ff65
fdee
0008
01cd
00b3
fed1
0011
0220
01fa
feff
ff5c
0029
ff1e
00e2
01c9
00e1
005a
ff60
ff95
00a3
0007
002b
0077
0142
0040
00b5
0186
01c7
ff65
ff93
feaf
ffbd
ff72
0122
0289
01a2
0101
0135
000f
02a5
023d
01e5
0019
0034
0081
0083
00b9
ffa8
fffc
ffcd
0043
028e
0372
0084
009a
025a
011c
ffec
fd6e
fd66
fd28
fed3
ff8e
01b9
01c1
01d5
0024
022a
0058
fe49
fae1
fa7b
fc96
fe71
ff7a
00d3
00b6
00c3
ffdf
0047
fd3e
fe6c
fc25
fabe
fd8e
fdfe
fd97
0065
0016
01f2
00f8
0285
fec2
fea2
fff3
fe85
ff0b
ff5a
ff7e
ffe2
0136
0269
00b5
01f2
fee0
ffa0
fed0
0074
ff59
ffdf
ff0e
00a1
0029
0257
01c8
0209
ffa2
fe5f
ffe9
008e
0131
0007
ff9e
00b6
0089
0213
01b5
014d
00cd
000f
ff3e
0135
015a
0130
0108
ffba
0094
0000
00c9
00aa
01b5
ff41
fdce
feab
ff26
009f
007c
ff80
0064
00cc
00e4
013d
fd2f
fc55
ff10
0086
fcd6
fd36
0125
0098
fefd
ff25
0095
ffb6
ff23
0069
ff35
fff2
ff2c
00a2
ffad
ffbd
006e
0164
03aa
fdb9
ffae
0289
00fc
01cd
007a
ffa1
fff2
0082
01b9
0105
0210
ff4f
ff0b
016f
02de
0411
0185
0034
ff29
00c0
024c
0100
015f
004f
00eb
01f7
0392
058e
01d9
00dc
fe02
ff3a
0105
027f
024b
016b
00e1
00d9
00e3
02b8
018e
ff82
fdd8
fead
0142
029a
0242
00dd
01d1
003c
ff8a
00c6
00a5
fe06
fe0b
ffc9
febb
01cb
fe75
feb4
ffdb
01b2
0125
ff93
ffd6
fedf
fe1b
ffe5
ffb5
ff39
ffce
fff4
ffdf
0259
0142
007e
ff76
ff1d
000b
004c
fede
ff6d
ff0f
ffb2
0082
02a2
018a
0249
01c7
015e
0139
0029
fffa
ff6a
ff20
01da
0118
ffa6
022d
017b
0118
015c
00f7
0067
0060
fe69
0033
017c
01c9
0042
ff6a
ffd4
0180
01cb
ff9a
fec0
ffa3
0052
fffd
021d
fce9
fba8
fdc5
fe73
0063
0109
0023
001d
ffc5
008d
003a
ff5a
ffe5
ff2d
ff42
feef
01d6
021b
009c
00aa
0144
ff71
0057
0002
fe1b
ff5e
fffc
ffa6
004a
00ed
008a
0164
00bf
fef9
0011
01e9
01c1
00b2
03b5
02ac
004e
ff3b
01b3
015c
008c
00f8
022e
038d
02f2
0264
01e7
013f
ffa5
0059
00de
0110
004e
0028
0084
0184
0112
ff9a
fd2f
fea8
fdfb
fd9d
ff25
ff97
ff1a
ffd0
0052
ffa0
fda9
fb19
fa46
f9d3
fc88
fd13
fec1
ff5d
fd88
ff0d
ff10
fce2
f9e4
f9f3
faea
f9f7
fb84
fc4e
fd7a
feaa
ffe0
ff52
002a
ffb4
fd09
fca6
fde4
ff15
feb4
fd4b
ff69
ffb0
007d
003b
00f5
0006
fed4
ffd7
fff6
0084
0179
00ea
000f
0136
013c
0114
00e4
ff8d
fe45
01fc
02d0
0157
025c
01cf
00df
00bc
00ba
00e3
ff75
fef8
009c
ffed
0085
0063
ff9a
0127
0055
00bb
0041
01d8
ff6c
007a
ffed
feda
fed8
fedf
ff4e
febe
0048
009c
0080
ff92
ff27
ffbc
0038
ffe0
003d
fff2
00a6
ff01
00a2
fff5
ff73
00b1
0063
ff5b
fef0
0031
ff81
ff16
0028
0059
005a
ff51
0055
fffc
0050
0001
fecc
009f
fef8
ff4f
feeb
ff78
005c
fec5
ff62
ffd7
ff53
004f
0044
ff38
fed2
009e
ff70
fed3
ff78
00a2
ff71
fefc
ff10
0096
0057
fecd
0094
0073
ff14
000b
ff94
ffc6
ff15
ff21
ffdb
ff61
ffd6
0058
0086
ffc5
fee0
ff55
fed9
ff2e
0055
feeb
ff0f
0082
000f
005c
0079
ff3b
ff5b
0001
ff7d
febe
ffc5
ff52
ff28
ff8b
fec6
004a
003d
ff26
007d
0008
ff59
00ad
002f
0090
ff51
ffca
0016
ff38
ffe2
00a0
0060
fecb
ff24
0093
fef1
0042
ff07
ffda
fec8
feca
ffa7
ff51
ff31
ffe7
ffda
fec6
ff36
007e
fef7
ffe3
004f
003e
004d
ff7f
ff7a
fef5
007a
009a
ffc0
ff99
0016
01b0
0161
00df
0112
ffd6
01b9
0168
013a
ff88
0152
00e9
0120
fe2a
febe
007d
ff5e
fdce
fe68
ff8a
ffc5
008c
ff08
ff8f
0075
fe51
0101
fe77
ff5a
fdb8
ffdc
0068
003a
0029
00cb
ffc5
ff2f
fe3e
fdee
ffe8
00cb
009e
fe7f
fd52
fee8
ff2e
ffbf
0074
ff04
fe01
fdd9
fed3
0042
0010
ffac
ff5c
ff86
fec5
0153
ff4a
ff66
00bd
fcd8
fecf
fce8
fe77
ff75
0096
ff06
ff20
febd
ff70
fdea
000a
feb6
fec5
fd6b
fe59
00f4
004a
ff73
0078
feb1
fec8
fe8f
0096
00d7
ff78
ff2f
ffbf
ffad
00fa
0085
003b
ff06
ff78
ff9d
ff01
0091
0146
01e6
00f5
0045
ff73
009d
009f
ff30
0058
0090
ff30
febf
0040
021a
025d
0130
00bc
0063
ffdb
ff98
00e5
0130
ff74
ff90
ff23
ffad
0310
0183
fea1
fefb
ff73
0025
ff14
0111
fee7
fdcf
ff4d
fd29
ff63
00a0
0084
ff91
0008
ffc6
0192
0254
009f
0040
001d
fef8
feeb
ff11
0012
ff4e
fee2
ff3e
ffa7
ffcf
ff6c
fed2
0077
fff1
0061
ff05
00ab
fff0
ffa7
ffbf
ffd0
0063
ff10
ffa4
ff3f
ff70
0028
ff7a
0057
ffbe
fee4
ff5f
ff48
ff16
ffe9
009d
ffcd
ff9d
0017
feef
ff4e
fecd
fff5
00b2
003d
ffa6
ff96
fee3
0047
0005
0039
0038
fff7
ff36
ff5f
0020
ff0e
ff68
00b2
fefe
0028
0075
0090
005a
0002
005a
ff74
0099
001d
0066
ff86
ff16
ff16
ff61
fefd
0071
ff73
ff3f
ff2a
0052
00b2
0035
fed1
005d
ffc9
00a8
ff7a
feff
feca
ffe3
ff8f
ff86
ff92
0081
0033
0037
fff0
ff53
ffab
ff05
fffd
ff71
0041
ff20
ffa7
0059
ffef
fef4
008c
ff4b
0018
ff7a
ff26
ff78
fed7
004d
ff46
ffbf
ff60
006d
005c
fef1
ff52
006a
ffcb
ff34
ff09
fefd
ffdf
0069
ffc6
0013
ff96
ffae
ffc4
0016
ff7f
0052
fff0
ff76
0080
ffc2
fec5
fed8
006e
006b
ff95
ffc0
0098
ff6c
ff90
000b
0011
0046
ff32
0019
fec8
009d
00b1
fff6
0063
ffbd
fef1
ff64
0052
ff5c
009a
0016
000a
ff6f
0038
ff97
fefe
ff0f
ff01
ff6c
0031
ff73
fef4
0021
005f
ff21
fee8
feea
ff2d
002d
ffa6
003b
fedc
004c
ff80
001b
ff31
0069
00a6
ffda
ffd7
0099
ffb6
ff41
ff08
009c
ff24
ffa3
ff49
0033
fee5
ffca
ff24
ff8e
ff66
0030
002e
0032
ff89
ff1e
fee2
ff17
0001
0059
ff00
0010
ff9a
0054
0013
fed3
0005
fec4
0072
ffe6
0003
006d
ffa2
fff3
ff76
005f
fff6
001c
ff9c
0074
fee9
00ac
ffc2
ff44
ff83
001f
ff5d
fec8
ff4e
ffff
008f
ff55
ffd5
ff18
ff3c
fee3
ff9b
ffef
ff8c
ffda
0044
fed0
00ae
ffb9
ff6c
fee8
fef8
0075
007f
0080
0084
ffce
006d
ff8d
ff30
febf
ffc3
ff59
febf
0025
0093
ffe1
ff7e
ff57
ff41
ffd3
002e
ffb0
fe88
0087
ff95
0003
00eb
0177
0126
00c8
0038
fcda
01de
ffbd
ff90
009c
0023
0143
014a
0090
01b8
0078
ffb6
ffc6
01d9
0073
0236
0122
0118
0178
0188
01dc
ffd2
fe98
ffeb
ff6d
0005
ff89
000f
feff
ffcb
004b
021e
00e3
ff5f
feaf
ff29
fdcb
0059
febd
fe95
fed1
fdce
ffc4
00dd
0025
ffca
fe87
fd7b
fd9d
017e
fc9d
fd91
ff62
fef8
fe98
ff4c
ff7d
003d
ffd2
ff50
fe5c
01bf
ff8c
00d9
023c
0158
021e
0080
00dd
0033
0050
0057
feed
003d
0076
02bd
01ab
0268
022a
0166
013d
0067
ffc1
ffb7
0034
ff60
0140
01da
00f9
00de
ffae
0004
0088
000e
ffad
fd9c
0033
00b3
0099
ff7d
ffbb
003c
fea9
fff5
00f2
ff9a
0037
fef0
fee2
0234
005e
ffd7
0060
fea8
fdde
fe61
0157
00f0
007f
ff3e
00b2
00ae
0151
0188
008d
010b
0039
fe35
fe10
0097
ff41
0029
00c2
ffe4
0128
ff74
0083
ff4a
00f6
ffa4
fe73
ff33
fe5d
ff97
0054
00e1
0369
010b
00fb
030b
0265
01d8
fe4f
ff48
feaf
ff7d
ffaf
00e3
0237
01ff
03f6
0165
0093
0140
feaa
0084
fd4e
fef1
00c8
0297
027f
01b3
0207
017e
fff2
01a0
0035
0024
fdf6
fe7d
000c
031f
0195
0002
ff7e
fe85
ffce
0097
ffe9
fe1e
fd19
ff08
01c7
02a8
ffb1
fc6c
fd4c
fd43
ff54
019a
002e
fea0
fc19
fe90
02d1
0271
004c
fcf1
fc8a
ff6a
000f
0028
0003
fde6
fc1c
fd4b
02d0
00f4
003e
fe8a
fb97
fd9f
fefe
0095
ffd4
ff63
fd53
fdb1
0126
ff9e
01a2
fe9e
ff1d
fde1
ff41
0112
0108
fff3
fdc0
fe82
010e
ff70
01cf
00fa
fefe
ffd7
ffb6
ff7a
fee5
0053
fc15
fedd
018e
fdc1
fdb4
ff9c
ff0b
0125
fffa
ff59
fdea
ff04
fc78
fe6d
003c
ff90
fec7
fead
0018
ffc8
00b0
01b0
fff9
fff2
fef7
fef2
0110
ff39
fef8
ffa4
fec9
0029
0078
ff6f
ff11
ffad
0047
fee3
ff73
ffce
fef6
ff34
0052
ff33
004e
ff79
ffbb
ffe7
0023
ff47
0028
009b
ff39
002b
0051
001a
ff1e
ff3c
fefa
fedc
006f
fedf
0025
fee1
ff36
ff85
009f
ffa0
0096
fff8
ff6c
ff28
fed3
ffa8
ff71
ff30
0087
ff62
fff4
fecf
ffca
ffdf
0067
ff24
fec8
0087
00ad
005e
ff7f
ffbd
ff8c
ff0d
00ad
00ae
ff63
ff11
ffc3
ffeb
fec3
ffd6
fef5
0028
006b
fffc
0000
fee8
0016
ff2c
0015
006a
ff4e
ff5d
ff7c
ff70
006a
ffe9
ffc1
ff88
0039
ff7c
ffd9
ffa3
00aa
fe9f
ff5b
ff1f
0069
000f
0002
ff13
ffd2
ff46
feeb
0064
ffdc
ffa0
002c
fff8
ff3e
fffc
ff64
fef9
ff9a
ff61
00c9
ffcb
ff13
0078
ff35
ff0e
fec5
0061
ffd6
ff9d
ff3c
ff9e
ffac
0030
ffec
0021
fed9
003b
0074
ff93
ff1c
fff5
fed3
007f
ff28
ff51
00be
0026
feea
0061
0053
ff62
ff85
ff58
ff95
0081
fed5
ff85
ffb5
ff9b
ff81
fe85
feac
0053
00ad
fe89
ffab
fe04
ff00
ff94
ff01
ff2d
fe69
fd09
ffa2
0067
0070
fff6
fe76
fdef
ff99
fdc9
fd90
fed1
fe84
fe9f
fec2
0105
00db
ffdd
ff05
fee0
fe65
fd63
ffb3
0191
ff00
ff74
fe39
ff6c
0170
ff0a
fe81
fe47
fd6b
fc6e
00ed
0261
02b2
0170
ffef
0074
0006
fe21
ff4a
fe07
fc32
fa5a
0200
0262
0170
010c
0199
015c
0013
00a6
ff56
ffc5
fe6a
fbce
0068
021e
0129
0215
0071
00cb
ffb1
feb2
ff20
0025
fff2
ff4a
0014
0094
ffc1
ff99
0040
ffd4
ff7c
fe03
ffce
ffbe
fe6f
fed7
ffa5
ffc1
ffba
005d
016c
009b
0258
00c9
ff22
ffad
ff85
0013
ff8c
00ca
ff66
00d3
0176
023f
0194
01ce
00cc
016d
ffb3
0091
fffd
02f9
019f
0088
02f2
032f
030b
0162
05ca
044a
02b8
01ba
0011
0105
0080
0201
02e1
ff81
01f6
0223
034d
01c0
0087
0191
008b
ffdc
fe54
fef7
fd27
fc9c
001e
feb0
0028
010b
0029
023c
ffde
fea1
ff41
fe70
fe44
ff6a
ffc4
00ce
014a
0292
00f6
012b
0020
0077
0253
02f9
024d
02f4
01f3
0258
0206
02e1
02c8
00e4
fea4
027f
0328
0332
0249
0247
01f8
0105
01ce
01ae
0130
0134
0185
01d0
ff89
003d
0142
019f
01a9
02f6
00d8
00b4
ff74
fe35
fe26
ff98
fc4c
fc5e
fbd0
fe70
0185
0079
00df
0089
ff6f
fc75
fd03
fe01
fc49
fcb8
fcb2
fe0c
00d6
01c6
0127
0170
fe66
fe9d
fed7
ffac
ffd8
ff9e
00cd
000b
ff4c
0076
01b4
0118
0027
ff00
0013
004b
002d
00d2
013b
0160
ffe9
0022
ff97
0082
ff24
00aa
046b
00cf
ff9c
00fa
0070
01bb
ffe5
00a6
000a
002c
008d
012c
02ba
fe9e
fed4
fe4c
0039
fe4e
fe36
fffb
ff1f
00bb
01ed
0272
00bb
f922
01b2
ffbb
fe21
0087
feac
0281
00a0
00cf
0037
ffff
00b1
fee1
feb9
fe7d
fe78
0213
00de
0406
0497
03d2
02e8
0312
0153
fef2
ff01
0002
02e8
03b3
05c4
03b6
0635
0342
0255
0388
0382
016b
0026
0335
049a
042a
0406
035c
0573
04d8
0305
032f
03ca
0433
033a
02cc
020f
0419
036c
04a3
04e9
04dd
03e5
031f
039d
0350
015b
00a8
fe02
ff2c
01a8
0295
0259
0345
02cc
0231
0389
02bf
00ad
014c
feff
fffa
02d3
0179
015d
02ae
031e
00e0
0161
018c
0354
00c0
029a
020c
00ff
ff9d
00f2
03ea
02bd
0128
028e
fe6f
01e4
00a5
0043
0056
0061
fe4f
fea8
01d6
028c
021d
00e7
ff31
02ce
0119
ff8f
007e
000d
ff8f
ff0f
fff7
007b
ffde
0032
fd7e
0001
ff80
fee2
ffa5
0110
00ac
ffab
000c
007b
ffd3
01ff
0041
ff75
ffc4
0094
0193
0055
feea
fdcf
00a5
0069
ffde
0147
0031
001e
02ec
0034
ff29
0057
0264
0064
01a8
015c
011e
02a3
0140
02fb
ffe1
0088
ff70
00fb
01f2
0063
029d
02a5
01bc
01bf
fe9b
0144
00ae
006b
fe13
fde8
ff9a
005f
0016
01c6
0292
031f
012d
0173
003f
007e
fe8f
ff38
ffdf
ff83
ffb2
ff7d
0077
0177
0427
045b
023e
005c
fda4
ff51
ff9f
ff5b
ff88
ffcc
fe8e
010b
02ff
018d
0009
01f3
001b
0065
0045
00ca
00ef
ff7a
ffb2
0105
013f
006c
013b
ff0b
01e1
015e
033d
025d
02cf
0154
00cd
021b
00f6
0256
01b2
ff30
0187
00ff
01e2
013e
01f5
015f
0189
019d
0041
01f4
fe0d
0053
0340
02b1
01d6
014b
0154
00cc
01b8
0131
ff7a
0044
ff71
000a
0219
0112
0253
0105
0200
0141
005f
fd7d
fc1a
001e
011c
00a0
0228
026e
03d1
0050
ffb9
ffd2
feea
ffa0
ff01
fe11
fecd
feec
0117
008c
00ae
fefd
fe8a
ff07
fecf
01b7
fdb6
0156
fff3
005a
00db
0039
01f7
01b9
0167
0187
0162
ff2a
ffa5
00e9
01fc
0234
0582
03e1
0379
055f
056a
0339
027c
008f
0027
0325
047b
044e
02a6
049e
0335
0457
04c7
0444
03b2
023f
016b
02d5
054e
0471
02d8
073b
0515
02bd
041e
0517
043f
0284
0245
05a7
067e
029e
0245
051f
0452
0439
03a8
04e5
0650
02e3
0140
0289
046f
02b6
0346
0590
0368
03b2
02a2
033d
03ef
0300
028f
007d
01fa
02e0
032f
0497
0535
0486
03e6
022f
00ad
0381
03df
00b5
01bf
038f
0216
032d
02bf
02f9
050b
01bd
ff0d
00b7
0162
01fe
ff29
0033
ffa7
fea9
fff1
0063
0362
00f1
ff27
ff7b
fe9f
02d1
ff1b
fbe4
fcb5
fcc5
fc1b
fe5b
004f
ff6b
00be
fe83
ff81
027d
0051
fd23
fd40
fd37
fd16
fe2c
fed5
00dd
ffe6
007c
fea5
0149
036e
fd48
005e
fc9f
fef8
fb03
fe45
ff96
fd63
fe94
fdd6
008d
0475
041a
03bc
053d
044f
030a
032a
0078
0207
0069
ff0f
04af
0320
03fb
034a
0479
043f
04af
048f
02ce
015d
0069
fecf
06b7
0669
06c8
06f9
063e
04a4
04a5
0482
035e
02e8
0239
0085
04ae
04bf
04b1
06a4
0596
057b
0614
0548
00ff
016b
00d3
0126
0271
0550
033e
068b
058d
0577
059c
01ef
025d
022c
0293
035e
0016
0542
0406
03af
05a8
056e
03d0
04a1
026a
025c
022f
0388
ff91
0006
0044
01cd
04ce
01c5
0277
02ce
0264
00a6
02d9
0498
fb26
fe49
ff42
fe61
fefd
0207
026b
0272
0131
fe42
0182
02f3
fafb
faf7
fd98
fc1f
fb22
fe57
0126
0288
00ee
fffe
02de
039c
fd71
fa91
fb16
fc7c
fd64
ff91
01cf
00b4
01af
ff46
02d1
0232
fc14
fbb4
fca8
fca7
fd22
ffac
0191
011c
ffd7
ffde
01cd
01fc
fe4b
ff96
fd55
fdde
ffb2
0064
0130
00a5
0239
0012
0077
fee6
00ea
ff65
fdfb
fe81
fe45
fe80
fbd9
fbfe
fc16
fc0b
fff9
00d5
fe9c
fb77
fc96
fd04
fd0a
fb6f
fc14
fb11
fbca
fd1b
ff27
0035
fcf3
fb38
fc61
fda9
fca1
fa8e
fc05
fd47
fe8d
ff12
ffac
ff7a
fdc4
fb99
fd80
feab
fdda
fc2d
fdaa
fcc8
fe73
ffe7
00ce
fecf
011c
fead
fdb2
fddd
fd35
fd14
fe78
fe97
fee2
ff6f
ff45
ff57
0252
fdb0
fb34
fc0e
fd97
fd12
fe57
fdd5
fe82
ffb6
00a9
0030
00d2
fd32
fb71
fc74
fdbc
fe91
fe9f
fe89
fdc6
ff8f
0091
ff51
0178
feb2
ff15
ff9f
0061
ff5b
0042
ff96
fe13
fee6
ffaf
fe4f
0272
0047
0069
ff47
00c6
ff5c
fe7a
fe9a
feaf
fd8c
fddd
fc56
0321
0077
0026
fff1
005e
febc
ffe0
fe14
fd44
fc59
fb89
fc61
0164
005f
0005
0060
00c9
fe1e
fc1b
fd0f
fdc7
fe4f
fad4
fcdd
ff14
ffa2
0058
0092
0010
fdfc
fc64
fd98
001d
001c
fe77
0087
01af
fe55
fd9d
fbeb
0111
fd2d
fe66
00bd
ff50
fef9
ff56
ff6c
01c8
fd6d
fcc4
fd4c
011f
008b
fced
fd6c
fc66
fad5
006c
0082
fff1
0136
0024
032a
032e
04d6
03af
0097
ff35
ff07
0026
020b
00b0
01f3
0252
03fd
03d1
03b7
0577
01bf
00e5
ffce
ffcb
0137
0079
01ae
0173
02fe
0420
0480
024a
0348
01a7
0103
fdb0
0210
0038
0152
036e
0254
0414
0337
01ed
02f8
012c
00c8
0036
ffbb
002d
015a
03c3
03b7
0218
0245
ffe6
00f3
0314
0260
0027
0065
ff24
ffed
02dd
0502
0282
024f
0107
ffc1
0218
018a
0154
fffe
fe65
009e
031e
02d3
0008
00e8
ff10
fe66
004d
00c7
00dd
ff6c
fe19
ff9e
ff54
ff4b
fe79
fe7c
fca9
fca4
fd59
ffe0
fffb
ff95
ffd2
0033
fea2
ff01
0026
fe34
fda0
fe6d
ff55
ffd3
fdb9
ff83
0171
ff10
ffbb
001b
0033
fedf
fdd2
fc4a
fbb8
fb3b
fe00
fe9c
fff4
034c
037b
01dc
ffc7
0325
0050
fe75
ff46
ff30
0554
02f9
0117
ff8d
0127
041d
011e
ff8d
fe1b
fd2b
fb7d
feaf
ff1f
01fd
0018
0190
0030
0137
01e4
fe29
ff12
fdf8
fc3d
fe64
ff51
006e
01ed
034f
0020
01ee
00b9
0053
0142
00fe
0079
0121
ffdc
00a5
034d
03a4
0284
0328
ff59
01d1
0195
0193
005f
01d7
fec2
01cc
0150
022b
03a6
02b5
ffa4
0086
01aa
02ea
0148
025e
016b
01a5
ffd5
0197
020e
ff4e
015e
008f
00c7
00d2
0092
005d
0162
ffd4
febf
0114
01ba
0134
fff4
019a
00db
ff20
0094
fdac
012f
fe72
00a8
fd92
0048
fff1
0018
ff53
fe55
fd89
ff15
fcd5
fe0a
fcbe
fcde
fef3
0088
0073
0227
010a
fee8
fc9c
ffce
ff4c
feea
fa11
fd74
fe4c
fde9
fc76
fe7c
002c
0072
0017
fd9c
fd84
ff2d
feb7
00d0
fe8f
ffec
ff5d
fefd
fdaa
fb84
fa4f
fe52
fdd2
ff6f
0189
001a
ffa5
00e1
ffeb
0087
ff3b
ff31
ff9f
fffd
00b4
ffd5
0040
001c
ffb1
ff95
00c3
ff2d
0073
ff1a
ff28
004e
ff15
ff80
0091
008b
00ed
008e
004c
ffa8
ff8f
ffff
00d8
001d
ffb4
0061
ff3b
ff5a
0066
ff61
00c5
ff5c
0054
ff63
ffb8
ff1e
008f
ff47
0044
0092
ffcf
ff85
003f
ffda
00f1
ff27
ff2e
00ce
0068
ff0c
0103
0048
fffc
ff98
003f
ff28
ff9f
ff7c
0049
ff82
ff48
ff8b
ffa0
ff3e
ffa3
0026
0057
0002
fefa
ff56
ffbe
0088
008e
008f
ffb0
00a3
012d
ff6d
00bf
0063
005b
ff84
ff43
00d6
ff55
ffb9
ffdf
00ef
0044
0088
000e
ffa2
003c
00d1
0080
fef0
ffc2
00bd
ff8a
005e
ffce
fff3
0031
0041
ff84
00af
ff25
ffbb
ff56
0050
00cc
0005
00ad
00ce
ff91
004c
ff04
ff54
ffe1
0019
ff62
00f1
ff9c
0050
002f
ff96
ff9b
ff49
ffe3
ff90
ffe1
ff08
ffa1
ffd6
ff31
febf
0066
ff1c
0113
0143
fe3c
fe72
000c
fffd
ff89
019a
00fa
fcef
fc78
fc29
faa9
faeb
fa8e
fb92
fc69
fdcd
ff3b
020c
01c6
f8e7
fca2
fd6e
fba8
f8eb
f942
f7fa
f9c4
fba0
fdd7
fda7
003b
fb9f
fd23
ff80
fed3
fc16
fa4f
fc78
fcbd
fe09
feb7
ff63
0065
fdaf
ff84
fece
fd5f
fd4e
0063
002d
fef7
fef3
0158
ffe2
ff91
00a3
0068
fe35
ffa6
0034
01ed
00e1
0108
000e
006c
0155
ffdf
00db
00b0
0099
ff8a
0022
002c
ff2b
0081
0025
0114
0160
005f
0058
0220
0024
ffa7
ff98
fec1
fee3
ffd3
0038
00bc
ff67
006a
0115
01f2
0081
ff31
fe41
fdfd
fdde
fe0d
fe81
ff89
fde6
ff99
034c
0190
00e4
fee5
ffa5
feaf
fdfc
fde5
fed4
ff2e
ff34
fd2c
01a5
0164
02de
fffb
00bd
01dc
ff9f
ff63
ff0a
ffaa
fe45
fe5f
fe56
fece
ff70
ff77
0041
fe79
ffba
0089
001c
ff49
0031
0020
0076
ffd9
00e4
ffc3
007d
ffa5
ff2d
007a
0077
00f7
ff97
0028
ff6f
011f
0026
004f
ffe6
00a6
fed0
0019
0064
0044
ffed
0040
0078
0058
00ea
ff70
006a
001a
00b2
0106
011a
0033
00c0
0025
0008
00fd
00b9
00fd
ffe1
00e7
ff5e
000b
010f
00af
002a
0058
ff99
008f
010f
ff9c
00f6
0133
ffef
0001
00cf
011f
ffbe
ff76
ffa5
00ac
011d
00bf
0051
ff8b
ffbb
ffb8
010c
00f5
0072
fffa
013e
ff81
00ff
011c
0037
00ac
0040
00b4
004c
00e3
ff85
0134
fff5
008f
004f
008c
ffe9
004a
0080
00a6
ffc9
00bb
0138
ff8c
ffab
00c7
00e8
002e
00b8
00e0
010e
ffb5
005f
0058
00a0
00a0
0044
ff7b
003a
00b8
ffe7
00c9
ff4f
0056
009a
0003
009a
ff91
ffa5
0022
ff55
00df
00b4
0011
00d5
011d
0113
ffe0
001a
0061
ff8f
ffeb
0072
ffcd
0010
007e
00d8
00cd
ffed
ff55
ffff
ff9c
010e
ffff
011d
ff75
fff8
ffff
ff82
ffc6
00ab
00b7
ffe5
000d
ff81
0036
010a
0053
008c
0121
0011
0071
009d
010d
009c
ffc8
0027
ff97
0010
0099
00ee
ffef
ffdd
002b
00d9
ffef
0098
ff5a
ff9d
006a
0102
012f
ff85
001d
012d
ff77
00a1
0076
00a8
ff7b
0034
0106
00ea
ffd8
fffd
010b
ff88
0024
00c6
ffd3
002c
013a
ff8f
ffbd
002a
ff7d
009c
0028
0103
012b
ffbf
004b
003b
ffc6
ff95
002d
0037
ffd5
012d
00ae
ff8d
001c
ff57
fffd
00ef
011f
001d
ff74
00a5
0074
011b
ff90
010d
002c
0064
008f
00af
0035
013d
0139
ff69
0067
0040
00da
0097
008b
fff2
0002
fffd
fef1
0018
0102
008f
003e
00b0
010b
ff76
ffbf
0130
00ce
0023
011b
0112
ff57
00a0
0054
ffcc
ffc2
0055
0089
00de
ffcd
ffe2
0128
ffbb
00f1
0009
004c
0073
00c0
fee1
ff2a
ff7b
011d
ffc0
fff6
0072
006f
00a7
fdae
fddb
fe64
fd8a
fea9
fe7f
ff17
fe00
fef3
fe23
fc99
fd2d
fc2c
fd70
fc8c
fbb9
fb7a
fc10
fd86
fdfc
0090
fecf
fd07
f9e0
faf3
fcea
fc3f
fbec
fd24
fd6a
fea6
fdd9
fe63
fe8e
f916
f553
faea
fb3a
fafe
fc83
fcf6
fce4
fda1
fe96
00cd
fdd5
f6f7
f585
fb7c
fcb7
fb9e
fc27
fedd
fe9b
fe3e
fe4a
02fb
fc2f
fa3f
fa53
fdc9
fc10
f99e
fba1
fde6
fe4a
ffa3
0018
01da
fec3
fc9a
fc6c
fe3c
fe32
fc65
fd4a
ff5c
ff53
ff0d
0038
0195
fe1d
fde2
fb53
fbf5
fcf2
fd46
fd6e
ff13
fe07
fe77
0053
01e0
fd43
fca0
fcf7
fc88
fc22
fd92
fe98
fea6
fe83
ff38
ff9d
002e
fe4c
fdf8
fe15
fb71
fd0a
0192
033d
02fe
020e
0127
0002
0051
fd5d
fce0
fc63
fe6e
ff61
00ff
011e
025e
02dc
020d
020e
041d
fd18
fdea
fd91
fd06
fe7a
00de
0381
011c
011a
fe48
fc4a
02f5
0146
ff51
feba
fdca
fe19
fd51
fb94
fef8
ff7f
fee2
fdd5
ffda
fe0a
fdd7
fd3f
fc87
fd38
0049
fe36
fe64
ff80
0203
02a9
ffcf
fdcc
fd31
fe0c
fe14
ffc8
ff53
01a3
00b2
0232
018a
0300
0044
ff14
001d
febf
ffe8
00a2
02a0
028a
0109
022f
035c
02d2
004d
0049
00b5
0184
039c
025e
0237
02a4
00b8
0145
0010
fffc
022d
ffe9
ffd9
017c
0153
0072
0126
00ca
010c
0006
0033
0178
01f0
fee8
0386
02bc
00fb
0128
0187
021f
0257
00e3
0220
0229
027f
0004
032b
0321
0437
025f
02e8
03de
039a
0243
02ab
014d
0089
fec7
0259
030e
048b
02b4
01ae
022d
0159
00a7
022e
0201
021c
fd8a
01ab
00a4
0167
0070
0308
0267
0296
019f
0228
012a
0023
ff5a
fff5
014f
0123
0052
003a
008a
fe30
fda4
00ff
01d1
ff6e
0065
00a1
ff50
feea
0075
ff60
fec2
fbd4
fbd4
ffe6
ff9b
0020
0283
01c3
0210
00ce
01dd
017d
ffcd
ffa0
ff21
ffc3
ffa3
fecb
01bc
0152
0069
ff61
ff11
00b7
00e1
000b
ff1d
fff6
ff2f
ff45
02ca
0215
0218
ff60
ffb2
00a3
001e
0014
ff69
ff3e
ff56
ffa3
029c
014e
00ba
01f3
02e4
02cf
0012
0012
ff26
ff0d
ff42
ffaf
0442
0015
ff88
035d
04d6
014e
fffa
006a
ff63
0038
ff3e
ff7f
02c2
0105
004f
0267
02a9
0109
002d
ff37
ffda
002c
0154
0289
007b
01b6
0126
0124
00bf
012c
0028
ffb8
0035
0105
01d5
031a
003f
ffdf
ff8d
ff3d
fddc
00d3
ffd1
010a
01a4
0143
0171
0218
ffaf
fe30
fee8
ff04
ff5d
ffae
00c0
021a
0201
0111
0213
0010
ff55
fdfb
002c
00f1
ff99
0069
01b8
004c
004a
012d
0019
0075
ff0d
fe8e
fee3
fe77
ff86
01d9
0120
00a7
01bf
0100
002a
00c5
0053
00e4
ff01
ff4b
ff50
016f
0207
0158
0230
00c7
00e1
ffda
ffe5
0122
0197
0224
04f1
0328
0308
ffd5
003b
020a
0073
01ff
fd6f
005b
0008
029c
03bd
0308
02fd
0344
01a2
018d
010f
00a8
fe5a
fff7
0061
0334
03cb
025e
028b
0286
018d
00d0
0064
0121
fca4
ffdd
fe5f
023d
01d0
02a4
00e6
0046
01f0
0135
016a
0028
fda9
ff56
0031
00e6
ff0a
ff65
003f
012c
03a4
01b5
0107
0052
fe71
0278
010a
ffd7
010d
0144
029c
0325
036a
0206
0142
004a
fc99
ff52
fff1
ff28
0190
0363
036c
026a
0137
01c8
00fb
016d
fc99
fda6
fcf4
00d3
03c2
02d1
02eb
02bd
00eb
00cd
ff55
0094
fb3c
fe81
fdda
00f6
0344
049a
026f
00b0
0031
ff4a
ff34
ffc0
fb0e
fe13
fece
00d3
02bb
01d6
02d9
0228
ffe2
009f
0011
fe01
fdaa
ff2f
ffd8
01a0
0290
01aa
026e
01a0
ffb6
ff56
fe3a
ff30
00d2
fefe
fe87
0115
0242
00c7
fdba
fbc9
fa59
fcf9
ff17
fd1f
ff3d
0106
05e9
037e
01a2
0085
02d7
00be
00cf
00a8
ffe2
fee4
fd64
fd9a
fcf8
fd4d
fd67
fece
fd60
fcdc
fd65
ff0c
0213
015f
fcb8
fb27
fa0f
f95c
f8d3
fa05
f7b5
f825
f838
fb37
004c
0118
0031
fe41
fba4
f9d6
fcc3
f926
f9ea
f967
f9e0
f9ae
fed5
0033
ffac
feaa
fd5c
fe0a
fe05
fb8f
fbf7
faf0
fb1e
faae
fb3d
ff40
fd8d
fc7f
fd23
0000
ffc4
ff0d
fdee
fec8
fbdd
fc94
fc52
fda3
fef3
fcb6
fe3e
00a8
fdf2
fedc
ff07
ff88
fe5f
fdf4
fef0
fd98
fc44
fe0e
fd5d
fe79
fde2
fe05
fe1f
00ec
00d6
0059
0081
005a
fedb
fcce
fd47
fc8c
fdab
fda9
ff15
ff7a
0037
ffba
01f0
014d
fde9
fd43
fced
fcb2
fd30
fde1
ffcd
fe23
fe91
ffe7
009f
ff68
0051
ff9f
0088
fe8f
ffa2
fef5
ff47
feef
fda1
ff5c
fdc6
fd66
023e
006c
01cf
015b
000a
01fd
01b3
012d
feee
fc92
fcba
0146
0369
001a
0221
ff76
fe2c
fec2
ff68
fffd
ffd8
0037
0194
008d
ffd3
fe71
ff25
ffdb
01a8
0136
01e4
0148
fe72
fe57
0059
0024
fe5d
fc48
fecd
0195
0306
0242
0425
04dc
01bb
ff71
fd5f
0101
0074
fc91
00e1
03a7
02a4
0287
ffae
00df
fef3
fda9
fe33
fec2
02b3
fe35
003e
0279
025f
00c4
ff1e
fe94
fe0d
fe37
fb50
fd17
0063
fd75
013f
057f
0350
0353
005a
00ed
0064
00fd
ffa6
fd6f
0132
fdb1
0315
038a
031a
043c
0383
024a
012c
012e
010a
ffab
0133
0074
0096
0284
0202
02ac
008c
ff3b
ff27
015b
0261
0078
01aa
ffaf
0083
025d
0172
02c2
ff42
00f1
0016
fe06
017f
ffb0
0107
ffee
01af
0217
0043
013b
001a
00c0
ff58
ffc1
ffbf
02c3
028c
fdfc
0008
009d
005c
006d
0059
0082
ffa7
ff94
0033
021f
0172
fdcc
fdf1
ffce
006f
fe67
ff32
ff40
fe55
015e
ff8b
0006
0110
fed0
0025
ffb2
fe2c
fdc1
fcd6
fd9f
ff1f
0000
ffc1
013d
001d
feaf
0222
02ea
003a
0331
02e1
0283
0313
007d
ff12
0095
ffac
fd91
00f6
00bf
0219
02be
035a
00a5
0079
00f8
008e
00ab
fe15
f9ab
001d
016c
029a
0050
00e7
0133
020d
0179
00b6
001f
00d7
fc20
fdb5
014b
00b3
fdb2
fdd2
0259
0270
0280
ffc9
feee
ff78
fd2c
fdf7
0084
003d
fe77
fef5
029f
03da
0331
00d1
fefc
fea3
ff5b
fddc
fffd
011f
fe24
ff85
024c
0638
02a9
0275
fec0
ff29
ff43
fd34
0075
ff86
ff95
0158
024f
02f2
01b3
023f
020d
ff46
fee0
fefa
0013
ff89
fea6
ff7f
ffef
00e5
0040
ff83
02c9
fe2a
fff9
0129
00aa
0004
ff9d
fec8
ff7b
0196
02ea
01d5
01f0
0118
ffc7
029b
01e4
0123
02ec
0305
03f4
0498
034f
02cb
00b0
0184
0014
00f0
0210
02b3
02de
027a
024d
02b6
001e
ffdb
0041
0238
fce6
fa63
f9f0
fdd3
01ea
0279
0269
0211
009e
fe9d
fdc5
0029
fc30
fa43
fa3e
0057
ff74
ffed
ffa8
0071
fef7
006f
007b
fed3
fe93
f9fd
fa77
fd60
fe9d
fec4
feba
ffe0
00d0
012a
ff97
ff77
fdf4
fa5f
fb14
fd95
fc8e
fead
ff8c
fe3a
003c
00bd
01df
0089
fcb0
fa39
fbce
fd86
fd94
fefe
0177
feb2
feb6
0149
00ca
02b7
fb1b
fc35
fd88
fac3
fcc2
fe96
0077
fd68
0160
0172
0239
039d
fd4f
fbf3
fd47
fc30
fc45
fe75
0156
031f
014d
02a6
0249
00ab
ff1f
00c6
fe72
fbe5
fe09
fdd3
00ab
050b
002e
0000
ffd8
fefd
0402
0270
0045
003d
0028
fed8
ff3d
0186
0150
0149
0125
00ff
022b
fe38
fe3c
0072
01e2
01c8
fe2e
ff65
01b9
0080
00c5
02a6
01be
004a
00c7
fdb3
001b
00df
fd74
fd3d
ff9f
fedd
ff78
0221
022c
02aa
fff1
0151
0339
03e0
0110
ffa4
0016
00af
017d
015c
fd30
fff5
0006
ffd6
01d3
01ab
017a
0023
ffd4
fec4
ff5f
fe99
0191
01c9
feb4
feb9
00d6
006b
020e
012c
0026
fdef
feff
ff55
0459
0074
fe2f
ff4c
fc25
fe0f
00fe
fe0a
fd77
fea7
ff10
fe98
047c
024e
0092
febf
fa3e
feae
fef2
fd37
ff08
008d
010b
010e
0171
ffa3
fdc4
00a3
ff53
fe56
fe6c
fedd
0173
038d
0388
01f8
ffb9
fddb
ffa7
fcff
fdbe
ffac
0145
002a
00bb
02c8
012b
00e1
ffcf
fe6d
ff86
ff6c
ff91
ff85
0109
0007
01dc
fd74
ff5b
ff4d
00ec
01c4
ffe3
0196
01a6
000e
0053
ffe2
ff68
fd98
fddf
ffee
ff9a
01b1
030d
00e2
fe6d
ffd4
004a
fd73
fe07
fcb6
fea9
feda
023e
02e3
00f6
0107
ff05
fe54
fd6c
fcf7
fca0
fe7b
ffe1
0038
0379
03f1
0287
029d
004f
0116
fcd2
fcaf
fd7b
00f5
ff3c
ffd6
ffb6
028d
03a7
fff7
01fc
00d1
fff0
fef0
00c4
00bc
012e
02c3
02e9
ff40
fdcb
fe0b
ff4e
ff39
ff0d
0069
01b8
fed9
ff29
fc2c
fedc
fd42
fd52
fd77
00b9
00ac
016f
01ee
ffec
fdf7
fdb5
feb2
ffd7
fdfb
ff25
00d2
03a8
0400
0617
04ac
0260
fcc5
fbf8
fdc8
feac
fea8
003a
019b
02f5
04c0
03a4
0321
018c
fe74
fb60
fad0
fea3
fff5
0196
038e
04b8
04ae
03d8
0117
00ec
ff30
fda7
f7c2
ff91
0011
0233
032a
031b
03f0
0360
00f0
01f8
ffdb
ffc5
fa46
fe25
0077
01bc
0251
0262
0468
02bf
0201
00f7
ffd7
fe32
fcb0
ffc3
ffeb
01d0
03af
025b
0360
02cb
0269
ff91
ffa6
fecf
fcc4
fe54
0125
01bc
0214
0354
01cd
00ba
0030
ffdd
fde7
ff1c
fdbf
013e
014c
021a
028e
0270
0351
018e
00f7
ffda
fda8
feb0
fd0c
ffc8
0085
0267
0294
0196
01d0
01ff
00e8
fed4
005b
fdc5
fcc3
fe12
fe3a
ffb7
0099
0031
0101
0094
ffde
ffb7
feb5
fe40
fc13
fce0
fce0
fc24
f8ba
fae0
ff5d
febf
fe28
0018
fe2e
007d
ff56
fd0a
fb7b
fb81
fcd6
fdbc
fcf5
fd91
fee1
002e
003c
01e7
02b8
ff41
fe03
fdc0
ffdf
febc
fd79
febc
0140
012c
0093
014d
0260
0083
fed3
ff65
ff0e
fff7
fd8a
004b
ffd7
ff92
018d
01c5
030f
0214
ff04
fdb0
fd6e
ff25
ffb4
0071
020f
007f
fec3
00da
0227
00c8
ff8f
fe9e
fe7f
ff2b
fe22
00d6
01fb
fec0
fd5c
ffc6
00dd
0095
ffb8
fe7e
ff54
ff9b
fffb
008c
00c2
fc99
fe24
fe35
fff2
0006
ff48
fe73
fe47
fe7d
fea4
fe5f
fea8
fca4
fcdb
fe76
0082
002b
004f
fe94
fd30
fc75
fefc
fcd9
fd2e
fe31
fdb2
ffde
fffc
0197
0043
fe8b
ff9e
fec4
fec6
fd73
ff4f
ffef
fe00
ff8f
0070
ff65
ffcc
febc
feb1
003b
0003
ff58
fee5
ff44
fde1
feb6
0043
0047
fe07
ff2f
0002
ff0b
0158
0001
fe24
ff22
fc51
fd56
fcbb
ffc5
ff4f
fddd
fdff
fd87
ff97
0116
0079
fe51
ff14
0068
00f9
fe97
ff0f
ff59
ff7d
0118
01af
02b9
01b9
0203
ff24
fd09
ff56
ff1d
023b
01cc
021a
01e7
013a
01e2
0197
004a
006a
fbb4
fd51
0182
02fe
0234
046f
047b
030a
ffa9
ff9c
ffe3
fcfe
fcc1
fd40
0390
021e
0217
01fa
0195
022b
fe95
fc3e
feb6
fe1a
fb9b
fca7
02b2
02c3
01e6
01b3
01ed
ff6b
fae9
fb55
fffb
fee5
fea2
ff9b
024e
00ff
027c
00d8
00e4
ff11
fc1d
fd83
ff20
fea2
fcca
0111
0006
01ef
02f0
0387
0109
fee4
ffb1
fe38
fe71
fe43
fe06
007a
0113
00e3
0340
025d
0116
ff0f
0055
ff73
fed7
006e
ff5b
ff1c
02c9
02e7
0153
ffa2
00e0
0134
ffbe
015a
0131
0183
fef4
011f
ff5a
0190
01dd
0191
00b5
02a3
ffe1
ff8f
fe8e
fffd
002c
0424
fe8f
ff2c
0086
0000
00ff
0249
00d1
001e
ff04
fd61
fe35
fddb
ff59
00bf
00d6
0016
ff91
0028
0138
0100
0132
ffcf
ffd1
ffcd
ff89
007a
ff79
ffbd
0054
0016
fffe
004d
ffe3
002d
0088
ffc9
002d
0132
00b1
000b
0023
ffcf
00a2
0114
0153
ff91
002c
0067
0093
0095
ffc9
0159
0067
ff7a
ffe7
0077
ff7d
ffc9
005b
ff6a
ffee
0058
00d3
012d
ff51
014d
00a4
ffd2
0123
ff89
0098
00fc
00a3
ff55
002c
004f
fff1
00ba
015d
ff65
002e
ffdf
ff58
0110
00ac
ff62
ff85
00b1
00e6
0065
007d
0107
00a0
ff75
ff31
00b2
00a4
ffa0
ffb3
011a
0090
ff90
ff95
0101
015e
ff27
ff49
ffc2
00be
ff7c
003c
ffd7
00fd
000a
0093
0049
00f9
00b0
0090
0024
ffcf
ff6e
00b4
0052
ffd2
0063
ff92
009e
ffbb
0052
0107
ffbf
ffed
ffe1
002d
ffa6
0062
014b
ffbd
000e
0110
0075
00e8
00cf
ffe8
ff79
ffa5
0055
00fa
0022
00cf
0012
000e
0010
00e0
ff83
ff32
009a
0087
fe02
ff88
ff12
fed5
ff3c
0166
02a0
ff88
ffb3
0011
ff46
fef8
fe20
fd74
fcd5
fdff
fd51
00e6
029a
0045
fce8
0005
ff2e
ffc0
fcd9
fe40
fd22
fd5c
fba2
fce6
fee3
fe70
fddc
019f
ff9d
01a3
03d2
0404
0148
0027
ff0c
fc2b
fdf3
0012
00ee
0096
00fd
02cb
036b
0365
024e
0043
fec1
fc6f
fde6
ff30
001e
ff38
ffec
01b9
02a5
025d
01ea
0220
fddf
fbbf
fbf5
fdab
ff15
fe64
fe8c
ff88
0080
ffb6
016f
00ef
fd3c
fd95
feb4
fd46
fda5
fdd2
ff10
fe7e
ff60
fea0
00da
fff5
fda5
fea3
0014
ffb3
00a8
0152
0096
0100
00ad
018b
0141
018c
fe02
fea9
0117
fede
01c0
0155
01c9
00b0
01b9
0145
0217
014c
fe83
fd50
fc63
ff1a
00d4
0460
01b9
00ed
009e
02cc
01df
ffe0
fe78
fd75
fd57
0057
ffee
fed7
0276
0110
00e0
00a5
019f
020d
0122
ffa6
ff65
ffe9
ff3a
0088
ff5a
ffa1
fff3
ff70
ff58
0118
ff8b
0113
ffbb
008e
0042
010e
ffbb
00ac
00d3
ff92
005a
fef2
ff20
ff3d
0025
003d
ffc8
0155
00f5
00ad
009b
00e5
0116
ffa0
00cd
ff5d
0113
000b
00cd
ff8e
ff68
002c
0009
0115
ff9b
ffa6
ffd9
011c
00fa
ff8c
00f0
fff2
ff6b
0093
00f0
0001
0088
00fa
00ef
ff5f
0046
0052
00b1
0002
00b4
00f5
0053
0067
0007
00c2
0125
00c1
0092
00eb
ffc1
011d
ffa9
004c
00b2
00c1
0125
ffce
0022
0062
ffd3
ffcd
0041
0054
0012
ff66
ffb2
006d
009f
001c
0090
00a7
00f5
ff6f
007b
0107
0109
ffe9
ff75
0080
0052
0043
00bb
0113
00dc
ffa4
0021
00f0
0120
00e5
0070
005d
00cc
ffda
007e
00ab
0003
fffb
ffca
00e9
ffd1
007b
0059
0090
00df
ff6e
ff68
0039
00cf
ff66
00b6
00f5
ff78
00b6
00df
ffa3
00fb
fff7
0024
ffa7
0086
ff55
ffc8
ffd3
005f
0078
00dd
002b
0103
ff95
ff0b
0054
00dd
0079
0054
0006
0027
013f
fff4
0126
ffee
ff6f
ffd3
ff52
ffa3
0038
ff56
ffd7
ff69
00f9
ff72
009e
ff2d
ffff
00db
ffb0
0136
ff91
ff9b
00c3
00f0
00f4
ffc6
00d0
ffc6
0099
ff67
0049
ff90
0013
0078
ffb6
fff2
00dd
00c6
00d5
0049
fffc
ff5e
0126
00c3
0101
006e
ffbb
00a2
ffa2
00f3
ff89
0006
ffdf
0055
ff83
0072
00e7
0093
00c6
fffc
ffe5
0024
ffa3
ff9b
ff53
0109
ff73
ffd6
0055
0011
0078
005f
0004
00ea
ff74
fffe
ffec
00c4
ff59
0019
0001
ff0b
00c4
ff91
00af
ffc2
0117
ff51
ffb1
0125
00f3
0129
0007
007e
00f4
005d
00c8
001a
ffed
ff7f
00d3
ff8c
ff55
ffdf
00da
00da
011d
0006
0105
00ef
005a
0072
ffa1
005a
fffc
0067
0003
ff7a
ffa6
0121
0041
0027
ff67
00c1
ff38
005e
00e2
015c
007e
ffd7
fffd
ff2e
00d2
0151
0126
0151
00d3
023d
0180
002d
ffb6
ffc2
0236
012a
018c
0156
ff9e
fff9
0036
01a6
0127
003b
fe74
fe25
01ab
0099
00ae
ff74
0112
ff43
fe4f
007f
ff00
fe93
fcb5
fc00
03b5
0198
0139
ff9c
00b8
001a
018a
004f
ffa4
fea2
fce9
fcdc
02fe
ffd7
0001
fff0
0104
0067
fff8
01f7
0114
ff26
feb3
fee1
0335
002f
019d
01d9
011f
ffc9
007c
00f0
012b
ffc2
002e
014f
02c5
0093
0065
0344
03bc
022b
0136
ffc0
0086
006c
000c
01e3
01ea
ffb7
0157
027d
021c
02ab
02f7
fff0
0175
0012
ff89
00a3
0082
00b4
ffae
017f
ffd8
00d6
ffe0
0212
02d0
feab
fd4b
fde7
0204
ff09
ff36
fee6
00cf
0091
feda
fe14
0033
fdcd
fbe9
fde2
0251
ff97
ff78
fe50
fd66
fe3d
fe87
fdac
ff42
fedb
fea5
fd5e
036c
0260
001a
fe83
febb
febf
ff80
fe66
fe6f
00a4
02c3
fdac
00d5
ffb3
0000
0017
ff98
00d4
0221
020a
fffa
0092
ffda
0053
0166
00f3
ff72
fecb
ff9b
ffc0
fff2
ffd7
ffec
010b
007f
fe94
fe6d
014f
fee6
fe35
ffc9
ff76
ff57
016d
0055
ff86
0042
fc6a
fe46
ffbd
fd35
ff1b
003e
01eb
00ea
ff93
ff0a
ff02
007e
00a7
008e
fcf9
fe1d
ff42
ff98
0177
0223
012f
fe86
ff1a
fd23
ff4d
feab
fd63
ffa4
013f
0405
01d1
02ce
006d
00a8
ff76
fe63
0022
fd2e
fe35
00d9
014f
0068
02c3
027c
01a5
fea6
ff58
020a
027b
fdb9
ffcd
01ce
0392
02a4
0359
0296
0184
ff5e
fd77
fef7
0242
fe29
01e4
00bd
037d
055f
0208
033c
01ba
ff07
fe5f
01cb
00b5
fd5d
0095
ffb8
02fe
02eb
032d
02de
02c0
fff8
ff0b
ff4e
00fb
fdb5
010c
0294
01b4
01fd
0324
02f2
028e
011f
019f
ff3f
ffd5
fe2d
fe35
ff0a
015d
001f
00d5
02be
0088
022b
00fd
fe56
011b
fe07
0095
fee4
ff6b
00ee
0012
0027
ff02
0025
fed9
ff21
fddd
fec3
fe51
fe4d
ffbf
016a
007f
00dd
ffd2
fff2
00ee
ffd8
fee3
fe1f
007e
005a
002f
00b1
ffe7
fffe
00b8
0085
01c9
0154
ff6b
0159
01a2
006d
023d
0029
0047
01e0
00ea
0158
0089
0185
0162
01ef
009c
0022
027f
002b
004c
00b3
00b2
01c2
0267
0097
0212
00eb
004f
0167
0187
01c3
002d
0080
ff7f
ffcd
0252
011f
0036
004d
0085
fedd
0055
0198
01b2
0026
0025
0008
ff56
ffc7
007b
0089
00c5
ff68
ffbb
ff9e
ffc5
01b0
ffff
ff1d
0075
ff4a
011a
00dc
ff9d
0182
00d1
fe45
fe9a
ffec
0083
ffc3
0138
ff42
ff24
ff23
0015
ff67
fed8
ff50
ff69
0036
ff41
ff9c
0060
fff5
feee
0037
fead
fd9a
ffe6
0032
ffa4
ffc4
002e
00cb
0003
ff32
ff19
0147
0078
0079
0051
018b
00da
0037
ffa6
ff93
ff03
ff77
ffe3
01e4
ff29
01b4
fe4a
ff1f
01e0
040f
035f
fe9f
ffac
ff84
0201
0069
0063
fec1
fbb5
fe13
ffc1
0138
00ce
fe7c
004d
ff24
0167
013b
fda8
f96e
f984
fca5
fe85
ffc8
fd2b
fe0b
0054
0012
feda
0202
fb0f
f52d
f75f
fe4d
fedc
fe22
fe61
feab
010b
0121
fe7d
ffe4
f88a
f542
f8ba
fedd
0013
fda3
ff89
ff39
01b9
00ec
feeb
ff7c
fa9b
f91d
fcc1
017b
011a
006b
01e7
01bd
0243
01e1
fe53
0112
fd82
fde7
fd5d
fff3
002f
0140
01ad
002e
ffcd
0153
fee2
0184
ffd0
00c0
fe8f
fea0
ffe9
0328
ffb5
fe54
0022
0047
fed8
01cc
016b
fe61
ffb8
fed8
0148
0114
0042
00b5
0042
0057
ff25
ffbf
00d3
ffc8
fe8d
ffbb
00a4
0156
0177
028c
feb3
fd71
ffa4
00bd
0091
014b
001d
008b
01c1
0272
010e
00ba
0042
fffc
006e
001c
00e6
0183
02a9
0131
0069
00c6
03ae
032c
03f6
0325
0106
01cc
fe7b
029d
ff5d
01bb
0029
00e9
01e4
0050
00eb
0195
fed8
006f
0113
ff07
018c
feca
feab
fe71
ff61
ffde
fe8b
0030
ff02
055c
033f
02a0
fe56
fe24
fdb5
fdbb
fc05
fcba
fdaa
fc09
0014
0479
03b5
025c
ff19
fe1e
fdd5
febc
feb1
fcb3
ff76
ff17
ffaf
031c
01cc
025c
00ad
ff2a
ffaf
fdad
fc62
fd04
fd92
fe4f
0194
0270
0219
039a
009e
ffd2
fe09
fd6b
fcd0
fcd4
fbac
fc87
fe72
009e
01c0
01ad
0217
ff79
fe15
fd94
fdac
feec
fbd2
fb36
ffb3
0282
018b
000d
00c3
0087
fd06
fc12
fcfb
fe7d
fde8
faca
ff5a
00fc
02e9
0191
00d5
0199
ffea
fc71
fd0d
ff4c
001b
fede
ff57
01f8
007f
fffc
feed
0099
00d6
fd66
fc4a
fe17
fd85
fc93
fe38
03e3
0141
0023
ff44
feec
ff27
fc0e
fc06
fc28
fd2f
fd97
ff21
031d
0298
ff3c
0052
0398
0266
00a0
0092
0185
010c
ff0c
fcb4
ff05
feae
fe3a
01e3
011b
00e8
017f
0083
ffef
ff13
008e
00d3
0028
ff4c
00f2
02a9
0077
ffad
ff6c
ffe8
013f
0094
ff4e
fdd1
fed0
ff5d
ff42
0212
ff72
fd46
ff73
ffe3
fe15
fe47
fd7b
fd77
fdba
fda1
ff22
01e2
fe98
ffd0
fea1
fe0e
ff28
fe59
fe66
fded
ffc9
ff03
fef1
fee2
00c1
fe9f
fe68
fdd5
fc4d
ff2a
fe8f
fd69
fd00
fdee
fed6
ff99
fe2a
008d
feba
fdec
fdf1
fe67
fc94
fd50
fb48
fb7a
fd3d
fe50
fd92
ff6b
fe7a
ff45
fdd1
fd65
fb88
fea5
fd84
fd44
0110
ff0b
fd87
fcb7
fd47
fda6
fdde
fea3
fada
fd2e
fdcf
fec6
ffe8
fda0
fe86
fd27
fec1
ff1d
ff7e
000b
fcf2
ff84
ff03
fd5d
fcc4
ff73
fdae
fd96
fff7
fe09
0033
00e6
ffd9
fdc4
fd57
fdab
fdf1
fef5
ff67
fea3
ffcb
ff6d
0135
007b
ff57
fd6b
fccd
fdfd
febb
ff50
ff21
00db
0187
0084
004b
00a6
fe91
006c
fe15
feeb
00b5
0122
01db
015e
ff44
0199
016e
0088
001c
ff24
ffad
ff93
02a6
fef8
febd
fe68
0132
feed
006d
0027
fd63
fec4
0030
fedc
fef9
fd00
0062
00ff
00c3
0059
032a
0105
fec4
fdd4
ff44
0149
00e6
fdc7
0121
0081
001b
01ae
00e1
010a
fe6a
0134
0006
0234
0049
ff57
ffa2
0040
0169
0141
feaa
ffd4
fe92
fed3
0057
01bd
ffb0
00ba
001b
0062
011c
015c
0010
0013
fe9e
fda9
ff89
00f0
01c4
017c
0015
febd
ff97
ffb0
0141
0134
ff3e
fc08
fe8e
ffa2
ff4f
009f
ffc2
ff59
ff70
fe6c
ff4d
ff11
feff
fe65
fe1b
fd73
011c
0165
005c
015d
003c
ffc5
0041
ff95
ff37
fe97
fdc9
ff47
fec1
01bb
0287
02a6
ffc7
ffc2
0079
ff59
feb4
fd32
fe64
ffde
009a
01be
0168
00fc
0112
0071
fdeb
ff5f
ff27
fed1
000b
0309
00e8
01d5
01c2
01ea
0180
ffdf
feb6
fec0
fce3
ff30
0033
021f
00a3
0008
01cc
019b
02e8
01d8
0007
013c
014a
0043
0077
025c
01bd
0127
01e3
03e2
0356
030b
028f
0317
00fd
fea6
0064
0219
00de
0139
02bc
0282
02ba
02c9
0280
01b7
0066
ffe5
fe8a
00e9
01d2
03be
040f
01e5
0137
01a8
01dd
0174
00cb
ff67
ff6f
0113
01bc
01f7
0162
0016
009c
0082
02f0
0164
010d
ffcb
fe59
01d7
02da
032d
013f
ffa6
00d9
ff6a
0196
01b6
ffd5
fdf7
fe61
0247
0048
0288
0320
00d7
007f
0034
ffac
001d
ffe2
ff32
fde7
0279
feb0
fec1
ff5d
00d2
ff6f
fedb
ffdc
ffee
0072
fe81
fec0
fef1
fee9
fe72
ff07
008e
feb4
fe64
fed0
ff3f
ff39
fefd
ffee
0071
ff55
ff77
01ac
0043
ff29
ff29
0016
01bc
000d
00f3
fed9
0083
0108
ffdb
014a
01a0
0179
0007
ffa3
ffdc
ff97
02a3
fd92
ffc2
008a
0176
ffed
007f
00d9
0061
00b3
00e0
fe61
ffc1
fed7
02d7
0042
00e1
0358
0270
0169
ffc2
00d5
0130
ffa0
0259
0288
0119
0085
ff6c
01ea
0147
02eb
0166
0116
0157
ff88
0106
0121
0116
fff3
010d
0074
00c8
01f2
012b
0160
feaf
fee5
0088
003f
01c0
0057
ffdd
fe3b
ff64
fec1
ff0e
ff04
fe2b
ff00
001e
0065
02e9
01b6
01fd
ff46
fd5a
fcd3
fd0e
fd80
ff04
fd08
fdc6
ffa0
01fd
0209
01b6
0088
feae
fda4
fce8
fce5
fdf3
fc38
ff73
fef1
fe2c
00bf
010e
ff37
fdbc
fe3e
fc86
fe68
ffa6
fdf4
0007
ff5c
009f
0170
fe63
ff9d
fdba
fce1
fe92
fe3d
ff4b
ff34
005a
fd38
005d
003b
0092
0011
0164
ff25
fdc1
fe26
fe08
fdfa
ff33
fda3
ffbc
0030
0064
0051
007d
fed4
fde4
ff48
ff3c
ff50
fecb
fe9a
fffb
00d7
01c3
017a
0162
ff7c
fffd
ff15
feaf
fe09
ff7c
0019
01d7
ffc4
00ad
015a
0164
01b3
007f
fecd
fec0
feb1
0108
fd86
00d2
ff85
0055
008b
fea4
ff3a
ff11
0089
0050
fee6
feab
002d
fe0a
ff58
ff17
fea8
ffc3
ff52
00ec
ffda
ff9f
ffe1
007f
0169
ff13
fecb
fe9a
fe18
0023
006a
00f9
0021
ffa1
00a3
feb0
019b
fdc2
feef
fdd1
fe59
ffe8
ff30
fe0f
ff30
fee0
ffaa
fe19
00b3
fcae
fdfa
fd2d
fd2a
ffeb
ff34
fda6
ff1c
fe0a
ff52
ff14
0056
feaf
005c
fe93
fd75
fff9
ffdd
0054
ffb9
ff04
ffda
ff30
ff6b
ff19
ffa5
fe25
fef8
0146
01aa
ff9c
ffb4
ffa8
ff31
ff61
ffc5
008d
0104
fe75
fe09
0001
00c7
ff0d
ff86
001f
ffca
0011
ffe7
00ac
024b
0199
000b
0078
00da
01a8
002f
00c7
00ae
000d
0090
0188
0234
01c1
0177
0091
01b3
ffe3
fec0
0009
ff99
ffb1
ffdd
0117
001a
0036
01e6
01ce
003c
017f
0046
001b
005d
004d
015e
0065
0195
005e
0237
022f
0237
01f0
00d7
00ae
0048
ffa8
00b9
fe94
fdf8
fb2b
fe67
00d8
fca2
fa13
fe8b
ffc2
fdb2
fcc8
feb2
0293
00ab
00b3
0172
00ca
01e9
ff02
fe16
0044
fec5
fdc2
fe2b
0275
01a0
01e9
035f
0410
0368
02e5
0183
0060
00a7
ff81
fd35
01fb
031c
02db
0405
0378
0454
0385
0097
00c7
008e
ff5b
fedc
0046
0332
0377
0321
01d0
031a
0282
ff78
0091
ff04
ffe7
fd4a
0251
020d
03e0
0417
02a6
02fc
0152
007a
ffc3
fe9d
ffa5
fd9c
006c
03dc
0403
03ca
039c
033e
0023
ffad
ffd0
fe8d
ff85
fe5f
00dd
03a9
02b3
034a
01fd
00c6
016c
0230
003d
0015
00c7
ff47
01c6
0208
02c8
0284
01fb
01fe
02ff
01b2
038e
01f0
0276
0075
0100
0192
00dd
0250
0197
01ef
02a4
0437
0418
03e0
043b
0080
0131
ff2e
003f
009b
00c4
0181
0261
0215
02c9
027d
0512
01d0
00f7
0142
015c
02da
0273
0279
030a
01b1
028d
039b
0254
00fe
02b5
ff57
fe26
008d
ff89
005a
ffef
ffd1
ff2b
feb5
fed7
00b5
02a8
0401
0261
0119
020a
017b
02af
023b
0377
0394
fff4
0009
042f
0452
03da
0378
02ff
0394
0486
02e7
03fa
02f7
fe17
ffda
0392
0429
03ec
041c
03db
0268
019c
01c3
0359
014a
ffc9
005d
01c1
03ee
0390
035d
0260
0046
ff1b
007b
01ee
0131
ffdd
0050
03d8
0426
014d
034a
02b0
00b8
00b8
ffd3
0069
002f
ff06
009d
00d2
018b
0278
02fd
0105
0081
0002
0047
008b
ffa4
011c
ff73
014e
ffe8
030f
0309
006f
ffb1
fefe
fec2
ff88
ff79
fe4a
fe33
ff3c
00e4
01e1
021e
ff67
fe1a
fdf7
fdd0
fe43
fe7e
fd50
fdf1
ffcd
00ce
ff7d
004f
ffc0
fec4
fe51
fdf6
ff61
ff09
ff83
ff90
019d
ffaf
fe41
fef8
004e
fdaa
fc36
fdbc
fea6
ff15
fed7
ff8d
0190
00fb
010e
ffb8
00af
010b
0059
0036
0159
004f
0049
ff0f
ff02
ff3c
ff01
fed3
ffdc
0088
ffbd
0000
fec0
00a0
ff8d
ff37
ff96
ff6c
0005
0058
ff8d
ff58
0064
ff4e
009e
fed4
ff27
ffae
0028
ff96
ff4a
fec4
ff40
ff6b
001d
ff8b
0044
ff20
ffc6
002b
0056
009c
ff21
ffbe
ff30
fee8
ff1c
fecc
fec1
ff6c
0093
ffaa
ffc1
0003
ff9f
0057
ffe7
002f
ff3a
feda
0087
ffe9
008d
feea
003a
001e
006b
0048
ff2d
ff35
ffd6
0083
0095
ff87
ffde
0057
ffe6
febf
ff43
feea
00ae
ff83
ff15
ff34
0035
0082
ff4b
ff9e
ff20
ff45
ff94
0061
0027
ff1d
004d
ffce
ff42
0095
fece
0021
ff99
ffe4
fef6
000f
ffaf
007d
0044
ff8c
009f
004e
006d
ffd3
ff4e
ff7d
ffd6
0018
ffb3
fed6
0049
0035
003e
ffa5
fff9
0078
ffa5
0070
fec0
fedc
009b
fecd
ff68
fed9
ff43
0074
0091
0048
ff15
ffe1
002f
fefc
007d
ff64
fef1
ff98
0081
ff4d
006f
0054
015e
032c
026a
002e
0077
0097
ff6d
01cb
0104
fff1
ffc3
0224
0087
fdd6
fd52
fd76
fd9d
fe47
fe3d
fdcb
0076
012a
0013
ffa4
fef6
fea8
feed
fec3
fc5f
fc64
fdc9
fe37
fffb
ff33
ff7b
ff95
ff59
00d9
fe0c
fdb9
fdff
fc84
fd3d
fe9e
000d
0053
fe1b
ffbf
ffac
ff92
fdd7
fcb8
fcf4
fe50
fd53
ffc5
ffcb
fe37
fe91
015b
ff88
ffa2
ff5b
ff85
ff70
0018
ff9b
fef1
0090
ffbd
fe0a
012a
025b
0061
0116
00a0
0085
0167
ff63
000c
fffa
ff54
fe71
ffbc
ffdb
0141
01ae
ff35
0257
0095
00ea
0189
00af
ff9a
fd7a
feb9
013f
0101
005f
0059
ff9b
fffa
0046
ffbd
0037
000e
fd1d
fe14
0209
fff0
00e6
ffe8
0017
004a
ffee
ff3c
fffd
fe90
fc47
ff45
fe05
0008
0067
0036
ffcb
ffe9
fe70
fdd0
fdd7
fd5f
fce7
fddc
025e
02a7
021d
016b
ff77
fef2
fd74
ff5b
fe36
fc66
0022
fe4a
ff09
ffd0
0030
fef8
ff18
0061
ffee
fffc
ffa7
0090
ff4e
003b
0040
fef3
ff41
ff53
ffc6
0027
002a
ffcb
ff79
ffe2
ffed
fee7
feca
0055
fed4
ff3e
fee7
fee1
0046
005a
ff1b
ff4d
0085
000c
ffc3
0013
ff0e
ffb4
ff1f
ff4f
ff0b
0085
fec9
001e
0098
fec4
0074
fef6
ff27
ff72
ffea
ff98
000f
0004
0089
00ae
0097
0075
ff59
00a5
ff7e
0046
ff01
002b
000f
007a
0011
fee2
ffc4
005c
ffa0
ff61
0007
0035
ff03
0032
0053
ff8f
ff80
0017
ff10
003a
ff74
ffcf
ffa2
00a1
0086
ff0c
ff86
ffa6
ff2a
00af
ff51
ff43
005d
fef1
005c
fec7
0094
ffc3
001b
000b
ff0d
fec0
000a
ff1a
0041
ff44
ffd2
ff3a
0083
ffa5
ff2f
fed2
ff6e
ff74
ffc1
ffd4
ffa8
ff06
009d
0063
ff39
ffb3
ff48
00ab
fecb
0067
ffdf
ff83
0084
ff2e
ff16
0037
fef9
feca
ff9c
0082
fee7
ffa4
ff66
ff71
ff6c
ff94
0027
ff87
0084
0072
00cb
feb5
ff7a
0063
feea
004d
ffd3
0056
ffab
0017
ff5b
0044
ffc9
ffe5
0078
feea
0049
fed2
ff40
ff9a
ff0f
ff34
fff4
00c5
ff40
ff9f
0089
0028
ffe4
ffef
0003
001b
ff9d
ffb1
0052
feec
0078
006e
ffc4
0000
ff33
ff8c
fee3
fecd
ff54
ff83
0029
ffa6
fedf
007d
0028
ffa8
ffaf
ffc4
feee
ff0a
ff79
ff54
ff25
ff96
ffa8
0032
0027
feef
0099
ff72
ff50
ff44
00a6
fef7
0083
fef1
00ac
ffc0
ffa5
ff8d
fffc
0054
00a6
008a
ff9b
0060
ffce
ff21
ff10
fed5
ff09
00b2
fecb
fff8
fef7
0024
ffa8
fed0
ff79
ff31
0014
ffd6
fffa
ffe1
ff07
0092
fed2
ff8f
ff0f
00a7
00b1
ff53
ff72
0040
ff27
fee7
0032
ff5a
ffa8
00a0
ff2c
ff0c
ffe0
0056
ff24
ffe2
fecd
ff9b
ff4d
fec8
0012
fec0
ff84
ffa0
0049
006e
ffe8
000f
ffa1
003d
ffcf
0014
fe8d
ff30
014b
009e
00af
0157
024b
01a5
021e
0163
010f
0287
00ca
0110
015d
0102
01b1
010d
0273
0186
006a
0192
0193
004d
000c
018d
01d6
0243
ffb6
010c
018e
0181
00e6
0152
0046
0166
ffbb
025a
029b
01d5
00bb
00aa
00ef
01ac
01fc
016a
0058
01fb
ff74
03a9
02c2
01b7
00bb
0121
01e5
0216
0344
025a
00f2
0162
000d
0039
0061
0023
ff5f
0126
00f2
01db
01cd
0274
0206
ff40
ff3d
ff91
fdba
fe66
0073
fff3
00b7
01a8
022b
01e2
01e1
ff01
fda3
fdc7
ff03
0036
021c
0258
01c0
022a
02a7
0128
0048
0084
fecd
000e
002b
0092
014a
0208
026a
02f5
038f
01ee
00ac
018a
ffd3
005f
ff2f
ff1f
ff15
015e
0252
0104
0195
0301
012b
0078
0007
0104
00fe
00ff
007e
011a
014b
00e6
007a
0072
00ba
001b
fe48
00bb
0145
012b
00eb
fe94
ff63
fe2b
fec2
fec0
feca
fdc2
ff82
ff94
ffb5
00a9
fdc9
fd3c
fdcf
ff84
00e7
0223
01da
00c1
fe3c
fe28
ff09
ff7e
fef4
0045
ff98
00af
0204
ffe0
ff94
fff3
fe5e
fc7c
fed5
ffbc
01ad
0299
0303
ffc3
00d9
0201
fed1
0090
fe2b
fd75
0087
0190
01f0
0385
028e
016f
01c3
003a
0103
0095
fdd8
fc8c
0106
ff77
014a
02ab
02b7
01a0
016f
02a1
0159
0106
ff92
fbe5
fdf1
00b2
ff14
0003
020a
0166
022e
00a9
0028
0092
0221
fe9d
0007
ff6d
fe95
00fa
ff88
fff6
0122
002d
ffc1
fffc
00e2
fe63
0103
ff63
0063
ff4f
fff4
002c
00a3
0224
003f
01a8
01e9
009e
0214
fffd
ff91
ff7b
000b
016b
000e
fedf
008e
0124
ff37
014a
022f
0199
ff53
ff1d
ffd4
000c
fefb
fed1
ffa2
ffe8
ff10
ffb7
020d
0246
01a8
ffbe
fe09
fe4d
fd84
fe48
fe8b
ffdd
ffed
00fc
0053
00cf
001b
ff30
fd4d
fd0e
fd43
fcd3
fda9
febe
ff49
ffc5
fec4
0087
fedc
ff9b
ff63
00af
0034
fee4
0017
fef2
fe6e
ff07
ff54
fee1
0096
0082
ff56
ffe9
0061
ff7e
ffe5
000d
ffcc
ff83
ff99
ff03
004b
0036
feed
ff1e
ff45
0090
0001
ffe9
0099
fed5
0016
00a9
ff17
0052
0040
0050
fed3
0060
0083
fef7
ff10
ff7b
ffcd
fed8
0066
ff6f
ffab
ff0d
fffe
0035
ff39
0006
0045
ff5f
ffa4
003c
ff2d
ff3f
0085
0076
ff9b
00b0
0072
004a
0104
ff0c
ffe1
ff5a
ff0a
ff99
ffe1
ffbf
009e
003f
ff70
0007
fef6
fedc
ff9b
0084
0038
ff42
003b
ff29
0013
004f
0082
005c
feef
ff1b
ffc8
0022
fef4
ffaa
fed2
00a1
0040
fed7
fef6
ff95
ff36
00a2
ffbb
0045
ff76
ffe5
ff28
ffe4
ffee
00fe
00c7
00ac
fffc
fec7
ff91
fffd
ffd7
ffe9
ffe0
005f
ff41
fff0
ff56
000b
ff83
0012
0018
ff87
0065
ff1d
ff64
feef
006f
ff46
00bf
ffa8
00a7
0229
01b1
037e
024b
01b1
0206
013a
00a9
008c
01ce
0094
0064
0089
022a
0274
0216
012e
0197
0068
ffce
00c2
00e9
013e
0190
00fd
0126
01a9
03de
027f
017e
00eb
00f0
00b6
0100
002e
01ae
0054
0200
0189
0129
024a
0135
0019
00ce
008b
023c
0054
ff9f
fe13
feb9
002c
0079
fe6e
ff56
ff91
fe60
fe70
fed5
ff3b
ff27
fcb5
fe6f
ffe7
ffd9
ffb0
ffb4
fe59
fe40
fe44
fe84
ff92
ffe2
fe34
feeb
fee4
fedb
fff0
fe21
fe01
ff52
fefe
00dc
ff13
00b9
fd75
fea8
fdb2
ff73
febd
fe66
ff16
fdeb
fdb7
fffe
ffd9
0197
00b0
ffff
ff79
0152
00a8
ff39
003b
007b
ff28
fe0c
01ca
0309
01c2
01e0
0172
01af
02bf
0058
ff53
002e
ff78
fffe
010e
03e2
02d1
011b
014f
0078
0145
013b
0132
feb8
002e
0087
ffe7
049f
0179
0292
0107
0116
001e
015a
ff80
00be
ff98
0075
01cd
01d0
ffcb
ff67
fed1
003f
fde5
fdc2
fef3
ffac
01c7
0128
ff4f
ffef
fdf7
ff27
feb8
fecd
ff65
fffd
ff4b
fe7f
ff34
ff6a
fe93
fdaf
fd84
fea1
fe2a
fd1a
feaa
fff3
feed
ffac
00ef
008a
fd93
fd84
fe38
fe82
fddc
ff41
fe73
fe80
ff36
fff9
ffa3
febc
fe52
ff63
ffc7
00d4
ff2d
fdcd
fe4b
fe07
feae
fff6
00ef
ff37
fdc8
fe83
005c
00fa
fd96
fee8
0038
ff47
00db
0106
023c
00e4
feef
006d
0071
fe98
ff96
feba
01c7
0105
0178
0273
0298
02eb
fd83
014b
01fc
003d
01db
0253
02ac
02af
0239
025f
01ad
0016
fc6b
027a
0098
02b3
0252
01e6
01f4
01be
02a3
00c5
ff7a
0035
fd54
00ae
0188
019c
00ad
02a3
0152
026c
02e0
0091
ff82
ff13
fd1d
00a5
0380
03c7
01ec
0304
0293
0225
fffb
0076
014b
ff15
00a6
003b
01e7
01e1
fff8
01a9
ff26
ffee
fed8
0099
0071
ff76
fe19
f8c0
feb3
00be
027e
ff6a
fff7
ffc0
feca
ff92
ff7c
015a
fb7d
fe29
ff9e
0031
00db
ffbf
ff06
ffb3
fcb0
fe75
ff20
fea0
fde9
fead
0072
0032
0049
0055
fe57
ffb7
fdc6
fc88
fff5
002c
ff9a
0230
0022
018e
ff96
fe95
feec
fe91
fde0
fd8d
fe34
ff19
00c0
01fb
ffcb
0034
fe5f
fe8f
ff16
fcb0
fca1
fd83
ff29
0000
ffa4
0034
0099
ff4e
ffac
ff5e
fe1c
fd47
fe73
feac
fea7
001d
0010
0069
fea8
fc4e
fdbe
fd71
fe2f
fe94
fdc0
fe72
ffd0
ff4a
0013
ff63
0044
00dd
fd70
faf5
fee8
0029
fe31
fee2
fe45
fef8
0083
ff14
ff93
ff14
ff72
fe07
feef
fdd7
ff94
fde1
fd96
fda5
0119
ffa0
026d
00bd
fff6
ffdf
ff31
fd79
ffad
fe7c
fd7f
009b
0145
0007
0383
02ce
ffde
005a
ff67
feee
ff82
fe5b
014a
00a7
00dd
ff75
0312
00d2
00a2
019a
0124
0219
020c
043d
0278
0193
ffdf
0218
017d
ffdb
013e
0154
fe95
fed0
fe94
fec6
ffa6
ff9d
fe8b
fe32
fff5
005b
0181
00c3
0075
ff7a
0111
017b
019c
0190
ff02
00c1
007d
fe9e
01ce
021f
0275
0189
0322
01de
fff6
027d
01e6
013e
fd7b
fdec
001c
ffd8
015d
0153
fe8f
007c
0159
0317
02af
0264
fb03
fd86
001e
fe0f
ff83
0090
0025
02c3
01bc
037b
0328
0247
fb30
ff08
ff1f
fff8
0045
00ae
00df
01d8
00fa
0332
0266
0267
0033
0103
000f
fee1
feb5
010f
0100
0140
fec3
0222
0039
010e
0259
00eb
ffdd
ffab
ffab
00d4
021f
00f7
ffef
ff30
006d
005f
0051
015b
ff1f
fd10
fc69
fe3b
0005
00df
000b
ff73
00d9
0034
fe32
ffc6
fed5
fe00
fea2
fecc
ff1b
ffd3
005b
feb9
fe90
00ea
00d0
00ff
ff29
fea6
ff0b
0052
004f
ff36
00fd
ffab
0005
ffef
00aa
007c
fe95
fdc8
fd97
ff20
ff31
0042
02d6
0312
0063
ff82
002b
fec9
0102
0189
02d6
01f4
0394
02ad
0327
009b
ff26
01f9
008b
01fa
00bf
0193
0443
0619
0842
09f3
0811
040a
0354
028a
00e8
00fa
0296
0373
03e3
0601
06f6
077b
0753
0507
02d5
00d9
009b
004f
00c4
029c
02e4
0298
04ec
0611
0517
02a7
0329
03c7
0036
fecb
ff51
ffe2
0115
ffd9
017f
0322
0464
055c
04db
02e6
0157
ff0d
fe12
fe97
ffed
ff92
ff7d
016b
0326
04a6
0669
041d
ff29
fc5c
fd9c
fc9e
fe9a
fe53
fdcc
ff5c
ffda
0239
0293
0610
fe01
faa5
fd8a
fdd4
fe05
fffc
ff75
fe22
ffe9
0220
0138
043c
002f
fc56
fd23
fdf8
fdc1
ff6a
fe8e
ff3a
ff56
ff55
01ba
030b
00a4
fde2
fd28
fe45
fed2
fd0b
ffb9
fd64
fe42
ff63
00f5
067f
0169
fe35
fe4f
fff9
ff6c
ffa3
fe54
00c5
00fc
025d
02ed
06e6
01ca
feaf
feda
fe86
0005
00e3
0193
031f
031e
01f4
034f
0184
ffa1
0127
0161
022e
01eb
030c
0197
00b2
0138
01f3
0062
00b2
016d
004e
00ee
025e
01b0
01ba
0297
01d3
0041
fff7
fe3a
fdf6
00bb
feb6
ff2d
00ad
010b
01b1
0164
01d9
015c
02e7
ffa7
fd7a
fefd
ff23
ffbd
fedd
ffb1
0006
0231
01fb
02b6
035f
ff2d
ff14
fd73
ffde
ffe7
00c4
ffe8
00a0
035c
0203
0269
038e
006b
0239
fe9b
00fc
fedc
0107
01a2
012b
0195
0187
02ba
0335
0174
0285
002f
0048
ff96
00b3
018d
01f2
000c
00df
030f
0327
01df
0482
010e
ffae
ff7e
00e0
013e
0223
023e
01d7
01a8
039f
021f
070c
ff80
00dd
ffc8
00aa
019a
02fe
03e7
0087
022e
0354
0342
052d
fcc0
008c
009c
0252
0151
0176
01df
023c
031f
0447
0424
04eb
fec4
0070
ffe3
004d
ff06
006a
011b
026e
0330
038c
048a
034b
000f
009b
0110
011d
ff14
ffa3
fe66
0014
ffd4
0266
0113
0197
0083
00db
00f6
00a7
0099
0199
01ce
01ad
0251
0321
005a
ff24
0144
0268
01a5
0171
012a
01e1
0292
013c
0124
01ed
01a0
fe4a
016f
03c1
017c
00b4
00c1
014d
00de
ff4a
0188
006a
0182
fefa
00dc
01b3
019d
0234
0113
0140
0027
0153
015d
020b
008c
fef9
013f
0153
ffdb
01be
01f2
01b6
0036
009e
025e
0241
02eb
0154
ffd4
0091
ffe0
0089
004c
002a
00e1
012a
01c5
0254
0263
002f
fea1
fdf7
fdff
fdb4
ff28
0113
0145
01f3
0294
014e
00f5
fea9
fff4
fee6
fff2
fdb5
fe8b
000e
026f
020f
014f
009d
0113
00b9
00c3
ff48
fffb
fed5
ff77
014a
01eb
0203
00f6
0176
0131
00ee
0354
ffbe
ff36
ff1e
ff0a
01d4
016f
00d5
ffd6
0039
00f4
ff76
00c7
0169
006c
01a7
0043
015d
018d
020a
0003
ff5a
ff3b
ff81
ff13
ff54
ffbf
ff0e
006e
0014
0040
ff0c
0073
fdf7
feee
fe93
01f1
fee0
03ce
02c5
00b8
0056
0052
0024
00e4
01cd
00ca
00b7
0275
010a
0094
0129
0055
febd
fd62
fd69
feb8
feff
00cf
01b4
01d0
01f5
ffb2
feba
fe21
fc0f
fd6c
fefb
fe60
fea7
ff8a
ffbf
0110
ff51
ffc9
fe13
fe54
fcf3
fefb
0126
009d
008f
0095
0142
00f2
ffe8
ff8b
fdd9
0036
ffe9
00a1
029e
023c
00f0
013f
ff89
018e
fe69
fefc
febe
fe9a
ff5a
0040
0288
015b
00b0
ffc6
ff6f
015e
0047
fe59
ff15
fdc2
feb5
0080
00bb
003f
0008
feed
0027
0197
ffd6
ffec
ff13
fd95
fe90
fed2
01b0
ffec
005f
0038
014f
0089
ffa4
01cd
013b
ff42
ffb2
fe9f
0180
ff7a
feee
ff1c
ffe0
01f1
015e
0286
02c2
0244
fe10
fdd3
fdd3
fd58
fd3a
fdb2
fe7c
03ac
0273
02af
01fe
021b
0002
0088
febb
fdc2
fc55
fd01
fe85
014b
0115
0054
00e9
ffb3
0056
ffcb
fe97
fdc2
fb2a
fdfc
fce8
fd80
fe19
fdb3
00a5
fe60
fea1
000f
002b
007f
fcce
000e
0239
fd54
ff1d
ff42
fd9e
fed9
0071
000f
ffac
ff5b
00d4
005a
00e0
fd98
00b8
0087
00fc
00fb
02f3
00e1
001d
0122
00c8
ffe6
02e6
001a
01d7
0322
00c2
0263
0359
0284
0097
00bf
02a7
0274
0188
0140
02a6
0229
02ee
0323
02e9
01fe
01a4
0285
0259
01a8
01a2
007a
0185
023b
0256
ffc6
0190
0063
013b
036d
02ad
0267
0040
0116
ff64
ff69
fff4
00e6
ffc4
00a2
02c9
038e
0287
01d8
0142
fef9
fed3
ff77
0101
fede
feb4
ffe7
008d
015f
ff45
0009
00be
ff02
fdcc
fdbc
ffc3
ff7e
ff08
0029
feb1
0038
ff5f
ff44
ff75
fc62
fc8a
fe5c
ff73
004f
feb1
fe1f
fea1
fde9
fe3f
ff55
ff86
0065
fd5f
ff19
fe93
ffcd
ff60
fd77
fe10
fe43
ff5d
00f1
0187
001f
ff92
ffe5
00b0
0007
fedb
ff6b
fff0
ffa2
fe8e
ff99
0066
0001
ff63
00c6
0079
00df
002e
00ae
ffd7
ffc7
ff52
ffe2
ff81
feca
ffcf
fff1
0016
ff6b
0013
feeb
00b0
0069
007d
ff30
ffc2
0095
007a
ffac
fecd
ff56
ffea
ff1e
ffa5
ffd1
009f
0048
00aa
ff4f
fec6
ff79
ff88
00b2
00c1
ffc0
0086
ff0b
0092
fee8
0020
ffa8
ff63
008b
ff8b
ffbf
ff48
004a
006a
fecd
004d
ff46
ff6c
ffdb
ff3e
fef2
ff1b
ff27
ff5b
0091
ff09
fedf
fef6
ffa5
005a
ff2c
006b
ff75
ff95
ffd3
0086
ff57
0084
ff47
ffbb
ff00
ff52
00a7
0003
ff1c
fff4
ffad
0084
0003
0070
000f
ff5d
fee6
ffab
006f
ff09
ff6e
00c2
00ec
ff52
ff87
0054
0051
0057
ff06
ffcf
00af
ffb8
ffbf
ff9a
00e5
0035
001b
ff1b
ffde
ffed
0068
004c
00c7
fefb
00f0
ff5a
00ca
ff14
005d
ff9e
ff3d
0092
ffe8
fef8
0041
ffdd
ff5f
0098
ffb2
0020
ffd7
feed
ff26
ff05
0011
ffc1
ffaa
0017
ff54
fdf7
fef3
0132
00ae
00c2
fef7
0053
01c6
ff64
ff32
000a
002b
fd9b
fd41
fb71
fc66
fd7c
fda8
ff00
0069
fdea
00b1
ffc2
ff54
fe9e
ffd8
fdc5
fe23
fe8c
fe66
ff9b
0041
ff9c
0043
fdf5
fd3d
fd37
fe71
ff06
fefd
ffee
00ae
017c
01c9
fecf
ff79
fe23
fcbf
fd31
ffad
00a3
004b
01ae
0237
00fd
0079
0064
0053
fbfc
fbd8
fd36
ff5f
00dc
0110
0239
025f
ffe4
ff76
ff7c
ff94
fc82
fcf9
fe9d
fee6
0134
026a
0247
021c
007c
0030
0159
ff9e
ffb5
fe8f
ff06
ff8b
0153
0293
0316
024a
0195
0033
0179
011e
ff9a
ffc8
ffb7
ffa9
007c
02e6
02aa
018f
008e
fef4
0123
ff93
ff0a
0112
00ba
ffde
0169
02ef
01b0
0098
ffd4
fedd
0107
ff1c
0137
ffd5
00da
006a
007a
0090
0056
021a
ffc0
fe0f
0141
0013
00e7
0015
ffe7
00b3
006d
00e0
010a
00f6
0086
0065
0184
ffa7
0032
0044
00d1
fff8
ff82
006a
0039
00b0
ffa9
ffa3
ffb4
ffbf
009e
ff46
ffff
003b
ff0b
ff55
ffc9
ff43
ffb0
0031
ff8b
0030
ff82
ff25
ff1f
0014
ffdb
00c1
ff9f
0028
ffac
ffc8
00b1
0009
ff15
002a
ff97
ff23
ffba
ffcd
ff08
ff50
ff96
ff06
0064
ffa4
00f3
00f2
008a
00c7
ff61
ff5c
ff09
00e5
ff73
ffeb
0000
fee8
00f2
ffb0
0040
0071
000d
006b
ff0c
ffc7
0018
00a3
00f0
ff0b
ff97
00d3
00f6
ff22
ff79
00b1
00cc
00d1
0062
ffc0
00b0
007b
ff38
00d2
ff61
fffd
001c
ffcf
ff36
0090
ffdd
00a8
0049
ff25
0025
0000
ffe5
fff9
00c4
ffe5
00db
ffb9
00b3
ff1c
0042
ffab
ff26
0067
ff55
ff48
ff4e
ff0e
ff4b
0005
ff5d
00ba
ff0b
0002
ff51
0023
0083
ff26
ffde
0046
0024
ff90
0003
00ca
0021
ff21
ff9d
ff55
0000
00e4
001b
008c
ff6b
ffc9
001c
ff89
0123
ff8d
ff1b
000f
ff33
ff48
ff5a
0065
ff39
0073
ff9b
009e
febb
0030
000a
ffe6
ffe7
ff29
0006
003d
ff3c
ffd6
0032
ff99
002b
ff23
0038
0086
0093
ff3a
009a
007a
ff78
0130
ff57
ffb7
ffb9
ffbb
ffe8
ff1f
00c0
ff08
ff39
ff9a
00a4
00d8
006d
00f4
000b
ffec
004d
ffa5
ff6d
ff91
ff60
00b4
0027
008d
fffc
ff0d
ffa7
0066
ff8b
0092
ffe7
ff61
ffa3
ff7e
0076
0002
ff86
ff9e
00c1
ff6d
004d
005f
0014
0005
003a
ff16
00ca
0077
ff5d
ff25
0089
ff38
ff46
002a
0036
ff54
ff15
0031
ff55
ff68
ffa4
0001
ffad
ff3b
ffb5
00f1
00dc
0084
fffe
ff86
ff47
000a
ff71
00c8
001a
ff0c
ff61
ffaf
00f8
0024
0018
ffc7
0013
ff3f
0050
ffaa
00e6
ff17
009c
0010
ff57
ffed
0083
003d
ff7a
ff65
00a1
009e
0061
ff76
0076
ff49
0097
ff91
ff92
009c
0049
0061
0074
00db
002b
fe74
0081
ffb5
006c
fe93
ff74
ffa7
fe91
ff3d
ff7a
fe55
fd18
ff03
00ee
013a
016c
01d3
00d9
0185
00d4
ffaa
0021
feb9
fdd7
0200
01c3
02c7
018f
02bb
0152
017e
01b7
0095
018f
00fe
00aa
ffbf
0254
02ad
01f9
011b
0173
0112
0002
0005
00bc
0101
fe86
01a4
0300
0292
029c
0042
0094
fec1
ff67
ffea
00c5
ffd5
ff0b
01f6
0202
01f0
011c
00d8
012f
ff51
fe66
0093
003f
ff76
feb5
01ec
02df
01dc
01e9
01f5
02f4
0039
ffba
ff0d
0091
0247
ffa5
0076
01ae
023c
00b2
005f
0189
0173
01ce
0188
02ee
01be
ffc8
ff26
fff2
005d
0030
ff56
0055
00d4
0204
00d2
0148
0140
ffae
fc94
ff89
feaa
ff2c
fdc6
0006
014c
00f4
ffec
0076
00f0
ffac
fead
febe
fec7
fff4
ff50
ff41
ffbf
ffa0
00c0
005b
0276
0329
00d8
ff30
fea3
004a
ffbc
ff92
ff01
0190
00a9
03c0
0593
00c5
007c
0028
fed6
ffa6
ff38
0143
fea6
fff1
022e
fee3
ff37
00b9
ff2d
fe5f
fffc
ffa6
ff09
ffb9
ffb3
ff9f
0033
0056
005c
ff3a
0053
0008
ffec
fe69
feac
0051
0206
0220
0093
0225
012d
0015
0065
fee0
ff76
ff84
fed4
01f1
0303
02c0
025b
02c4
026f
036e
ff7d
fe8e
0026
fe70
0003
01ad
01d2
028b
0230
02b1
01f3
038f
ffe3
0221
00a3
005e
ff27
0017
018f
00a7
007f
0145
018b
02c7
ff30
01dd
0397
ff58
fefd
00b2
0086
0118
018b
01c3
02bb
01cb
0099
022f
02a5
ffba
ff35
01c0
026f
0140
0146
013c
0246
03b5
fffa
031b
0171
0039
0062
00a5
0246
014b
0114
0228
0103
0085
0153
01e5
02cd
014e
0008
0004
01f1
010f
ff8c
ffd8
0034
00ef
0251
0106
0073
00d4
006a
00d6
0114
0276
015b
01e9
0170
fee5
00f0
ff8f
ffe2
ffd1
feb2
ff89
fea5
02a3
035f
01e3
01a7
fea4
0044
ffdf
ff7f
ffaf
ff82
ff77
002c
ff9d
feda
ffe1
fef9
0027
0080
ff4c
009c
002f
00c1
ff8e
ff13
0058
0073
0077
008b
0042
0036
ff37
ff83
0076
ff1c
003e
ffc3
ffbd
ffa7
00b7
ff6e
005b
00a3
00bf
ff60
ff5d
0027
0094
ff71
ffec
ffdc
0009
0011
ff69
007c
ffb6
ffdb
ff0a
ffbd
003d
003d
ff7e
0057
ffdb
ff46
ffda
ff63
0068
006f
0063
fffb
ff0e
ff2a
ff3f
0032
007c
000b
ff6c
003a
ff60
ff8a
ff42
ff1b
006a
ffbf
fff3
ff97
ff52
ff3a
0099
0033
001d
006e
ffe3
00a7
0082
ff6c
ff8a
fee9
ff3c
ffd6
fecd
ff13
0070
ff8a
ff91
ffa9
ff4a
0018
ffad
0064
ff1d
fefa
006c
0031
009c
ffe6
0003
ff4f
fec7
ff2c
ffcf
ff42
ff23
00a9
ffd8
ff67
00b1
0096
005d
ffc9
00b7
ff85
ffcd
0035
0046
000d
0004
002a
ff2b
007d
0093
ff25
fefb
ff15
ffb4
009c
001f
ffdd
fee7
ff52
0079
ff45
0026
ffa5
000b
ff63
ffba
00dd
019e
0169
0129
ff19
ffab
fdeb
ff73
ff06
016b
00d2
00dc
0141
0231
02c5
01af
ff1d
fd15
fe21
ff4d
ff5c
0106
0112
00fa
01d9
02ea
02d5
00af
fd97
fda2
fe24
feeb
ff41
0058
013c
00f8
0180
0246
0223
007e
ff9b
0045
ff59
ffc3
0068
0096
028e
005f
005b
01b9
0126
0239
002d
016e
0098
00d3
0063
ff3b
005c
ffec
ffbb
028c
0175
01a7
ff63
01f3
01be
ff99
00c4
ff8b
002b
ffee
fe7d
0192
0028
0205
ff12
00e6
ffbc
ffcc
0119
013c
0217
0023
fe55
fddf
00d9
ff1d
fecd
ffd6
0000
fef6
fd8d
ffbe
fff6
ff78
fe42
fe48
008c
006a
ffcd
002c
01f8
ffc0
fccd
fe8d
fe9f
fdb3
fda8
fd2d
0016
fec5
fd1e
ff3d
0089
019f
fe07
fe89
ffe7
fd67
fd90
fda9
0021
fe11
fda4
ff04
fe8f
0160
ffa1
fff3
0047
ff2a
0204
0062
ffbb
fe06
fec3
ff34
ffc9
fee5
fdd3
ff4d
00a2
0012
fede
004c
034a
ffc3
fe7a
fe46
fe6f
fd1b
fbbb
fcd0
fe31
fff0
fdde
ff6b
ff56
feab
ff16
006a
0049
feef
001a
fdb7
fee2
ff78
fe93
ff4d
025b
fe4d
0034
0109
0069
011f
00b2
ff8d
fe67
fefe
feb3
00ef
002f
fdc4
0188
0199
ff9e
0062
01a1
013f
0148
00c6
0007
00d7
0165
ffe0
019b
00ac
00b1
0078
01ab
00f3
001e
00fe
ff36
0066
ff96
010e
0028
ffb1
ff3a
000c
00da
0158
0167
ffe8
00b1
0051
01d5
0395
febc
fe27
fe80
0004
0013
012a
013b
01af
008b
0118
01c8
0281
ffb5
ff93
fef1
ff36
001b
00b9
0259
0097
0129
00f0
005d
0138
ff1f
008b
ff1e
feae
0083
021d
0225
0160
00c8
00c4
0283
006a
fffa
ff9e
00e3
0086
00ee
008c
0185
028f
024f
0097
03de
004d
0149
0046
0152
0249
008e
ff76
ff87
ffb6
ff10
0082
01ca
0185
f7d9
0088
ff72
0039
0007
001d
ff1a
0088
ff47
ff89
0050
0004
0074
ffa1
ff5f
fecd
ffe4
ffee
0098
fece
ff2c
0023
ff51
ff37
ff50
001b
0051
000e
fff3
ff0e
0081
fef1
fe92
ffe4
ffbc
fed9
ffe4
feba
008d
ffb7
003b
ff0c
feed
ffb3
002e
0014
ff7f
ff1c
ffb9
febd
ffae
ff4d
fed7
ff8b
fed8
ff9c
ff68
ff2d
fee0
fef1
ffbf
ff4a
0045
002c
fed7
ffcb
ff69
ffe9
ffde
ffcf
0087
0038
feef
0037
ffe9
fed9
ffd5
0055
0035
0080
fef1
fedd
ff0b
ff2b
fedc
ff84
ff0c
ff9e
003a
fef2
ff67
ffaa
ffe7
ff4a
fe8b
ff3a
fed0
fea9
ffe8
008e
fff7
fec9
ff13
fea2
ffe8
ff93
ff61
ffaf
ffa0
ffd6
ff5a
fed6
006d
ff2f
ffb7
ffbf
002f
ff06
ff13
ff7d
0050
004f
fefe
fed0
008c
ff87
ffa7
fefd
0090
0078
ff23
fec6
fee3
ff5f
001c
ffb8
fe97
fee3
ff5a
fff4
ffc2
0081
ffa3
006a
fe8a
ff89
ffde
0037
ff8a
ff8a
feac
0073
fee6
ffce
fedf
ff1f
0005
0072
0093
006b
fed5
ffc5
ffce
ff1e
ff94
005c
ffec
0094
0028
feba
0055
0004
fec5
0022
0074
ffdf
ffd8
002c
ffdc
fff4
fee0
fea5
ffd8
ffc5
00a2
0019
fedd
ff9b
fec9
0090
ff38
fed7
0041
fef6
0034
001e
ffe7
00a6
ff32
ff22
fe81
ff94
ffce
fedf
fff8
fecd
fed4
fef4
ff67
ffe5
ff10
ff61
ffbf
00b4
0084
ff34
0000
ffb3
ff7a
0098
004d
ffbe
0068
ff75
ff46
ff16
0062
0096
ffd8
ffc9
ff2e
0051
fe7a
ff16
fef5
ff0c
feee
ff6f
ff91
007d
ff81
0052
ff19
003e
00a9
008d
0049
ffed
0047
ffce
0007
ff6a
ffda
ffce
ff75
0016
ff4e
0077
fee1
ffba
fed0
febc
009e
fffb
fffc
fffa
000f
fec2
fefc
ff4a
0068
0056
febd
ff6d
ffa9
fff5
001c
fec5
fead
ff28
ffcc
fff8
0074
0071
ff51
fff2
ffe9
ffd3
0056
feff
ff6a
0060
0047
007b
fee5
0063
0029
ff5a
0045
0073
00d4
004a
ff17
fed3
ff42
0088
009b
0075
ff91
00ac
ffa0
ff8c
ffba
ff93
ffea
0069
0058
ffa6
00ad
00c6
00fd
003f
fff5
ff26
ff0c
fe8e
ff0e
ff49
006a
fe98
0078
fefd
ff51
ff50
fff8
ffde
0031
ff62
ff94
ffa8
ff5d
ff4e
0027
ff1d
ff9d
ffb1
0028
00cb
ff2c
ff5d
0069
ffae
fed8
ffab
ff5b
ff47
fff2
ff29
ffb5
ff28
ff62
0066
000f
feea
ff57
ff48
ff92
feb7
ffc4
ff12
ffdb
ff6c
004e
ff87
009c
ff3d
0075
ffe1
ff37
003e
0085
0045
ff55
ffa3
0085
007d
ff72
002f
0090
ff37
005e
ffed
008b
008a
00d6
fee3
ffc0
fff1
fffd
ffe8
ff7a
ffbf
00af
ff94
008e
0023
ff6d
0081
0072
ffd1
000a
ff7c
0070
ff25
00b6
ff90
001f
ff0e
0022
feff
0006
ff2d
ff31
0029
ff71
ff9e
ff87
ff51
00c2
ff1c
fede
ff27
ffa2
feb7
fe99
ffa8
fff1
ff12
ff25
ffba
006d
ff24
feb9
0033
0083
fed7
ffaf
0003
fef8
ffe8
00a0
ff99
ffd4
ff5f
002c
ff6c
ffd9
ff5e
ffc9
feb8
fee2
ff8c
ff36
fecb
ff6b
0012
ff7a
0088
feca
002a
008c
fed9
0088
000d
0077
0030
ff01
ff0c
ffd8
009c
00bd
fed7
003b
0080
fec1
0099
0053
fe6b
feb4
0015
fed2
feb5
00ee
0029
fff4
fefb
fedc
0051
001b
fefd
005d
0075
feca
fff4
ffcf
fede
007b
fff3
0039
feec
007f
001e
ffe4
ff62
0080
febd
ffc8
006c
0051
ff2a
002f
ff6a
ff76
ff68
ff34
0006
ff3d
ff9c
0078
ff67
00a2
0046
0083
0062
fe89
ff61
ffc3
ff19
ff4c
0013
fff4
ff41
00af
ffbc
fe9d
ff31
002f
fecf
ff67
0055
fea6
fee0
005e
ff23
ff47
ff5d
fee8
0034
002a
0029
ffb3
fee9
ff48
fe95
0067
ffc6
0084
ffc5
ffdd
ff0f
ff56
ffad
ff0c
feef
0032
0023
ff73
fea5
fffd
0028
ff8d
0021
00e3
0016
0061
ff58
ff03
ffcd
ff80
ffa1
ff7e
ff2b
0098
ffd4
006b
ffeb
0063
0005
ff43
0063
ffb4
ffe1
0099
0036
001f
fee2
001f
ff05
0083
ff51
fed8
ffde
fec1
ff64
0071
ffe6
ff67
001a
00b8
ff7f
fea9
ffa6
ff1b
ff05
007a
007a
ffff
0091
fffb
ff97
0010
ff67
ffed
000d
001c
0036
0089
ff4f
0097
0053
0048
005f
ffef
0050
007b
0014
ffdf
0033
ff67
fff7
ffdc
ffad
ffec
0009
ff5c
006f
ffb4
ff38
00d0
fee4
ff41
ff05
ffbd
ff5b
009f
0009
ffd9
0051
ffc4
ffe7
0012
ffe5
ff98
ff0b
ffdd
fff3
006e
ff05
0014
ffe4
00a1
ffc9
0022
ff51
ff69
00ae
ff67
ff0a
0077
0097
ffc7
0041
ff6c
ff37
ff27
ffd0
008b
ff1a
ffb4
00a1
ffb0
fefe
0076
0080
ff9a
ff56
ff39
ffa3
ffea
0063
fe5b
0032
ffb3
ff2c
007e
0061
ffcd
ff7b
006d
ff48
fedd
ff97
fecb
ff8e
ff61
005d
ffdb
ff4f
ff35
0026
ff49
008f
ff86
003a
ff29
ff45
ffd4
fffd
ff93
009a
ff1b
0094
fff1
ff99
ff2b
ff04
ff99
fff2
004b
fef1
00b4
0013
0017
ffce
0047
fef0
ff01
ff05
0029
fffd
0034
feb5
ffa8
ff31
0014
00df
ff94
0070
fec4
ffc5
fff5
ff38
ffb8
ff51
ff08
ff4a
0036
ff8a
ff82
0035
002d
ffab
ff52
ff2c
ffbc
fffa
ff43
0031
ff04
ff14
ff50
ff62
fe81
fff7
000b
ffd6
ffda
0047
ff72
003e
0043
0034
ff21
ff73
ff77
feed
0094
fffb
ffd7
0006
ff7b
001e
fec3
004c
ff80
fe8f
ff0c
ff91
fedd
002e
ff74
fed2
ffe1
ff8c
ff73
feb3
feaf
ffe4
ff3c
ff6d
ffb0
fed7
0058
0050
ffa9
ff4c
ffd8
00ad
feda
fefb
005a
ff33
00ba
ff06
0071
0052
ff63
ff5a
ffef
0083
000b
fecc
fffc
0039
0047
fec5
ff83
fef8
fffb
ffce
ffd0
ff51
ff71
004e
ff93
ffdb
ff24
009a
00b1
ffd5
ffda
0000
00b1
ff11
004b
ffd9
0054
fed3
fffc
00b9
000e
00da
003e
0000
ffaf
00ae
0038
ff28
ffe1
ff78
ff71
0046
00a2
fede
000a
fedc
005f
ff0d
fff7
003c
ff5c
ff14
ff2c
ff65
ff97
ffe6
009a
fec9
fef6
fef6
00a8
0043
00f6
feb6
00be
fef2
ff41
0030
ff40
ff14
006b
004c
ff65
004d
ffbf
ff4f
00a7
ffaf
ff57
00a3
ff7e
0095
0047
ff7a
ffc7
ffc1
fff5
ffc6
00cf
00a2
001c
0025
ffd7
ff59
fee5
0075
ff47
fff6
feb8
ff9d
feeb
0083
ffb9
00d2
0080
ffcc
00a6
fef7
ffda
001f
0037
0021
ffad
0098
ffd4
ffe8
0038
ffc8
0084
ffcd
ff50
0057
ff71
fef0
ffca
ff59
ff74
00eb
ffd6
ffd2
ff59
ffbf
ff3b
ffc5
008b
00af
ff15
ff1b
00c3
ff2e
0012
ff0e
00a0
00c0
004d
ff5f
fee0
009d
0058
ff28
ff47
001c
ffba
ff72
ff6e
ff7b
007e
003d
ff9f
ffd1
ff8d
ff56
ffc1
fec3
002d
00a9
0049
0052
0054
ff62
ff47
fff3
ff69
fef9
ffdc
008b
ffd6
ff8e
ff79
ff03
0036
ffb6
fef0
fedb
008f
ff94
ff8f
0086
ff61
ffa4
ff73
005b
fff4
ff0c
0098
ffab
fed3
ffa6
ff9e
ffdf
ff33
ff1b
ff2d
ff1c
fff0
003e
fefa
fffd
ffd9
ffd7
ffbc
ffe0
00aa
ffba
0025
009a
fff3
0075
0097
ffab
ff75
ff20
ff4e
feca
004f
fffd
feec
ff95
004d
fec3
ff6d
ffc7
ffca
002e
ffa3
0013
ffd5
ffba
0094
0066
ffa1
fff7
ffbe
ff3b
ff7c
ffb5
ff40
007c
fee5
ff92
0011
002f
0046
ffcd
ff58
008f
ffc5
006d
0075
ff41
ffc9
fedd
0073
ff6b
00b2
ff2f
fffa
0041
ff97
0079
0010
002d
fee0
0068
ff3a
0050
ffd1
ff59
ff66
ffa7
ff8d
ff01
ff56
ff05
ff2d
ffca
ffb0
002e
0065
ff94
ffba
fecc
fff9
0049
fefd
ff46
001f
ff26
ffb3
ff5c
0090
002d
fecd
ff2e
ff16
ff0d
0056
ff4b
005f
0066
ffe0
ff22
ff41
fe90
ff4b
00ad
ffc3
fedc
ff93
ff6d
ff31
0022
00ec
ff42
0080
ff84
0060
ff2c
ff1e
009c
ff55
ff98
0071
002d
00a0
0082
001a
006c
001b
003b
ffa4
ff4d
004b
001c
ff94
007b
00d9
ff20
0032
ff35
ff4e
ff1b
ff97
ff3a
ffb5
004d
00b0
000c
ffea
00ce
ff08
ffe5
0015
ff7f
007e
ffb4
ff0a
0064
ffd2
ff70
006c
0008
ff7a
ff4a
0044
0046
00cb
ff94
fefa
000b
ff16
000d
006b
ff1a
0042
006b
002a
009c
00d0
ff1f
001c
ff98
ff53
0098
ffa0
0066
009c
0058
004c
ffa1
ff2d
ff6e
000a
ffdb
ff20
ff78
ffef
0102
00af
ff57
001b
feb9
003a
006d
0061
00da
ff7e
00e4
ffd6
ff35
ff2e
ffc5
fede
fef2
fefe
ffce
ff88
0079
ff6e
ffb5
fee9
ff7b
00ba
ffd3
ff93
0049
ff50
ff57
0081
ffe8
007d
ff85
ff95
feec
00ad
0092
ffa2
ffe6
0040
0000
fee4
00a4
feff
ffa8
ff95
00ba
ff32
ff50
ff20
feea
ff45
ff8d
008a
ff81
004c
ff95
00a4
ffd7
ff9a
ffa7
ffd7
ff8d
009e
004e
ff97
ff89
fefb
ff23
0053
000c
ff7f
ff48
ff3f
0034
fede
fff8
ff11
ff6e
000c
00a1
ff52
fec6
ff9d
000e
ff93
ff4c
ff99
ffec
007f
0070
003a
ff5f
ff53
0086
004f
ff0e
fff8
0095
ff10
ff5d
ff3c
ff4a
0012
ff5f
fedd
ff0d
ffa4
ffe8
ffe0
0093
fef7
ffdf
ffd0
00a8
ffce
ff03
feeb
ff27
ff05
0038
ffdd
006a
009a
0043
fff8
00ae
003e
ff38
ff78
00b0
ff71
ffa5
002f
0062
ff91
ff7d
fffa
0011
ffa9
fec6
0079
ffcb
ff9e
fede
0054
ff96
fee3
0021
0033
0093
ff52
ff75
ff54
fef0
ff10
fffc
006e
ff30
0036
005e
ff08
ff80
ffcc
0010
0018
0030
feca
ff82
feef
0049
ff85
00ad
fed5
ff86
ffc0
ffef
006a
00a2
0069
ff45
ffa1
005c
feda
ffc2
0077
0093
ffc8
ffbf
ffde
0084
005d
ffb7
00b1
ff40
fecd
0087
004d
000c
fedd
0028
0092
00a9
0070
0009
ff49
0003
ffe7
ffd8
ffa3
ff7f
fef1
ff1c
001f
002c
fefc
0058
009d
00b1
002e
feec
ff69
ff3a
ffd1
ff7c
ffaf
005b
0059
ff4d
fee9
fee6
006d
0001
ff34
ff2a
00a9
0064
0072
0004
ff18
004d
0084
ffa2
fec6
ff4a
0034
00a8
00aa
005b
003e
feff
002e
ff62
febe
0053
0077
fedd
0079
ff56
0067
ff11
0075
003b
ffe8
ffc3
fed0
ff25
0037
0054
0089
ff36
feee
ff0d
ff28
ffaa
005c
ff07
ffcb
ff57
ff40
ffc9
0085
0052
ff83
001c
feda
fee9
0075
fee7
ff23
0039
fff4
ffc9
ff3d
ff5f
ffe2
fef4
fed2
fecb
0078
feeb
00ac
fee3
fee1
0066
0081
0037
008d
ff73
009c
008c
0012
fecc
fedd
ff30
0094
ffaa
0085
00ad
002e
0088
ff86
ff34
ff9c
ffa6
001a
ff05
00f2
0001
ffd4
ffb4
fe99
0076
fed3
ffb0
feb0
0076
ff3d
ff3c
ffb3
ffc5
feb1
004a
ff67
feff
fffd
ff8e
feaf
ff32
ff7b
ffed
00ce
ff2f
ff81
ff1c
0074
ff07
fffc
fed7
0057
0052
ff84
ff45
0025
00cf
0043
0023
ffa2
0026
ffa8
008a
0056
00ae
ff5c
ff17
ffda
feeb
fe9e
0076
001f
ff41
0071
0017
ff7a
ffa7
00be
ff15
fedf
ff87
ff43
ff6d
005e
ff3c
003e
ffd6
ff6c
005e
0013
0011
ff68
ff63
ff6e
ffe2
fec0
ff5f
0025
ff99
ff6d
006c
fff6
0031
ff36
ff50
fef2
ff91
fea3
ff05
fed6
001b
ff30
ff63
ff83
ff9b
ffa0
ff20
fffe
000c
fef1
0055
ffeb
0007
ff90
ff73
ff1a
fef0
00af
ff8f
ffc5
ff49
ffb8
ff53
febb
0014
ff8f
ffb0
00a1
ffe1
ffd3
ff65
0041
ff62
0077
ffa2
00ae
fea9
fecf
fec6
ff08
fee6
009c
ff65
fecd
0082
ff87
0042
ff14
00aa
0051
0090
ff87
0009
ffbd
00d9
ff9d
000f
ff7c
00f8
feda
0095
ff41
ffae
0084
ffb5
fee8
ffa9
ffa5
00bf
00bb
000e
00cc
00bc
0050
00c6
ffb2
00ee
0062
00b8
ffa9
ffe0
002d
ffe0
ff0e
ff1f
00dc
00ed
00bb
ff0d
ff51
005f
ff50
0082
0033
00ac
00a5
febb
0074
ff62
ffc5
ff46
ff7d
ffd0
ffe0
00e7
00e8
00d6
ffb0
ffcf
0056
006e
ff59
00bf
ffaa
ffc9
ff48
00a7
fecb
004c
ff0f
004a
ff87
fef4
0030
0036
0070
0050
ff91
ffe7
0017
ff22
00b1
ff42
ff55
ffc8
fef1
ff27
00c4
ff62
0071
00b2
0052
ffb5
004a
00c1
0043
008c
ff4e
00bc
0051
ff24
ffa8
ff49
ff6b
0016
ff97
00cb
0064
fff0
fed4
fff0
00a1
ffd3
0017
ff00
fff1
ff71
ff80
ff31
00af
ffe8
ffb0
fee8
00a3
0035
0006
ff4a
000b
ff57
ff53
ff73
00b9
007b
008e
ff3a
0075
ffce
ff13
0079
0004
00e2
ffd3
ffdd
ff66
ffb0
0006
00ac
006d
fefa
ff61
ffb5
ff93
004b
0032
ffdb
007a
ff29
ff3c
fec3
004b
ff9b
ff71
0039
ff3c
0028
ff68
009b
0090
ffe4
ffaa
fed2
ff75
000f
ff2d
0075
006c
ff46
00a5
ff89
fffb
fef2
fed0
feef
fef1
ffa4
ff8a
ff4a
ff07
00a4
0066
00ad
004e
ff52
ffba
ff98
ff96
ff89
0061
ff39
003c
ff9c
fee9
0096
00aa
008a
005d
fed0
ff9f
003c
ffc5
0032
ff21
000e
ffb9
00a6
fee7
009e
0007
fed7
ff29
0019
fecb
0045
fef6
ff5c
ff5e
ff32
0058
ffa4
ff20
0089
0039
ffa9
ff33
009a
fed2
fef0
ff58
ff4c
fff2
ffb0
fec8
ff9e
0045
ff91
ff58
ff2a
001b
ff74
ff2d
fff5
ff21
ffde
ff95
fec4
ff7c
00ac
0016
008f
0047
ffba
ff8a
0084
ffc3
ff7d
006f
002d
004c
ff4c
ff1d
0041
ffc3
ff21
0012
0069
fee2
0010
ffa3
009c
fec7
ff86
ffd8
ff84
0010
ff24
feff
0014
ffc1
0059
00a9
0061
00d9
ffd1
0017
003e
0093
ff21
0079
ff88
00d1
ff57
0091
ff89
004a
007f
ffa2
002b
ff5c
009f
fffe
0096
ff1d
ffd9
003c
0052
0032
00af
ff95
006c
003c
ff71
ff46
ff0b
ff77
00b8
ff62
ffc6
ff48
006b
ff25
00b0
feeb
0092
0099
ff22
ffd7
008d
ffb3
ffe7
006d
0041
ff22
0079
00d7
ff52
ffa6
ffeb
0086
ffa1
000b
ff36
0051
00b9
0078
fefd
ff34
ff5a
ff1c
ff4e
00cb
0011
000b
ff68
ff58
ff88
0051
ffab
ff0d
0019
ff5c
00b1
009f
ff79
ffb1
006f
ff48
ff67
fff4
fff6
0077
ffa3
ff04
005e
ff52
ff54
ff04
0039
ffa0
00a3
ff33
ff77
001b
ff91
ff5a
ff87
ff73
00ce
fed0
000f
0014
00b1
000d
fff7
ffc4
ff6b
ff15
ff77
0041
ff17
ff49
ff9e
00a7
ffdb
0074
ffe7
0031
ff09
ffae
00a4
ff43
ff65
ff47
0045
0038
fee7
002d
ff24
ff79
ffff
00f1
0093
ff30
005c
ffd0
004d
ff40
fedb
ffcb
003c
007a
ffe7
ff2e
ff33
fffa
ffdd
00a1
feeb
feee
ffc8
ffb9
fedf
ff33
ffa1
fee7
ff6e
fef7
ff81
ffe5
ff71
ff5b
00a0
fefb
ffaf
fea6
ff6f
ff2a
ff87
ffbc
004f
ff3b
0080
fee3
fef4
008a
ffe3
fefa
ffbc
ff7b
ff3e
0085
febd
fef7
0093
ff6b
ff4e
feff
ff0d
004b
ffb0
0007
0096
ff6f
ffa6
ffef
002f
ffc0
0079
006d
feab
ff85
ffeb
ffc2
fed6
ffcc
ff68
ff90
ff1e
ffba
ff5f
0026
ff6c
ff35
ff24
0003
ff91
0057
0024
ffcd
ff2e
fee2
ff8f
ff3c
ffb9
fffd
febf
fe5a
0013
0022
0009
ff49
ff30
001a
ff4c
ff0f
0038
ff31
ffec
ff18
ff91
ff66
0029
fed0
fffb
febe
0041
ffaa
fff9
fefa
ffb5
ff43
ff7e
ffe2
feae
0047
fefb
0031
ff3c
ffa1
ffe3
0046
0046
0059
feb5
fec3
fef5
0071
0056
ff2e
ff60
003f
ffa9
fe8b
0060
fee6
ff14
000e
ff4f
ff06
ffee
ff54
003c
feb3
fcc2
fd4c
ff34
fe50
fd08
ff11
004c
feb0
ff75
fdf2
fe9e
fd40
feea
ff0a
00a0
00da
feb9
feab
fc3d
fd6a
fe61
ff44
0164
ff3e
0019
ff51
ff99
01c9
01bc
02a3
ffc0
fe5f
0109
ff5c
fe41
fe14
fe0c
fe83
fed9
0093
ff93
00b6
0153
01dd
01ab
00d6
ff75
ff93
ffb4
fda3
004a
fe82
008a
0106
029b
00ba
0032
0218
0159
feb3
fccd
fb4f
fe1f
01d6
01f5
0113
0055
0041
ff4d
00c4
012e
ff72
0157
fe12
fd8f
0116
024f
020f
02a6
ffe9
ff30
ff03
fdb4
fe8e
ff74
00ab
ff77
ffaf
00ed
0126
01d1
fefa
febe
fbd5
fdf9
ffd0
ffcd
006c
016c
ff45
ff80
fec6
ff81
fff7
fe04
fd43
fe81
0004
ff11
0162
01c2
ffb1
feec
fec1
fe6d
00e6
fc88
fee1
fdd7
002b
feca
ffee
0207
016a
0015
008f
000e
01cd
fd8a
fec4
fed7
fff4
0005
ff9a
014c
019b
ff94
000e
008c
021c
00e9
ff7a
ff55
ff45
ffad
0070
ff4e
00e2
fed4
002d
ffd5
ff04
fea9
0274
01bd
0042
0241
01f0
008a
01af
0387
02e1
02e8
00d7
00eb
02db
01da
fea6
0161
00cd
ffe5
0125
0025
032e
00c8
fe3c
feb5
00c7
00e7
fe63
008b
fdc9
006e
01ae
0086
0288
0195
007f
ff67
02a6
034b
00d9
ff82
fa43
fd2c
fe33
005f
00e0
fff4
0112
ffee
fff0
02a3
0042
fcaf
fc12
ff79
ffb7
0094
ff13
005d
00af
ffb1
fef2
ffae
fd95
fe21
fd26
fe69
ff94
000a
ffe7
00f0
ff7d
010e
fdd0
ff68
fbe6
fd93
fd74
fd33
005d
01a1
ff7d
fed2
fed4
00b4
ffd0
0038
fe62
fdea
fdc2
fd23
ff98
0021
fe1e
fd23
fe36
001f
ff01
00d7
fe22
fe6f
fdd2
fd53
fe45
000c
fe8f
fd92
ff19
ff18
fffc
00a2
fe8f
ffc9
ff34
0057
001d
fe6a
fcd8
fde6
fe37
fc06
ff4a
0053
00af
ff53
fd8e
fe3c
fdd8
fdab
ff28
fe4e
fe5d
ff0c
01e3
04b0
03de
04b6
0558
0418
0444
0343
0221
006a
0080
fdd0
0279
03e4
0326
03ab
03ae
03cd
02fd
0186
01bb
0101
021b
fec8
02fd
033e
03bf
02a2
00b3
fec0
0133
ff5f
01b3
0017
ffd3
ff31
02ae
0293
0167
0433
029b
fee2
fd7a
fe17
fe43
00d2
ffd1
00a1
0132
fffd
0075
02ff
0197
ffb6
fd86
ffdd
fe83
fea2
0126
0195
004f
0028
0141
03bf
0339
0173
018d
ffaa
ffb2
006a
0206
0285
fefb
fffc
0094
01cf
02bf
00c4
0107
0247
005b
006d
0136
0175
fdfe
00bb
027e
04c3
040c
0236
0351
ffc0
ff59
001d
ff87
0123
fe58
ff40
0398
0290
00c4
0132
03fb
0157
0182
0092
ff62
fd9d
fe8f
fd49
017c
fe9a
fefd
023c
0502
0124
024c
0089
fe92
fbf4
01c3
016c
02bb
ff25
018c
0210
017d
0156
01f2
0091
fff3
fc7a
02bf
ff02
ff71
fc68
fac3
fd25
fe2b
ffec
feef
fa5b
fe12
fe7c
00de
0178
02ed
00dc
ff58
ff02
02d9
029e
00b2
0058
0099
fe3f
02c3
00b1
005e
fdda
0003
ff77
013d
0196
0231
0080
000e
0057
015f
0150
ff2d
0037
fefc
0055
fed2
004f
0357
0097
fe88
fff6
012d
00ad
0033
0106
ff23
ffdf
fe19
fd7c
001e
fd11
ff66
fe48
005f
ffc7
00e6
00b1
00c3
0022
ffd5
fead
003b
fee1
fe7e
fcbe
fec4
fea8
0059
0074
0114
001d
fff1
fec3
0084
004b
ff3c
0026
fdce
ffae
0191
0310
011f
0191
00c5
feac
ff06
ff84
ff85
ffd5
00f4
00e0
009c
02ed
0287
0268
0225
ff30
0005
ffab
ff54
ffda
02de
024e
0114
fef1
005d
0072
02a5
00e7
017f
0056
00bd
0128
0187
01b8
0063
fef9
feed
012c
0297
0114
0196
ff43
0089
0152
00da
03e2
ff06
fec1
fe61
fecd
0011
0026
fed8
fe35
feb1
00aa
00e6
00b6
fe10
fdc0
fe4d
fdc6
fd74
fed7
ff4d
ff52
016c
ff99
00ed
01bb
023b
01ad
001e
feba
ff2d
fe70
ff81
fdf5
fe25
00c8
00d5
009b
00e4
01b7
008a
fec1
fe90
fb61
fd78
fc69
fda4
0074
ff1b
0051
00f8
00f0
ff87
fe8e
fe9c
fe12
fda3
fdbb
fd76
ff4e
fe71
005f
0296
00ca
fee9
feab
fd62
fe2b
ff0f
fee4
fec1
0004
ffa6
0274
01b9
00b4
0045
00c5
012a
ffff
0210
0180
0008
00b4
0070
01e1
0108
0141
0023
0168
01fb
0159
02cf
0084
00f5
00f0
ff3c
fff9
0062
00e0
01d5
02db
0138
012a
021b
002e
0009
ff8d
ff5a
fe12
fe79
001f
ffec
008a
0114
0110
ff7b
ff67
fe73
ff2f
fe45
fef9
ff4e
ffd4
fda6
fe7f
fe5a
feb5
ff3c
ff32
ff0f
fe33
0102
0110
00f6
0133
ff23
ff68
fec2
ff39
ffd2
ffdf
ff7b
ff27
ff7a
0188
01da
0084
ffd2
ff58
ff88
0096
ff0b
fffc
0056
0066
ff53
0039
ff63
ff69
ffac
0009
fe82
0065
00cf
0003
ff93
0069
006c
01d5
0127
014f
ff3c
015c
ff97
ff08
ff22
fe11
fe9f
ff61
013d
01be
001e
ffc0
011a
00e2
01f9
fe73
fef8
feea
ffc1
fde0
01da
0095
02bc
0293
01ef
01dc
0200
02d3
00b8
0046
0110
005c
018e
010f
0177
00c2
0186
fea6
0075
0267
fe6a
feb9
0183
004b
0119
0124
0102
00d2
ffba
fffc
011d
006a
ff40
0159
ff56
fff5
01ca
0215
0144
00c3
fff6
ff78
0054
004b
ffda
003d
00dd
0196
01e2
010d
013c
0134
00d5
0043
0036
0105
017c
0236
00b5
02f6
ffc4
01cf
0076
ffe8
fe58
fe3b
fe6c
ffb3
017f
017f
013a
0254
ff11
fedf
fe70
fe4c
fdad
fe78
fdc2
fe67
ffdb
0165
fffd
00bb
00b4
ffe6
fcaf
fde7
fe09
fd2e
fd61
fe55
fe45
ff9b
fecf
fdc1
00b7
0111
ffa6
ffa8
fe16
fdd3
fe28
ffe2
fee1
ffb1
fee3
fe20
ff53
000f
fe50
fe2a
ffc0
ff80
0029
ffc1
0102
ff05
0070
ff9d
fe3f
00d1
fe96
0138
fde4
0036
00bf
011d
03b0
ff83
fdf7
fdc9
009d
fe0b
fe68
0002
ff00
fe49
00ca
012b
0288
0001
ff21
0035
ff85
fdd1
fc77
fe6b
ff55
fd37
ff41
0231
03ce
00e5
fd66
ff5f
ffa5
fd0f
fb60
fd41
fd67
fc64
fd76
ff03
0101
fd63
ff24
fd86
fe25
fcd5
fba9
fad6
fbf5
fd4d
fcee
fddd
fe20
fed2
ffb1
ffc6
0001
fdf6
fd2f
fbee
fe46
0011
fef3
009e
006e
0217
0163
01cb
00ec
fe7a
ff4d
0197
0200
02b4
0141
018c
0416
03fc
0310
0007
feda
003e
005e
0315
03ba
0336
0124
024f
021e
01fc
01c3
007d
ff5f
009d
0133
03c4
028e
0144
00fb
01ce
011a
02de
0028
0042
fedb
ffb7
ff50
01a3
01db
0010
012a
02bd
0213
0323
00df
ff7f
00a0
fe83
0030
0172
0137
01d4
020d
0318
02ce
0119
ff41
fda5
0068
011b
0237
00bf
0247
01f8
0156
01ba
007e
01cf
fffa
fff3
fff4
ffca
ff71
ff7e
00a4
ffde
ff4b
ff90
ffc6
0024
ff63
00b5
ff2a
ff8f
ff57
00ac
ff4e
00c8
007a
ff7a
ff18
00db
ff86
ffd7
00a5
006d
ffa2
0070
ffa1
00ad
ff3e
004a
ff3d
ff49
0012
0027
0042
ff9b
001d
feeb
0098
fff7
ff39
0014
0060
ffda
000d
ff21
00a5
fec8
0080
ff98
000c
fec6
ff33
fff4
ff14
007f
0042
ffb2
0096
0096
ff10
005c
ff3d
00b0
ffbc
ffa1
00b3
fecc
ffd0
ffe2
0086
ff89
0036
0029
ff1a
ff8b
0023
ffcb
ffdb
0042
005e
ff61
fec8
ff2e
ffe7
006f
0004
00b4
00c7
ff27
000f
00c9
ff40
fed0
0058
ff3d
ffc5
ff2e
0013
00b3
007d
ff44
008c
fed9
0057
003f
ff22
003f
ff58
00c0
ff91
fec4
ffbc
fffa
005e
fee1
ff00
ff2d
ff92
ffd7
ff8d
ffa0
ff71
ff26
009f
ff71
ff7f
ffd3
fed4
006b
0072
ff33
ffd8
0053
ff65
00a3
006c
ff07
002a
0060
ffac
ff9a
fef5
fe8b
fe2c
ffeb
00ca
ff51
0031
0265
0285
016c
00ff
0093
ff33
0000
fe81
ff50
0074
fecc
fe48
fed8
0157
00d7
01ea
033c
ff64
feed
fe64
ffa4
00c3
006e
ff9c
fc41
fdb2
02c1
0220
0091
fe55
fc81
ff28
ff95
00d5
011d
0027
fe0e
feac
ff29
007a
020c
ff49
ff52
ff40
0125
ffd4
01ae
009c
010d
0074
feea
0172
02cb
feff
015d
006a
01b2
015b
00c3
01d1
0112
ffe6
ff0d
001a
024e
00ca
000d
0041
00df
0097
0073
0302
00bb
0068
fe95
fe16
ffbb
00d9
012f
ffd9
ff8b
fd59
ff60
0075
ffaa
fdb1
fcf0
fc95
ff44
0066
ffc7
004c
febf
fdeb
fe2b
fdef
feac
fd96
fcd2
fc81
fd93
ffc8
ffe2
ffc0
fd37
fcbb
fd0c
fd05
fae7
fdb6
fc03
fc71
fb81
ffa9
fee2
ff8c
0124
fe49
fbd2
fc04
fdf3
fce8
fd25
fcb4
fcf6
fe3d
fd88
ff30
fe3a
ffdc
fce8
fdfb
ff27
fee8
ffd8
fc53
ff4d
ffb0
ff71
002d
00d6
0002
ffba
ffc7
006b
00e3
0075
ff0e
00a9
0038
009e
00b2
000a
00ee
008a
ff74
00c9
0002
0058
0088
ff0d
ff1c
00ca
00bc
ffc3
00b6
00a2
0034
0057
ffe5
ff3d
ff49
ffc8
001e
fef5
0027
0095
ff7b
00f5
ff16
ff07
ffab
00ba
ffc2
ffdf
ff42
ff48
0074
ff71
00c9
00d7
ff32
ff3c
ff21
0069
00dd
fef5
00b0
ff46
001b
ff56
ff3c
ff86
00d4
0042
ffbb
ffa0
00c3
001b
0070
ffda
0056
0068
ff8e
ff55
ff6d
fed9
001b
ff39
0011
0017
ffd5
003a
00d3
ffe4
00df
ff86
ff22
0089
007e
ff2f
0080
ff86
ffa2
ffcd
00a5
00cc
0021
fff0
0029
00f9
004f
008a
00bf
ff5e
009f
0011
009b
0094
002c
005e
ffc6
0048
ff35
00a6
0058
0080
006f
0015
00e2
ff23
ff21
00e0
ff77
ff36
0090
005b
ffc9
008e
002e
ff0c
0079
005b
ff63
0096
00d0
fff2
0073
006e
fffc
00f9
ff08
00c5
ffd4
ffec
ffcc
ff29
008e
00cd
ff68
ffa4
ff0e
00de
ff82
00d7
0088
0024
00dd
ffae
00c8
ff7e
0029
00e0
0036
ffe8
00ee
0055
0006
00aa
0067
0056
ff62
ffb7
0061
0085
ff41
ffba
ff82
ff96
0044
00ce
ff68
0073
009a
00ae
ff1d
ff15
00b8
0066
ffba
ff69
ff3e
ffaa
ff60
ffa7
ffbb
ff6f
0036
ffbe
ff69
004f
ffef
003e
ff6c
ffad
ffdf
ffa6
ff91
00eb
008e
ffb1
ff8e
ff8f
ff35
ffe3
00d1
ff2c
00ca
0093
00e0
ff48
fffb
ff26
fff5
0030
0025
ff31
00ac
ffba
ffd4
00e0
0058
0096
0071
002f
ff07
00c6
0086
fffb
ffa7
002a
008e
ffb3
ff6f
ff44
ff9d
00c5
00c1
ff29
ff4f
00f2
009b
0031
00cb
0051
00eb
ff70
005c
ff59
00d6
0059
ffac
ffbe
008a
0074
ff20
ffcd
ff91
000f
ffe3
ff3c
ffe1
ff46
0078
00e0
00b1
ffbb
ff20
ffd6
ff88
ff64
ff4c
ff54
ffab
0030
00e8
00fa
027f
00f3
ffb8
ffc6
ff8d
0042
ff5d
ffa2
ffc1
0013
ff3f
01a1
01c8
ff65
fffd
ff82
ff42
fe3a
006f
0079
0050
ffc7
002c
02a5
01a9
fe1b
fe1b
fe1f
fd94
fd24
ff09
011b
01d7
004b
fe10
0037
0117
ffbd
ffb3
008f
ff61
fea8
0111
0156
01ff
ffff
003a
fff7
0076
01bc
0327
018f
ffda
ffb4
000e
ff6f
ffa6
fe10
ff84
ffd4
01b8
0186
00f1
0039
0052
00dd
fe8a
ff22
ffe1
fc66
ff25
ff80
0189
014b
0072
fcfe
fc51
fda0
fd5d
fb92
f9b3
fb2a
01a1
009c
00f9
017d
006f
fe82
fc76
fce6
fa46
fb8b
fa65
fbd2
ff60
0168
003c
017d
ffe7
fed2
ff8b
ff2c
fd1d
fda3
fdda
fd65
fff2
0069
000e
ffb5
0058
00fc
016e
011a
00fb
0050
010b
fe4e
ffa1
ff47
0008
fff9
009c
0052
00c7
01be
00b1
0077
fff7
004c
0020
ff8c
ff04
00ba
ffcb
fdd6
feac
0195
0174
ff4c
fe63
fe47
ffe0
0115
0143
0169
00d8
004a
fe8e
ff5a
ff9d
0028
fddf
0127
fd6f
020b
01aa
0313
0262
02df
016a
007f
fea9
0133
ffd5
021f
0008
0132
0040
009e
0288
037f
01e1
ff98
00cf
0137
01b4
011e
003a
fea7
fedf
ffbc
012b
01ae
0198
00fc
00d3
0204
0395
0217
002d
01b0
016f
00d5
0248
0160
0322
035d
0187
0232
029b
0239
fe91
004c
0216
02bb
057b
02bb
03fb
02d4
02c0
0204
01ec
ff58
fe89
020b
02e4
03e7
0301
0350
0455
030f
02cf
0085
0229
fef5
ffbf
ff51
059d
0392
022e
ffe0
036e
0162
013d
ff24
0068
fffb
fd40
ff86
0357
ff75
01d9
00ee
fdf3
fe49
0065
fe14
fc08
feb5
ffce
ff7e
004e
0153
004e
0070
fcf5
fe4a
fef8
fc0c
fbed
fe6d
01a5
fffa
0092
feaa
ff33
ffa0
fc93
fea0
ff0a
fb1c
fc79
fbad
0004
ff6b
fccd
009e
ff5d
fec0
fcfe
fddc
fddd
fd21
fe2b
fbb3
ffd4
ff06
fff3
ff50
fee5
ffc9
fffd
000e
fff6
ff9a
008e
ffa8
00a8
fffa
0076
0053
ffec
feab
ff4f
ffa5
003e
ff2b
ffd8
ff12
ff4c
fee7
ffbd
0069
fef3
0014
0072
feb2
0047
0097
ff61
ffaa
0011
ff9d
0031
0023
ffb6
002c
fef1
ff93
ff42
ffd1
0058
fed2
ff3b
ff51
ff21
009e
000e
0095
ff38
0028
ff61
ff32
ff2d
ffca
00a5
0047
009d
ff3e
ff8f
fefe
ff05
00b3
ff47
00a3
ffef
ff3a
ff9d
0051
0006
0021
004e
003c
00b4
ff82
ff81
fff0
003b
ffc7
004e
005a
008c
00a7
ff65
fef7
008c
004d
ffa2
002c
0024
ff0c
ffc8
ff5b
ff0d
ff55
ff09
fec6
ff0c
0013
008b
0089
ffa5
fec5
ff59
0084
ff37
fef7
fec4
fee4
0049
ffca
fff2
0065
ffd1
0005
ff34
ffc3
ff5b
0052
ffc8
ff8d
fece
0026
fff0
ffd3
ffba
0091
ff0b
0034
ff6e
ff51
ff63
fece
0074
ff11
ff28
007b
fffa
ff24
ff39
ffbd
01a9
0239
0389
0185
01b6
0155
01c4
011d
fe8d
ffe2
fe51
fffe
00f3
fed0
ffab
ff81
fee5
0089
00de
0118
00f8
ff12
fff2
febc
fea8
ff29
fee4
ff67
fe83
feaa
feef
00a3
005c
ff18
fdce
fd8d
fd5f
fe4b
ff33
ff51
fef4
0077
000c
019f
fff1
ffbf
fd66
fe07
fdc7
fd70
feb8
ff7c
ff75
0123
0183
ff91
ff68
01e3
fea4
0048
fee3
ff7e
fff5
00b3
017a
028e
022c
00f8
01f5
0226
ffbe
02f4
ffc0
fe98
006a
ff5f
011b
0206
0130
01b6
02e2
0134
0201
0257
001a
fefd
ffd9
ff3b
0134
0111
ffe3
0119
0269
ffdb
008d
002d
0030
fe3a
fe4c
fe6a
ff3b
fe64
fdce
00cc
0187
fff4
ffcb
00f9
ff60
fe1c
fda1
fe9e
fd95
fcc8
fd9e
fe68
0006
feee
00f7
00cc
00ca
ff46
fe90
013e
ff01
fe0f
fe61
fec6
0146
fead
04bb
ff78
fd81
0131
fff0
fe57
fbeb
fe91
fe39
feda
fe90
ffbf
ff3f
ff88
0063
ff1a
fe10
0073
024c
01d3
023a
001c
0311
fde4
ff20
0086
01c7
0312
0320
0235
0087
00e3
ffd3
fe13
01d6
0061
fee3
00cf
01da
0221
00b3
fea6
fcb1
fd5d
fe4b
fce8
ffb2
ffcd
ffbb
013e
01e4
0040
0127
fea1
ff56
fdf5
fe40
017e
020d
0007
00f3
ff42
ff9d
0035
0013
ffd9
fdd2
fc6e
fce3
0176
01b3
0303
0039
0036
004d
01d7
01e0
0249
0143
00ec
ff22
ff3c
0174
022f
00ec
02d6
03f2
03b3
0306
0397
0210
0192
01cd
00cb
fec6
0335
0097
020b
03f7
01d7
032f
0263
0131
01fe
00e1
007a
001a
0231
fea8
00ac
0126
0027
00f4
00a5
01a6
00c9
0024
fe86
fe85
0085
ff11
ff37
fe8e
fcc2
003f
ffee
ff03
ffb1
feab
fdbf
fcf3
ffb4
0007
fea4
fd46
fd52
fcc4
fab4
fda8
fd4b
fdce
fdc1
fcdf
fdd2
ff38
ffa3
0002
0064
00d7
ff79
0077
ff52
ff30
ffdb
ff30
ff6c
fe33
01c7
ffb2
009c
fee2
ffed
fefc
ff5e
0100
0072
ff3b
fd04
00c3
011f
fed6
0001
fd9f
fe4b
fe29
fdba
fd62
fea2
fd58
fb6a
fdaf
fdfd
fe2c
fc7a
fc8f
fc8f
fb99
fb13
fb3c
fa68
fc31
fcd3
fd0e
fd01
ff32
fcce
fc75
fb17
f924
f968
f8a4
fa10
fbc0
fcfe
ff3a
0064
fce4
fb3f
fbf0
f97c
f945
fa51
f8ee
f949
fb75
fb8f
006a
fcdf
fccf
fc3f
fc15
fc46
faa2
fb89
fa4a
fa3f
fca2
fd5c
005b
ff3f
fd06
fd81
faeb
fb43
fc5c
fb56
fb33
fcb2
fe45
fd5c
0037
fdfb
fe90
fcc7
fd2c
fc01
fc64
fc8f
fd52
fcd5
ff7b
fd50
0139
fdc8
fc92
febb
fc65
fce5
fca7
fdfe
fd3a
fd29
fcd1
fd3a
ffac
fbed
fc30
fd92
fb15
fd76
ffdc
fe13
fe2c
fe0f
fe85
fe4a
fda1
ffd2
ffba
ff3c
0004
017d
0084
fee7
ffa2
ff3d
ff2a
0007
fe71
ff4e
ff77
0004
ff96
00b1
ff2d
ff5a
0108
0088
0158
013e
003f
fde1
fd46
fe2d
ffe8
ff4d
fdc1
fe99
ffb2
ffb4
0079
0027
01c6
0118
0007
ff00
00da
00ba
0183
0211
00d1
008d
00a8
0139
025e
00cd
00ff
0024
01b6
01a3
01af
ffb9
011c
01da
0124
01e2
fefe
00aa
0123
feb5
017f
000b
ff41
0007
ffe4
00c5
fff2
ffc2
ff99
0248
003d
00d5
feed
ffef
007b
0163
00c5
00c7
ff52
ff36
ff5a
ff19
0085
0268
0041
00fe
01e5
017c
0169
0075
ffc7
fef9
ff9b
01c1
020a
0258
00f5
0171
01ff
0109
0086
0058
ffd7
fe79
ffc6
fed2
01dc
01a7
ff81
0129
021f
0062
0093
01f1
01ef
ffdc
ffcf
feeb
ff95
024a
018d
0166
0198
016c
ff97
003d
0104
0102
feda
003e
016e
0249
ffc8
fff0
0049
0126
fffd
00ae
003d
0016
ffab
ff22
0149
011b
ff09
ff7f
01a4
fe07
0092
00e2
003d
00e4
0037
022b
0248
010d
004a
ffed
feab
0009
ff9d
ff9c
002b
0175
006a
0160
ff30
0037
0039
01f9
039b
02f1
02f7
011e
01d4
0063
01d2
0082
fdbf
ff6d
0006
01fc
022a
0258
037b
032e
01e9
01d7
026a
ff98
fce0
ffc0
010b
00f8
0171
00e6
01d4
01e9
001d
fef5
0016
fe74
fec4
00cd
00e4
003e
ffd7
00c1
005b
006f
00ce
ffb6
00ef
0088
0092
0142
fed8
0006
ff95
fffd
013d
00c2
005c
ff5a
ff46
0052
ffb3
0007
fed3
00e2
0214
0014
0087
ff9f
fed5
fdd0
ff81
ff2c
fe62
fcaa
fdc7
fe94
ff9c
ff0f
fed0
ffd8
0007
ffb7
fee9
ff79
fce0
fccb
fe7a
fefe
fee8
fea1
fe51
ffc4
ff01
ff35
ff5f
00a4
ff9e
0172
feff
fe87
ff00
fe94
fe04
fe4c
fe25
ffec
fe96
0162
009f
0277
0050
feb9
fe69
ff83
004e
ff55
fdf8
ff83
032a
fe9d
fdd5
ffaa
fd7e
fd7a
fd3d
fed0
fe4c
ff6d
fd80
ff37
ff12
ffd5
ff8e
ffa3
ff7c
fe9a
fe83
fecf
fd0d
0054
fee1
fd84
fe6c
0008
008b
016d
0200
01a2
0213
01f7
016f
01c2
00c9
fffb
01ad
011c
005c
0106
00c7
ff8b
010a
00e2
01a0
007c
fffc
00a0
018b
004f
ffc4
0061
00dc
0015
0094
0084
ff0c
ff85
002a
01e9
0108
008f
013c
ff95
ffc8
ff5c
fe9e
fef9
fec3
fe4d
ff97
ffcb
ff3d
0232
ff77
ff0e
00ef
fe5e
ff08
ff91
ff7e
ff91
fe7c
ffdf
ffa8
0120
ffa3
0054
fe10
fca2
fd33
fdcf
fead
ffff
ff9d
ff3b
ff07
00a1
fda3
fd89
fd4d
fd12
fd64
fdb6
ff29
ffd3
ff0f
feed
fe48
016f
ff86
feb4
fe3a
feac
fe94
fef9
0015
ff30
fef5
fe94
fcfb
00d3
ff00
fea0
fe06
fe22
fe52
ff43
fdcb
fecc
fdfd
fe4c
0013
0336
016c
ff67
fde4
fe74
fed9
000c
ff8e
ff28
fe08
fe77
00d3
015f
013b
ffac
fe41
ff12
0091
ff3d
0004
ff9c
fe36
fea5
fe1b
fe12
ff18
0067
fe9d
00cf
fff2
fd4f
ff9c
00bf
014c
ff58
00db
0060
00c1
0020
ff76
ff5d
fe50
ff46
014f
0275
00ed
fff7
ff87
fedd
0161
004d
0004
ffeb
ffb6
0117
01f8
020a
00e5
ff4f
ffc1
fec7
ffe3
0160
00e8
0096
01fe
0131
014d
0176
01e5
00c3
0028
fe66
ff42
002b
028d
019c
00c4
0151
016e
0241
011a
00b5
0073
fe6e
00bf
023f
0263
0141
0100
0098
0016
00bb
0179
0162
010a
fde0
001f
0125
0022
012f
0104
0140
0090
0164
030c
00dc
017f
fe7a
0069
00ee
009b
00d3
00a3
00db
0049
0103
0112
017f
0133
fefc
00b3
008b
0113
00cc
0173
0121
01a1
01ac
013c
02bb
00ad
fddc
ff78
016b
020b
017d
0172
01bf
0249
02a6
030a
0183
004a
ff3f
fe9c
ff57
0237
025e
021d
0159
0072
01e3
0206
0182
01a4
fe5d
fef4
ff6d
ff2b
ff8a
fef6
ff9e
0154
01d7
01cd
00c9
0011
ff42
ff19
008d
ff5e
008f
ff13
ff6d
00b4
0129
00d8
00b3
0028
fece
fc9d
fdde
fdb0
fc98
ffe8
01ea
02d0
00ba
00b8
ff1e
fd8f
fcdb
fef9
ffda
ff5c
fda3
0004
ff41
00b3
0139
ffe0
fe65
ff14
fe62
00e3
01f8
0254
0340
0359
0377
03e4
029b
03ef
0073
01a3
006f
00f1
032a
04f2
0514
04be
0655
04e0
0240
0343
0073
0214
000b
01da
023d
0350
037a
0482
0414
0360
0214
02ba
0255
0117
012e
0369
0317
0380
02e4
034a
02fd
0365
03d0
02d9
00dc
ff36
01b7
0333
0311
0206
035e
030f
014d
0207
019f
0151
0045
fe7b
00ce
0223
02d4
012b
00f4
001d
0153
00a8
0102
0291
ff5c
ff63
00b9
00c3
02a0
01ab
00f0
0102
0183
013b
0224
01b9
fe4b
fd58
00ab
01d2
01d5
0188
0270
0216
0023
00bf
00d2
01fe
fe5b
fe92
019f
ff0a
ff7e
ff74
0089
0061
ff36
ffee
00cf
00ee
fe89
fe31
0099
ff12
febf
0059
fffe
ff49
ffcd
00cb
011c
0120
00a7
00f6
01af
01c0
fe93
fc68
fee2
fefd
002b
00df
0096
fed1
ff65
ff97
011f
ff99
fc57
fcaf
fd44
fd63
fd26
fc79
fd49
fd93
fdc6
011a
ffb0
fcac
fb3c
fcb7
fd5b
fd34
fc56
fc2b
fcf7
fdf5
fe90
00d0
ff89
fc9d
fe58
ff31
ff58
ff47
fce9
fc3f
fc3d
fce0
fdeb
fe0a
ffdd
fe2a
ff30
00ed
ffd0
fe8b
fdf7
fee4
fd46
fde2
fec8
ff8a
ffb8
fdbd
ff7d
fe6e
fe9c
fd76
fca6
fde0
fdff
fe22
fff1
015f
ff4d
fdfc
fda7
fd9f
fe27
fdcf
fe1b
feb9
fe1d
fef4
ff6e
ffac
01dc
fdb9
fd2f
fd47
fe3f
ff25
ff13
febc
ffc6
fe30
ffff
ff14
0055
fe47
fd7c
ffa5
fec6
fe64
fed1
ffb4
fe1c
ff54
ff00
00a1
00f9
ff27
ff42
ff31
ff36
ff09
fe3d
feb3
fed5
ff6d
00ed
011c
00be
ff8b
ff47
ff9e
fe91
fd5d
fda1
ff34
ff01
fed9
febb
024f
02b0
00fa
ff2b
00fb
ff7f
ffa3
fff6
0138
0070
01bc
0260
005b
ff0b
ffcc
fffd
ff48
000d
00ae
fef0
0033
ff11
ff23
ffd1
ff73
0000
ff30
ffd6
ffdc
ff9a
0044
fee6
0060
ff89
005e
ffba
fef9
ffec
0002
fed6
0074
fedb
00f8
00ac
ff2d
fffe
ff92
008e
ffdf
0006
ff9b
fff8
009c
0001
ff94
fed1
ff24
ff5d
ff94
fec6
ff0c
ffb6
006c
ffdf
ffea
fff3
ffd0
ff96
ff37
002e
005f
0001
ff4a
008e
fffe
ffd7
fff0
ff02
ff0a
ffbc
006c
fef7
fff4
ffb6
007d
ff96
0046
0081
00ad
007e
0066
0023
ff3b
fff1
ffa9
0000
005e
ff76
fef2
000d
fedc
ff06
ff9f
ff84
ffe3
001d
00ab
0002
00a2
0084
ffdd
0042
0040
0029
0087
ff2a
ffc6
ff84
ffd3
ffae
ff5f
ff15
ffe7
ff01
0089
008a
0067
ffda
ff74
006e
ff3d
00a4
001f
001f
ffc8
ffa3
0003
feeb
0077
0039
005d
ff52
ffef
ff9e
ff40
fed1
ff40
ff7b
fed2
ff68
0048
ff27
004e
fff6
ff56
0081
ffc8
002a
01c0
0381
013c
0383
0278
02d8
01f9
020f
00fa
0282
0208
00d1
0073
ff3b
fda1
fe30
fe03
fff4
ff00
ffa1
ff1b
00b3
014d
0020
fdd8
fe99
fc89
fd00
fd44
fea1
0014
0106
ff9f
ff38
ff85
0163
0031
febf
fd80
fec1
fefc
feb8
00ed
ff92
0050
ffef
0046
002b
fed7
ff30
00a0
0059
ff19
fdb6
ff3c
ff5b
0045
0016
007e
001c
ffdb
ffe9
ff17
fe8c
ff38
fd01
fe39
fe80
fe07
00f5
0015
00e8
fff0
fe56
fdff
fe90
fe2e
ff13
fdc7
feec
ff99
0046
00b6
0083
ff69
fd9b
fccb
fdd6
fd7f
fd79
fe20
feb7
feaf
ffe3
0183
0242
0046
fe8c
fd18
feec
ff2c
fd0c
fdaf
fdef
fd89
004a
009e
ff74
0113
fff4
0106
000a
ff9e
ff10
fff5
fef0
fe51
ff62
0048
ffaa
00b0
fe75
ff83
ff91
ff8d
ff45
0098
fed7
fdc0
fd61
ff4e
0037
032a
0010
00f1
00ff
00b4
0057
ffb5
00b7
ff4c
fe49
0096
ffb4
ffa7
ff9d
ff73
ff1c
ff42
ff12
0056
ffc7
ff39
ffd0
fec3
ffff
00d2
ff9a
ff3f
003d
ffdd
004f
00cd
ffb3
00f5
ff0a
fff5
ffe7
002c
ff8b
00a7
ffa3
ff32
ff2f
00f9
0007
004c
ffb0
00da
ffd9
ff03
00b8
ff1d
ffe0
fff3
ff5c
ff9a
0019
fff6
ff93
fef5
ffea
ff9c
0066
ffa1
ffb6
ffd6
00a6
0040
ff83
00eb
0011
0018
ffaa
000b
fffe
0027
ff5f
00d0
ff0b
0037
0072
ff60
ff32
ff60
ffeb
0065
0018
0071
00aa
fffc
ff2b
ff0d
0011
0032
005a
002e
ff71
009a
0050
ffec
0030
009a
ff6d
ffae
0020
ff25
001b
00a2
ff16
ffe1
fff3
ff11
ff68
00cc
ffc4
ff77
005b
ff2f
007a
fff7
009c
ffb1
ff13
0077
00aa
005c
00ab
ff15
000c
ff09
00d0
00a4
ff49
ffe6
00cb
002d
000b
ff34
ffef
000f
002f
0081
ffb3
008d
ff4a
0093
00b8
ff1a
ff67
ff6c
005e
ff2f
00f8
00a2
ffde
ff75
ff10
00f3
ffd4
ffdd
007a
ff7d
ffd3
ffc2
00e9
0026
fffe
ffce
ffe4
00ba
ff20
ff2d
ff17
002f
00ad
008a
00f0
ff15
ff5e
ff95
ff86
0073
ff62
fffa
ff63
0091
ffb2
00b0
000c
00b6
ff9e
00d0
00da
00f8
ff2f
ffa7
ff41
ff2f
00bf
ff46
ffb9
0078
0072
fff5
00f4
ff19
ff9c
fff2
ff8b
ff2d
fff3
ff4e
ff9d
ff6f
00c1
001c
ffe7
0013
000e
ff93
0072
fff4
005e
002e
ffcf
0014
ff2b
0004
ff85
0014
ff46
007d
0031
00ae
ff5e
00d7
0080
0096
ffb9
fff6
00af
00f8
0077
0058
0015
ff79
0039
0024
ff25
ffeb
0039
00f6
ff72
004b
0092
0084
ffcf
ff41
00db
008f
000a
ffd3
fff1
0093
000b
0097
fff7
ff86
000d
ff7b
0047
ff19
005c
000d
00c2
ff53
ff4a
00ea
0070
ff38
00e4
ff6c
0060
009a
ffae
ff19
0062
ffbd
0074
00c5
001f
007c
ffd8
0068
ffce
fff3
ff66
ff42
000a
ffb4
0035
01c7
01cc
01aa
00f6
00c2
014c
00fe
0241
00d4
ff87
0111
00cb
030a
023c
0210
0103
0087
008b
ff8b
013d
00fa
00e4
00b9
008d
018a
0278
011c
0147
012a
0007
0058
ffa8
ffb0
0141
005d
01fa
02aa
02c2
0219
0273
027c
01ca
00ee
ff98
00de
001d
ff41
0085
ff55
00ac
0270
0227
0115
00df
015f
00de
ff37
ff87
fd91
ffc7
00a3
0009
01b0
017e
014d
0110
005e
ffe7
ff72
ff7c
ff87
fea0
0058
0090
007a
ff8b
0156
0190
015b
00f7
fffe
004e
0109
fdfb
ff80
00fb
ff53
ffe5
00a5
00ec
0111
005b
01ef
0055
00ab
ff6d
ffab
feb9
fe01
ff75
ff61
0043
ff53
ff06
0028
015a
ff9f
0135
006a
00c9
00db
004c
008e
ff87
feaa
fe4c
fea5
fe15
fda8
00a5
01a9
01ed
01bb
0186
01c5
007e
ff66
0057
002c
fe72
fd28
fdde
fefb
fff3
0007
00de
01ef
fe8f
fe4f
fdfd
fc86
fc4a
0139
0044
ff6b
ff62
00ae
01b1
022b
00b0
0036
ff5d
0074
ff14
0015
ffd7
fff6
026d
0122
0198
02df
0377
032c
041b
047b
045f
0168
fec1
fdd9
00e5
fe09
0079
011f
02f1
0394
026c
030c
037b
015f
00d6
fe83
fdd2
fe10
003a
0083
00a2
004a
027b
02bb
0290
03ca
01a4
fee2
ffa7
0064
0215
0318
01dd
ffae
0134
0363
036b
03bf
004b
ffc0
00db
02a3
03d9
03be
021c
02b8
03b0
03b3
0329
022a
021a
ff45
02f1
01d6
02a5
01b9
0203
0335
0337
043e
0421
011b
ff00
00f4
0227
ffc9
03b5
0318
0249
01c4
03a1
03af
02f4
0138
ff4f
003f
0215
0013
0197
035f
02eb
0228
0381
02d6
0265
0221
fe5d
0046
00aa
ff80
001a
0108
00f4
0122
01ce
01e4
0024
019f
0053
0017
02b1
014f
014a
0096
0179
0002
006f
015d
0025
00e6
01a1
032c
01e7
0058
017d
0082
ff2a
ffbb
0006
009a
ff36
ffbd
fffc
fef3
0063
ff70
ff9f
0063
0046
0037
ff97
0038
fef9
ffb1
ff21
ff75
0063
fed8
002d
ff63
fefc
ff42
0014
feff
ff3f
ff6e
fed6
ffa8
ff78
ff41
ffb4
fefe
ffae
ffaf
0077
ffd3
002a
ff1d
feef
fed7
ff8e
004d
005b
005e
fffa
ff08
ffe9
ff5c
ff47
0007
ffbe
002c
ffa4
fee8
ff49
004b
ffb7
fee2
ff9e
ff37
ff83
ff84
0019
004b
fee9
fffd
ff71
fffe
ffe0
ff47
ff18
fef9
fffc
ff03
febb
ff83
ffc9
0069
0019
ff56
ff49
00a0
fed5
ff0e
0026
ff5e
0053
008a
feea
ff72
008c
ff1c
ff9a
ff00
ff3f
ff83
0006
005b
ffe2
0020
fedc
ff36
fed5
0056
00e2
ff63
ffaa
ff75
fee9
00a9
0075
fede
ff10
ff2e
ffac
ff7b
ffea
fefb
fef2
0117
0091
0110
ff58
fee5
ff37
0061
00a0
ff3b
ff72
fed3
ffb7
005e
ff8a
0119
004b
0064
ff79
ffa8
ff5d
ff1f
ff83
008d
0047
fee6
ff0b
00c9
ffb2
00cf
0084
0046
007c
013d
01b0
01dd
0156
00b2
01a3
fe05
fe4d
ff4c
00b7
ff92
fe96
fe70
0022
ff71
ffad
002e
01fd
feac
feb8
0026
0005
ff21
0084
ffa9
0079
0024
00c3
019a
013f
fedb
fdf3
fb97
fcc4
ff0b
0033
01c9
0201
0232
0165
0209
019d
ff91
ffe2
fdd4
fd06
feab
00f4
01cb
0263
0213
0128
00d9
0021
0022
ffb0
004a
0026
0063
002f
01b5
0241
0190
00a6
007b
00bc
00bf
ffab
0202
005b
ff98
0137
02f8
0255
0104
0307
012e
00a7
0196
00e5
0069
00ab
fe82
ffef
0204
00db
02c9
01f6
0170
0070
ffa6
00aa
013d
004f
ffe8
0094
000e
01f0
0112
00e5
019c
02aa
009f
02cf
01cd
ff88
0114
019a
00e1
0186
00c1
014f
0269
0053
005e
025c
026a
0126
03ab
0361
0250
011d
fef5
0037
0137
003a
0110
03fa
043c
015f
032a
0352
0233
00c0
ffc2
0069
0255
00fb
018c
ff3a
ff8f
0134
00da
0127
ffca
0162
00a5
ff34
fe5b
ffc6
fee0
ff27
ffc2
0142
01a2
fffc
0121
00a1
00b7
fefa
007f
019a
02d0
0107
0169
ff62
fe70
ff49
fec6
001a
00f2
ff11
ff65
ff51
009a
015b
0171
023c
01eb
017f
023b
0326
041b
010b
0206
00bd
fe3e
01ba
03fd
0292
02c2
03b9
0317
0441
02ed
01cf
01d9
ff85
fcc5
0067
0223
01ca
03d4
0293
02f6
0292
0390
0229
ffe9
fe90
00eb
0069
0180
01ba
02bf
0300
024b
0384
0252
037e
00cb
016b
03e1
00ab
0181
0120
0122
0310
029e
0288
0272
036e
0105
01f5
0331
0125
00b0
0065
00d4
0224
01ef
01b9
0264
01b5
007f
01dd
04db
0072
022b
00f5
0313
00cf
00d7
0236
0059
019a
fec8
0070
0136
ff87
0053
ffd5
019d
01b0
0134
0102
005b
004a
fee7
ffd4
feee
fe7d
fe4c
ff7f
fe33
ffb6
0183
003a
ffbf
fe3e
fea0
00c2
ff7c
024c
ffa9
00f1
fec0
00a2
ffbd
ffaa
0027
ff62
00d8
ff44
fd4c
ffa9
ffff
0035
0029
ffeb
0061
fedd
ff64
ffe9
ff23
0003
fe3f
ffdf
0006
fffd
ff79
0089
ff3e
0015
000a
016c
01e3
002c
feca
fec8
ffb1
ff7b
ff92
fff0
0052
ff95
0060
0073
0122
0098
ff67
ff2d
ff55
004e
ff48
ffac
feed
ffa1
0042
0044
0099
000d
fef8
ffa3
ffa0
ffde
ffc1
febb
fef9
fee7
0036
01d8
0034
ff35
ff9f
0176
0017
006e
0075
fee7
005a
ff2e
ffc8
00d9
0001
ff84
fe4f
ff88
fff9
00c6
0008
ffea
003b
ffd0
0147
000b
00ac
fe5b
0058
ffa2
ff4e
0001
00bf
ffef
fff3
003a
0166
0147
feef
0095
00c3
00bd
ffe4
fed7
fe7c
ff80
fe80
ff4b
ff82
0020
ffa4
ff41
fff3
ffdc
0039
0027
0000
0004
006e
ff1f
fe7c
0016
ffb6
ff5e
ff4b
ffda
ffe2
feca
006c
00b8
01b4
014e
0048
ff83
0043
ffa4
ffd8
ff4c
00fb
ffc7
ffda
feb9
ff17
fe8a
ff0d
0062
0069
ffd8
001c
ffe9
ff06
002c
00a4
ff5e
0095
ff14
fe16
fe97
ff45
fe9a
ffa5
00ba
ff7e
fece
ffd2
0077
0039
febb
ffc8
ff2d
ffd9
0030
fec3
0041
ff25
fec9
00ec
fed9
fea9
ff4f
fe82
ff44
006d
ffa6
ffb0
fefe
ffe3
ff41
fff5
fe86
ffb4
00fe
0078
ffca
000e
ff67
ff8d
fefa
ff53
fdf9
ffaa
fe6d
0089
fff7
fff0
feef
fe05
0010
ff25
017c
ffb3
ff0d
ff14
ff5f
0038
ff3b
ff8d
0012
feec
fe01
00dd
0066
ff31
004f
0074
009e
fe9d
ff89
fecc
ffc4
ff74
fffa
fea9
0017
ff9d
ff56
00ba
004f
ff22
fe10
fffe
ffa5
00a5
0026
0174
00bb
ffa8
ff95
fe41
ffa8
fefd
ff26
ff69
fedf
fee8
0040
0111
00e1
fe82
fec4
ffbd
fff3
fefd
fec8
0089
0023
ff7d
ffef
00ba
0043
fd9f
ff4c
0054
0163
009c
015d
00f0
012c
0118
ffbf
ffe8
ff6a
ff50
0065
0019
0118
00da
ff26
ff9b
ffb4
0082
0021
fff2
ff3e
fefc
0181
0137
02a5
0076
0090
00e1
00c8
00ac
ffc6
ffed
ff20
fe3b
ff8e
005a
0191
00ce
01bb
ff55
0015
ffc2
febf
fe6b
fe4d
fe7b
fe68
fffb
00aa
0077
005e
0145
fea1
012f
ffa9
ff48
0001
004d
ff5c
fed4
0051
ffc9
ff47
ff58
0000
01c1
0028
0205
0119
00ba
0016
fe34
009e
ff99
0031
0019
fe9d
00a5
00b6
0116
ffa4
fed4
fe8e
fe62
ff2c
0041
000d
fde9
fe98
ff78
fff3
00fd
ff7e
feca
ff43
006f
0032
ffaf
ffe1
ff69
ffc8
00f9
feec
ffeb
ffea
ff28
ffe3
ff96
003b
00a3
fe4a
fef9
ffdd
0077
00c0
fee9
ff3d
00a7
fe8d
0129
ffa1
010a
005d
feb1
00d6
01d5
004a
feb7
0039
ff38
ffaf
0134
0001
011a
00de
01bf
0069
0010
ffc9
fed0
ff07
00c9
ffe3
ff11
feac
0126
0047
012c
012a
008b
ff6a
ff76
007f
ffc1
0103
0000
008e
fed9
005d
fec0
fead
009a
01f8
0114
0056
ffcb
ffd6
00be
000c
00ee
ffed
ffaa
ff9e
febe
00c9
ff8d
ff6e
fe9c
fe5d
ff58
ff3e
0083
ff9e
fe67
ffe7
fe69
0025
feec
ff43
0034
ffae
ff26
0013
0022
ff98
febd
ff6a
fefe
008c
fe2f
0018
ff02
fe44
fefd
fecc
ffc1
001e
ff83
ff7b
00b3
00aa
fe6f
fff8
ff33
fe84
ff28
ff30
007b
004d
fe91
003c
ff4d
fff8
00da
0042
febc
fede
001e
fdf3
0017
ff3c
0095
0007
0140
00d1
00a1
0142
ffd7
003a
fefa
fdfe
fe3a
0034
0041
ff47
0020
011f
0071
0055
ff9d
ff76
fed7
fed6
fe28
ffb4
0044
0001
00c1
ffab
0102
006d
ff9e
ff54
ff33
fffd
ff4b
ff81
00db
013e
0126
0144
fee3
ff85
0083
0094
ffc3
0110
ff73
fffc
0042
00c5
ff6a
ff3d
ff28
ffbd
ff13
ff43
00b2
fea0
ff26
0018
fea4
ffa8
005f
fe7a
fe4c
ff31
0168
0124
005a
0149
020a
0109
00e1
ff5f
fee6
0144
feea
ffc1
0134
0147
00db
ffdd
019a
ffe2
012c
00e0
ffe0
febb
001d
0036
ff3c
00a7
ff79
0081
00aa
ffcd
00ae
0194
fe91
fed7
ff11
0022
0040
ff80
ff64
00a2
0064
0161
00c7
0074
ffab
feb1
ff91
005d
0098
feef
004b
ff63
00ea
ff63
01af
0087
0128
ff90
ffa6
ff8b
ffa2
ff31
fedc
0000
ff21
0014
00a4
ffb0
0018
ff78
ffcf
ff9b
ffe4
0092
002f
003f
ffb2
ffd2
0000
fed4
ff44
004b
ff0f
ffbd
ff58
ff10
ffbe
00a0
00f8
0097
ffed
ff26
fe2e
005b
ff0d
005a
00b2
fed6
ff21
ffde
ff8c
007b
ff6a
ff6d
fefb
fee1
ff39
00e0
ff2c
ff39
ffc7
ff08
00ef
ff7c
00ee
ff6f
ff2b
ff42
ffa7
012f
ff41
ffed
fff9
0084
0102
0080
002e
0031
ff93
fece
0032
011d
0084
ff1a
ff69
ff47
0078
00b9
0030
ffe6
00b3
ff6f
0092
ff69
ffa7
0074
0063
002b
00ba
0133
ffcc
ffaa
feb3
002b
fed6
0088
ffe6
009e
016d
012e
00b5
00e8
0167
ff94
000b
ff94
0045
ffce
00b3
005c
ffb2
ff19
fff6
01f8
00fc
0093
015c
fffc
013a
00aa
fe6c
fe8f
fffb
ffa2
ff55
00be
0210
020b
01b7
017c
0138
ff88
fe51
fe3a
ff35
ff6c
ff62
01ab
0288
004a
0134
00a8
0105
ff27
fed9
ffc3
ffb1
ffe2
ffb7
0121
0017
010c
006a
013c
00f2
ffa8
ff07
ff86
fea2
fefb
009b
001e
0049
ffb2
0040
0015
012f
ffe2
ff53
ff0f
fec9
fefa
ffba
01db
0036
0067
ff51
0043
ff5d
0117
ff3c
ff0d
ffac
ffc9
ff84
00a8
009a
ffeb
004f
ffbe
ff2e
0031
00ae
0003
0084
fed2
ff5e
ffcd
0144
0053
009f
ffd7
00e7
ff7a
007f
0068
0122
ff70
ff36
ff65
ff7a
00c3
007a
0179
0040
ffcb
0081
ffa0
0066
0055
002d
0056
00eb
0037
0157
008f
011d
00be
00c9
0069
002d
0052
ffdd
ffe2
fea5
0013
ffae
fdf8
0139
00c1
ffe4
fe15
ff74
ffea
fee2
fdc1
fe25
0046
ffde
fecc
fff2
000a
fefb
ff61
008a
00d5
014d
0067
ffc6
fe9a
ffb5
0020
ffb2
ff50
feb6
0003
fff2
009f
fed2
013d
0057
ffee
ffff
fdae
fffe
0051
fe9f
ff10
ffa0
0077
00b5
018c
ff3c
00c8
0026
fea9
feec
ffb7
ffb5
ff26
ff16
005e
ff53
00b8
01fc
011d
ff73
ff28
ffb7
0178
fdf0
ffe8
0023
ffa1
001e
0109
0151
ff98
ff4e
ffd9
008b
00bd
0028
ffc6
fe9c
ff22
ff7e
fe62
fe6e
fe9a
fed6
00e3
ffbb
ffd2
ff0e
ff6b
fed6
ff9f
ffeb
ffc1
fe76
ffcd
ffc9
fe7b
0019
00f8
ffed
0081
0011
ffa1
00cc
00f8
0109
00a3
ff97
ff9b
00f3
ffa0
ff66
ffd1
ff0f
010b
ffa0
feef
0122
0103
00d4
ff68
00c9
ff13
ff54
0001
0112
ffd7
ff20
ff4f
ffdf
0071
0172
0048
0024
fffb
0052
00a6
ff0f
ffdc
0084
fed5
ffe1
ffc5
ffd7
fff0
ff62
0052
0083
ffc5
fec2
ffd4
0061
0048
fff6
ff14
ff37
fecb
0002
0054
feec
ff9f
008b
ff27
ffe4
ff1d
ff8c
00a2
fef5
ff86
0061
002a
0073
ff33
ffb7
fed6
ff55
fffd
ff84
ff56
ffa3
ff8b
ffa6
ff0f
0075
ff76
ff37
003a
ff6b
fed3
0044
ff6a
0010
ffac
ffd6
ff28
ffeb
003d
ff84
0017
00b0
ff6f
ff34
0051
007e
ff73
fff5
0059
ff3f
ff5f
003a
fec8
009a
ff8e
ffbc
ff13
004d
0042
00a8
ff49
ff8f
ffb3
007c
0080
ff0d
0078
fef8
ffe5
ff07
0064
ff80
007e
fecb
fff6
fed4
ffc4
008e
ff6d
fed3
00a8
001c
ff61
ffff
ff49
ffc6
00a2
0041
ffe8
ffca
ff6e
ffc6
ff4d
ff6b
fffe
fed9
005b
ff90
000d
0023
0062
0026
0013
ffad
0024
0013
0089
ff05
0020
ff92
0059
ffc2
ffb8
0081
ff55
ff8a
ff8c
ffe8
ffa4
003e
fee0
ffa4
007a
ff44
fed2
ff0c
ff6d
ffec
ff38
ffda
fe70
00bd
fff6
ff2f
ffbb
ff0c
007f
ff12
ffa7
fddf
0000
008a
00f1
febf
0164
ffb1
0076
ff3c
ffa1
ffd0
00ad
ffef
ff4b
ffb3
ffa3
ffb8
fffc
ff22
004c
fec1
febb
002b
0052
0075
00ea
ff84
fff7
ffaf
fffd
fe8f
feb3
fec1
ff8e
0080
01b8
0064
00d7
0124
008f
002a
ffd3
fed2
ff24
fff8
ff85
ffd3
0135
016e
0143
008c
00b4
0110
0094
ff3c
feed
0048
ff04
005a
0078
0097
008c
fef9
ffd0
010f
0108
0068
ffad
0052
fecb
ff2f
004d
fefe
fee2
fe4b
fff9
ff39
0124
ff04
0038
ff86
ffc7
fe6d
ffa4
0054
ff16
fef8
ff28
fe8b
ffee
ff53
ff8f
febd
004b
ffab
004f
ff6b
ff86
0179
00ec
ff55
0019
004e
ff20
ffea
ff6d
00fd
ffaa
ff8e
0010
0115
00c3
0161
006a
ff7a
ff99
0073
00c1
ffde
ffe5
ff69
ffcd
008d
0008
ffda
004d
ff70
feda
00a9
ff3d
fefc
ffa5
ff76
ff94
00bb
ffe5
0099
fed4
fed6
0087
fefe
00a2
ffdb
ff39
fff2
ff59
ffd3
008b
00f3
009d
0061
0057
0037
0078
ff96
ff8c
ff60
ff9c
ff2b
004e
fef2
ffcd
0041
000e
ff7d
fef7
ff35
00a3
005b
ff9b
000e
0017
009e
ff74
ffa2
0059
000b
ff10
ff37
feca
ff16
0054
ff6f
0041
0015
ff36
00a7
ff02
00a4
002c
ffdd
ffe7
0056
0070
ffe7
00b0
0096
00a0
ff4c
ffef
ffe0
001c
fefb
0078
ff81
0036
ff3e
000f
0014
ff8c
ffb1
0096
ff7a
001a
ffc8
feeb
0043
0134
ff58
fee1
000b
fef2
ffd6
00a7
ffba
003b
0091
ff44
fffc
0003
ffaa
ffc6
ffed
fff6
feef
0003
004e
fee8
0039
ff20
ff14
ffcc
ff50
0096
ffde
ff07
ffac
0081
005e
ffd2
ff63
ff83
ff2c
006a
fecb
0058
0030
fec4
009f
0078
ff1d
fed4
fefd
ff86
feef
ff9a
ffed
fffe
ff80
ff94
fff0
fffd
ff83
0080
ffc7
ffef
fedb
0090
0007
ff1f
ff4d
ff11
fed3
fedb
fef3
009b
ff4b
ff6b
ff8e
0086
002b
ffbf
ffd3
ff7c
0031
ffd3
fef5
005f
004f
ffe6
feeb
0096
ff9c
004c
ffd5
ffbe
0008
ffe8
ff23
fede
ff10
ff59
0030
ff8e
ffdd
009c
ffdb
0067
ffd6
0008
0039
009c
fef0
ff02
ffca
002e
ff25
ffc9
0024
0074
0092
009c
ff73
fff3
ff72
ff8f
0094
ffae
ff04
fef4
ff2e
ff31
0061
00a0
0003
ff2f
00ab
0018
ff63
ff8c
ffed
ffdc
fff5
fedc
ff89
fec4
fff3
fefd
0082
008d
ff04
ff2a
ff32
ff5e
ff7b
feff
00a7
ff47
ff43
0040
002a
003c
00a5
fed4
ffd6
ffc3
000f
ff37
fffa
fed5
fef4
00a0
0091
ff23
fed4
ffd0
009b
ffa6
ff43
fff8
0062
ff7b
fedd
fec3
ff58
ffa5
fff9
ff35
ff86
ffcd
ff0e
ffac
ff61
000c
ff63
00f7
002d
00b8
0034
ff65
0039
0057
ff7d
fff0
003a
0027
ff73
003c
0019
0062
0115
0111
ff04
febb
ff3d
0048
0089
ff8d
ff61
fe98
feda
fe76
ffb6
0067
ff01
ff60
ffbb
ff0d
ff58
0072
fe8e
fe43
ff29
ffa1
0177
0068
001f
ffe2
00cf
0015
fffb
014e
0025
ff6a
ff83
ff54
ff8e
01f6
00ec
00e4
fff0
0045
0066
002f
ffc3
ff1c
000f
feff
feb8
00d3
0125
0031
01f9
01e7
0021
003f
ff75
008b
ffc9
0038
fe5b
fe8b
ff19
0068
feee
003b
fe5c
ff49
006a
ff8f
0066
ff44
0120
ffd4
ff72
fe9b
fe1f
fe99
ffea
ffbc
00c2
0116
ff82
fef0
fe09
feae
00a0
ffc3
0106
0100
ff1f
004f
ffed
00e4
01ab
0039
0059
0021
00b6
0160
fff2
0179
ffe4
ffe7
ffbc
0072
00fa
ff43
fffd
0259
003b
feca
001f
0070
ff79
fe76
fe54
0024
0103
ffa3
ffcb
0049
ffd0
ff81
ffdb
ffbf
ff67
fea9
ff37
00af
00c6
0034
00da
00ed
008a
ff83
00ab
fe9c
00fc
ffb5
0096
ff35
ff50
fee8
0058
ffc5
fe98
ff6e
fdb8
014e
00a4
00ce
00ca
ff42
fff0
ffb5
ff40
ff7f
0027
ffb5
ffde
00ff
feee
001c
ffc6
ff79
ff27
00aa
fff3
01be
011d
ff9c
ff58
ff16
ff91
fec8
ffe1
ffbf
ff6a
fff2
fef3
0066
0005
feef
ff28
00f8
ff36
ff7a
fe4e
007d
0030
ff8f
0076
0073
0101
0017
003d
00be
ff2e
ff3d
ffdb
ffaa
00c5
ffc6
ff6f
015b
ffde
ff46
0121
00bc
00fc
fe54
ffd5
000e
ffd5
ff28
ffa3
00f2
000e
feb7
003d
ff2f
ff8d
febb
0052
013a
fefc
ffbf
ff86
fff9
ff3d
fe96
ff3a
ff3a
ffc0
ff80
fe5a
ffeb
ff91
ff88
fff0
ff87
004b
0010
0088
00d9
006b
ff4d
fe1a
fff3
ffa2
00ee
00ad
ff92
fec6
00c4
0162
ffea
00aa
ff61
ff3d
ffa9
013d
0074
fffd
0071
00d9
fff2
0033
0065
0145
00cc
008a
0173
ffcc
0106
00c6
0086
00f6
0027
fe54
ff23
00a8
0048
ff9a
fefd
ff85
0052
ff05
007f
ff91
fef9
ff4e
0035
ff4d
009a
fffb
00ad
ff1d
0063
ffe4
fef7
ffe8
0068
fed0
ffa4
ff8f
fec2
ff4d
0011
0045
ff69
0021
ffaf
ff15
ffdc
0048
0026
ff72
005d
ffa8
ffb2
ffc5
fff8
ff57
002e
ff41
ff19
ffcb
fee9
ff1d
ff7d
0064
ff7f
ff31
0019
0046
ffea
ff3f
feea
fee6
fff4
0050
ffe6
004d
fec4
ffec
ff46
fef7
0019
fee2
001c
00ab
ff66
0020
ff33
0000
ff9c
ff47
003d
ffd4
feec
ffa3
ff70
fef7
ff6f
0045
ffd7
ff39
ffa5
ffa4
0049
fff8
fee7
ff96
0055
ffb9
ffd7
00b4
007e
ffd7
ff17
ffdc
ff32
0030
0060
fefa
ff9e
004f
fef2
ff38
ffaf
febe
0036
0044
ffc0
005f
ff8e
fede
ff0f
00ad
0023
0032
ffa8
ffe1
ff19
fef9
ff8b
ff08
ffba
ff27
ffdb
ff53
003e
ff32
0082
ff6a
ff68
ffea
007d
001c
0078
ff10
ff6b
ff91
ff30
fec1
fe62
0049
00d9
007e
003a
fffa
ffb5
ffa9
ff91
0036
0259
ffe4
0073
ffa6
00ce
0083
0104
ffbb
fffe
ff83
01c8
00d8
017b
0061
fff8
013d
ffeb
00d7
ff74
fe97
ff0c
00eb
00e1
0113
ff79
ff2f
fef7
ff74
ff2a
fe65
ff5f
0064
ff88
0037
fff3
001a
0054
ff20
ffde
0021
0052
0049
ff70
ffb2
0138
ff4b
ffa3
ff5a
003b
fefa
0057
ffed
ffe8
006a
ff2f
0027
0099
ff08
ff4d
014c
ffe4
ff8b
00d5
0027
ff5b
fee5
ffc6
0012
ffdb
fdaa
febc
005e
0006
ffde
0099
006a
007b
00cd
009b
ff2c
ff34
ff5a
ff85
ffe3
010e
ff98
00ac
ffa7
008a
0106
ffc3
fef0
ff4d
ffa5
004d
ff56
ffd8
fea2
ffbe
ffcb
0169
00c0
0034
ffe2
009b
00f3
ff63
0040
fffc
ff91
ffd5
ff6e
ff59
0129
ff30
ff33
009e
ff41
ff3f
ff0a
012a
0085
00da
ff07
009c
0022
ff54
ff13
0030
ffc0
00d7
0063
0036
00ef
ff9b
014e
ff05
fecc
00b8
ffd1
ff40
feeb
0076
ff36
fe3e
00be
fffb
fe61
fe80
ff3e
ff2e
fda1
fdcf
fec5
ff04
0047
ff28
0007
fdfe
ffbe
0034
ff99
fdca
fedf
fea8
fe78
fe0c
ff54
00b5
ffba
0017
004f
ffdb
002e
ff25
ff0a
ff18
ff68
fe6a
fed9
00e8
ff56
ff0b
fedb
ff70
00fb
0134
ff20
fe8c
ff8b
0077
ffed
0035
005e
feef
0053
ffdd
00b0
0110
00d2
018c
ff85
ff92
ff38
fea7
004f
ff91
fe7e
fee8
ff56
ff48
001f
0081
000a
0064
fed8
003f
ff63
ffc5
fea1
fe2f
ffab
fd9d
fea3
fe2e
ffcd
ff86
ffb1
feca
0001
ffdc
00e2
fe87
ff33
fef7
fd9b
ff14
001e
fec5
fe13
ff54
fffd
fe49
00b5
fee7
fef9
004e
feef
00b9
0010
0047
0085
fe78
0078
fe27
fefe
009e
0041
003c
ffb8
0085
ff59
0015
0073
ffd8
ff3f
0002
0009
00a1
001b
fe91
fea3
0099
ffb6
ffa0
00dc
001b
ff88
ffb7
0175
018e
0481
02db
0276
016c
0184
00ca
01b4
ffbc
00b7
ffd8
ff08
0085
feac
fcfe
fb3a
fb8a
fbab
fc52
fe7a
fe15
ffb9
0125
01a2
fb42
fb44
fa53
fa95
fabc
fbb7
fb23
fed0
00e8
00d4
02a9
0061
fcc3
fc80
fcce
fdb8
fe2a
fbb5
fade
fcbf
ff9a
fe64
01f8
ffaa
fc7b
fb1a
fb16
fdef
fc81
fd21
fb19
ff06
012e
0045
02d4
009f
fbf7
fa78
fc89
fd74
fb8e
fd65
fd1c
fedd
0023
fe6a
026c
ffed
fcde
fc10
fe33
003e
fbbd
fa8c
fdc4
feb0
ffca
fefa
0293
036b
fe84
fb53
fde7
fea7
0102
004e
ffdc
fe38
feda
ff8f
05aa
0229
ffa2
fcc1
fd5d
01ab
0114
0121
00f3
ff8a
00b3
fea3
051f
0301
0068
005f
fe16
0315
026f
0160
0195
0160
0306
01a0
01e4
02ee
00fb
fe17
ffb7
0177
01ef
02ea
012d
0149
017b
0150
0042
feaf
0082
fe99
ffb2
fee8
0016
ff7f
00c9
ffcb
005d
febc
04a4
0397
00fa
0147
035f
0142
0353
02c4
0296
0091
0100
00a0
0313
004b
008f
0318
017b
0065
0111
0407
02c7
02cc
0150
01a0
01da
017d
002e
ff95
fee6
fbc3
ff0e
ff4b
00b1
0052
00ae
01b3
00ca
002c
fd0e
fab9
fa6c
fa5a
fa2d
fb4b
fa53
fa81
fdcf
00f6
fec7
febf
fc09
f88b
fbe7
fa60
f7ac
f823
f6f8
fa3b
fa9f
fec9
fdda
fe07
fd06
fbd8
fb75
f97e
fa7e
fa67
fb41
faa0
fafe
fdf5
fe1c
fef9
fc65
fd79
fbda
fd01
fbc6
fcba
fdfe
fdc5
fb58
fcb9
011e
ff56
fb81
fcc0
fcee
ff16
fd63
ff20
fe83
ff64
fd2f
fff7
00c4
fe65
fd77
fd23
fc25
fda7
ffc7
ff46
fdc9
feaa
fc30
ffd9
fcb7
fdf0
fba9
fb6d
fdbd
0019
007f
ff82
fd95
fdd1
fde5
fdf9
fff3
0131
fe36
fee5
ff07
ff5b
ff3f
fefa
fddc
feb2
fec3
ffd1
ff59
ff96
0072
fed4
008b
0056
003a
005a
00c9
012b
02b8
fef6
02cc
04b8
025f
0589
0290
02dc
03cd
0608
0764
04bc
ff40
ffc8
049e
05ca
0399
0549
0571
06e0
0842
06ab
04e7
066b
00ad
fe65
0340
02fd
06a0
065f
064a
03f8
046a
0288
03db
06cc
0172
feb1
0414
0590
09d7
07c0
05d6
05a5
03b0
0235
00de
0503
03be
fdde
0465
0794
07ba
06d8
0768
065c
049c
020f
0175
0350
ffe9
fd61
040b
0437
05d3
05e4
0628
069f
040f
0414
00e6
037c
00d0
01c8
0125
02cf
06d2
077f
069e
0653
037e
03fb
02fd
04c0
0483
0322
0156
03d0
0173
ffee
02f0
0310
00de
000b
00c5
0295
034d
000f
0133
0115
0016
0139
0087
00f8
ffaf
ff1a
fe9c
ff5c
0262
00f9
0092
0149
03ef
0387
021d
01a1
0164
0108
fdff
fe38
00d9
ffb4
0105
ff69
0335
04cb
04d2
021b
003f
ff17
015a
00a5
022e
ffc6
0255
fb93
fe98
01cd
0292
036c
fee7
01d2
0210
04e3
0184
00ac
ffb9
0235
019a
0403
057c
04fb
02cc
006b
02ce
012b
fe5a
fc7e
ff55
fe07
ffc7
fe8c
01f1
0335
0176
015d
00e5
ff4c
fdc3
fd9f
fef5
ff83
0293
009e
030f
02f7
0402
0275
0281
0267
fe3b
0078
ff24
021a
0564
0486
0345
041d
0451
03e6
0247
03a9
0096
028d
ff11
03b3
0366
04fa
045d
038b
045a
066a
0391
0388
0105
0276
0275
032b
051c
04a1
05b0
0504
05da
03cd
03bb
03ff
ff94
0441
ff88
03f9
03d8
040e
0444
053f
0420
0434
038f
0577
00a7
04b1
022b
018b
01c0
0205
0188
022e
02e4
02cd
03b5
04e5
018e
04d1
00c3
01b4
021a
0199
0219
026c
0229
0133
016d
02c4
01f1
0113
00a1
0171
03c8
031f
ff6c
ffe7
01f6
01a2
00d2
00b1
012c
0108
0048
ff6c
0259
005b
ffce
fe20
0000
010d
0294
0121
02e7
040c
fe51
0089
007d
0122
005c
02da
0052
00cd
0162
000c
033e
0000
01de
03be
02a0
0098
01ca
0229
0159
0178
ffff
fe95
009e
ff43
021e
03d8
02bb
ff47
fff4
0068
0279
01c9
024e
ff22
0144
ffa4
0238
02ac
0165
0051
ff6d
fdbf
fd17
ff3a
fedd
00a4
0292
00ef
0175
0205
00a2
00e3
fdd7
fddc
fe0c
fe57
fd6e
fe22
023d
0026
00bd
fff2
fec0
fe75
fe72
fd4f
ff6b
ff80
fe52
fd54
ff70
fe93
0058
febb
ff36
fe43
ff5a
ff14
ff86
0070
0077
ff03
fea7
fee8
001f
fe70
0057
fff5
0163
01d9
0169
029e
01de
01ce
fe3e
fff8
011d
ff06
00b0
00be
014c
0287
0266
01e9
0280
0205
00f3
fed0
00be
0036
0264
0126
ffbe
017c
01d8
0193
01b8
026a
ffca
ffa5
02e5
007f
ffd4
ffca
004a
01ec
016c
01f5
00d6
0150
ffcd
0024
00d1
0167
0076
01c7
0082
0140
0025
ffe0
00db
011c
008d
ffea
00ff
0167
021c
02c0
0073
0105
013d
01b1
019b
00dd
0126
0187
0348
021f
04b8
0545
045e
02fc
0315
03e8
047b
0512
039f
0044
04de
047b
027a
0447
042b
022f
ff20
0037
ffc1
01f0
0203
0000
029e
0221
01ca
0263
00ce
ff9e
ff26
ffc8
ff72
ff48
00b7
ff61
ffb7
ff01
0000
004e
ff7b
0189
ff82
001b
ff92
ffd3
ffb4
0160
ff08
ffa4
00f4
ffad
0033
01a1
0019
ffc7
ff3f
00a5
0057
fedb
ff97
ff60
fef7
ffd4
0170
0246
0112
0104
0073
0195
0146
000c
0037
0038
fff3
ff9f
00b3
01c0
00a6
0094
004d
022f
0213
016c
ffa9
ff8e
ff13
fe9b
010e
0180
0203
0101
01bf
0296
0214
002e
0115
ff13
00b4
0158
00ab
0337
0277
0378
02e2
0221
0170
0045
025f
00dd
020f
00fd
006b
037e
027d
02cc
0202
029e
0256
00cf
017d
00f7
01ab
024d
0143
0262
0095
016b
00df
00f1
00c8
fed6
014c
00fb
00fa
001c
0172
ffa8
ff58
ff2d
fe9c
fe28
fef1
ff09
00b6
fe9d
fea7
002f
ff0c
fae0
fc3d
fd2c
fe9f
fe4e
ff18
fd31
ffba
0149
ffa1
fc24
fcfd
fc58
fee4
0130
00c8
00e8
fe9d
fd05
fe69
ff97
ffcc
fd88
fdb7
010b
00d4
00d1
002f
017f
fd94
fbac
ff66
ffcb
fd08
fe68
ffb6
ff91
ff0e
ff3e
fdd8
fe1d
fee9
ff12
002b
fdc0
fd52
ff0f
0074
ff6a
ffbb
fe4d
fde8
feb8
ff06
00b6
0006
0147
008f
017a
0155
020c
01de
00c8
0078
fe14
fd83
fdfd
0163
018d
0137
036a
017c
0249
01b1
0058
0253
fda1
fe13
0105
ffc3
001a
005e
fead
ff83
ffff
0153
0194
01c9
ffb1
009b
0271
fe0a
fff6
0020
fe86
fd6b
fef8
ff62
00e1
ff90
ff1e
01da
fee5
fede
009d
fe46
fdea
fee8
ff19
0034
011e
0015
fee3
ffbf
fd88
ff8c
0191
0032
00bd
00a4
0110
ffa2
0020
ffa3
fffa
ff7f
ffc5
ffe4
ffa4
00bd
ffd3
02cd
0194
002c
ff89
ff6e
ffe4
ffde
016c
007c
ff0c
fec5
008b
0062
001d
ffc1
ffc3
007b
ffce
ffcf
ffe2
ff3b
0005
ffaa
ffa3
ff30
0051
ff39
ffc7
002f
fedc
ff39
ff43
ff88
fee9
ffd0
003c
ff33
0082
ff57
ff9c
ff0f
0051
00b1
fff1
ffe6
0019
ff36
ff48
006c
fff0
00a6
ff66
0028
ff01
ffa3
ff22
fee9
ff2f
004c
0038
fec0
0095
fff7
001d
00b1
008a
00a7
ff05
0030
ff0b
002e
007d
0089
ff46
001f
0061
ff4d
0057
ff32
0036
0026
ff8c
ff09
00a5
0074
ff6a
ffe7
ff01
ff05
ffaa
ffee
ffec
0021
ff22
ff79
ff4a
ffd7
0043
ff2d
ff91
005a
ffe2
002c
ff59
fef9
ffb0
ffa8
0014
ff67
007c
0009
fef4
ff84
006f
ff88
ffce
ff8c
ffc9
ff58
ff6b
ff1e
ffd3
ff75
fedb
0096
0076
feee
0012
ff20
ffd6
ff47
005f
ffdc
0068
0024
ffcd
ffa6
0053
00af
ff3c
ff36
ff21
fee1
ffec
ff13
ff1e
ff72
0031
fec6
ff80
0056
ffbf
0191
0161
0194
0104
ff8a
0083
fffe
004c
fff2
fd43
fdbe
fe4f
fff4
fed9
ffc5
0023
00f8
0125
0221
01bd
02a6
002c
ffd6
fe67
017b
0058
fe7b
fd20
fe09
ff68
0076
0228
0260
0232
012d
ff81
004d
fc49
fbac
fcd8
fe73
feb6
ff32
fc48
fcbd
0147
017f
fe18
fccb
fb83
fc87
fe77
feca
fdd6
fd7a
fd7d
fcc4
0067
0206
0139
fd00
fa2d
fd6e
0196
ffa1
00f4
ff25
fd97
fe1b
fea2
005e
0130
fd53
fe74
001f
0027
0107
0161
00bf
003f
ff14
ff36
0165
ff21
fd86
fe29
fda2
00a9
007b
0148
0212
0257
014c
ff87
ff88
fd33
fef2
fcc1
ffa7
002e
00b3
00cf
0107
007d
004c
ff31
fe87
ffc8
fecb
004b
01a7
01c0
000d
0134
0079
fec3
ff6e
ffb6
00b6
0023
fd94
fdfb
0020
0063
ffe0
007b
ff89
0098
ff65
014b
024f
0194
00e9
fef3
fea2
ffc5
003f
feb3
ffdf
ffbe
ff4e
ff87
0028
0199
ffb6
ff94
ffbe
00a4
ff75
ff40
ff34
ff59
ffee
ffc3
ffe6
fed7
ff87
0030
0036
fece
ff0f
fede
009a
ffc5
feea
ff28
fef8
002b
feeb
fed4
ffed
ff10
001c
ff8d
006a
ff29
ff7e
fedd
0036
ff37
feec
fef3
ffa6
0077
ff4a
fef6
ff7b
ffba
ffd9
0043
00ae
feeb
ff27
ff21
009d
ff54
ffa1
ff8c
0072
ff62
004a
ffe6
ff2d
00a5
ff08
ffaf
008a
ffc0
00a8
ff00
ff71
ff80
ffef
0042
00ab
ffc2
00a7
ffa6
ff14
ff8e
0017
0065
ff61
ffae
00a3
fed7
0054
fff7
ff8e
ff72
0012
0026
001a
ff93
004d
ff88
004c
0086
fee7
fec7
00a0
0036
ffa2
002d
0066
000f
0077
ffd3
fecf
ffbe
00aa
0053
0072
fff4
ff6f
fed5
ff1c
feda
0086
00ab
ff0b
ffad
00a3
0071
ff2a
007b
0073
0024
ffe7
ff6f
ff2b
fec2
fef1
ffad
ffd9
fff1
001b
0020
fec3
ffbd
ff01
ff6a
ff8a
ff4d
ffaa
fed8
00a3
00b5
ffd5
ffb9
ffd5
ff2b
ffe6
ffce
fedc
ff7c
ff9a
002c
00f3
008a
009a
ffe3
ff57
ff80
00a0
ff51
0077
0036
ff8a
ff8b
0016
ff61
0004
ff85
ff6b
ff92
0054
ff93
0077
fff6
ff74
feaa
0070
0036
ffde
ffe0
fefb
00b0
ffe0
0015
ffcb
0076
000a
ff99
005b
fedd
ffb4
febe
0053
feea
fece
ff0c
0003
0018
ffbf
fec6
000e
fef7
ffa4
008d
ffc9
0075
ff02
ff69
ff57
ff03
fec6
ffe2
ffb5
00b0
0066
0096
ff57
ff06
ffa3
ffa9
fee1
0077
fedd
fef9
ff44
ff18
ffd8
005f
ff79
00ac
ff9b
ff99
001a
ff42
009b
ffe8
0090
ff49
0092
ffff
0073
005e
ff84
0073
000d
ff06
fedd
ff1d
0028
ff7b
ff66
fff1
ffc8
ffe1
feff
fed3
ff73
009e
ff07
ff5d
0005
004b
002b
0096
003f
00a9
ffa8
0081
ffd7
ff2d
ff9c
fecc
ff2f
febe
fe82
000e
ff18
0053
005d
ff57
0001
00ba
ffa9
ff5c
006e
0020
fd59
fd32
fee3
fe36
fe12
ff67
ffb9
ff6a
fe18
fd96
fe42
ff91
fee5
00be
0032
fe9d
ff5c
fea5
ffae
fe95
fe6b
fc07
fdff
ff57
ffa3
02e6
01ab
009d
ff50
fed9
ff29
0018
fc49
fb9f
fc42
fec1
0100
034d
025d
00c9
ff09
ff9a
fe7b
fe73
fc94
fbdd
fbf9
fe1f
fefd
01e0
04da
035c
00e0
0111
ffa8
ffe1
fe1e
fe3e
fdf4
fd76
01c5
0378
0334
02e8
004f
ff3c
fdd6
004a
00e7
ff45
fed0
fe62
01ad
0255
016a
0207
006c
fde7
fd34
ff62
029d
0025
03a3
0086
0154
02a7
0305
03a7
012c
01a0
01a1
00b7
0155
01f0
01b5
0054
ffae
02cd
0278
023b
0305
0155
00cd
019e
03b8
0235
0214
0110
fea2
00ff
00a3
0022
00ef
0179
0211
01ae
02b7
02e3
030f
020c
ff0a
ff1d
ffa9
fc7f
fe5a
0055
018f
0259
0283
000f
005d
01c8
000a
ff29
fcbb
fdc4
fec4
0040
00df
01e5
01d1
013f
00af
02cf
029d
03ec
02cd
02d9
030a
00a8
017b
013e
006c
00e5
0187
0284
ff87
00bb
026a
020b
033e
0274
03b8
02d3
02b8
01e5
013a
00d6
01aa
0115
0366
0203
03eb
0338
03e1
0372
0080
0093
fda4
0129
0230
02b3
005c
03c8
0244
038e
00f9
01b9
0013
fe1d
fde3
0265
02c5
fec3
002a
03eb
0249
02ed
001c
0135
fdb4
fe62
fdd3
0114
fe06
fe01
ffab
005a
02ba
00e8
0026
ffbd
ff0e
ff3d
ff50
0078
ff9b
ff36
005c
fed7
fe81
0067
ff97
ff18
ff3e
ff89
00a6
010e
ff8a
fe32
ff59
fee0
fe78
ffa8
ffc9
ffa9
0142
00a2
feed
fef5
0175
ffaf
0030
00e6
010e
ffb1
0043
0053
ff29
ff90
002f
0057
00b1
00e6
01d7
feda
ffa9
ffe1
001b
00f4
0119
fdc7
ffce
ff39
01f1
fde4
ff30
fef6
ff2f
01ea
0030
00c5
0192
012d
0031
ff62
00d9
0057
0011
0025
0267
fedc
ffff
0157
ff11
012e
0018
ffaa
ffa9
fec5
ffa8
ff90
ffbf
fef5
0077
fee9
ffb8
ffd8
ff10
ffef
0051
fed2
000e
ff26
0005
ff04
ffb5
ff99
004b
009b
0070
00b2
ffdb
fefe
ff8f
ffab
0005
0062
feb8
0044
0023
001f
00ae
ff35
00a2
00b2
0096
ff5a
ff8e
fedc
0047
0092
ff6a
0085
008b
ff10
0111
ff60
00b5
fee4
ff26
fec4
fffe
00a6
fff4
fee1
0033
ff7c
fede
0088
ffc6
0050
ffc5
ff8e
0057
feff
fff0
ff2f
00a8
ff3e
ff31
009f
fffb
0032
0086
004e
00a5
0005
ff52
0032
ff75
fed7
ff5d
ff4d
002a
fec3
ffdc
000b
fff6
00a7
ff1c
009e
fed2
ff8a
0055
007b
feb7
ff4d
ff22
0030
ff8a
fffa
008f
0028
0043
ff3a
fffd
fec5
ffc6
ffc2
fec3
0044
ff72
ff87
006b
ffeb
00db
0045
feff
002f
ff21
ffdf
ffe4
ff70
ff59
ff0b
ff0f
ff83
003f
007f
ff00
ffe6
ff88
003c
fec1
0064
fed6
fee1
ff7c
0039
ff27
ff8f
ffa5
ff67
03a9
0390
00f8
00fe
fdfe
010a
00c2
ffa5
007c
02e8
fe4d
0004
0438
02f2
0103
0282
011a
01fc
008b
001b
fff4
01e5
fde1
0195
03d4
040e
042f
0573
0322
01f1
017e
ff47
fe03
030c
0021
013e
0301
03da
0476
05ca
0428
0378
0280
ff5a
fc9b
0119
0091
034b
045a
049b
05c8
0614
048b
0412
0325
019b
ffaa
00ff
0181
0279
046d
04bb
0408
0449
04d3
0387
021a
0166
0167
0012
015c
048d
02b6
0308
0332
0545
0443
0480
01da
0185
0224
00a5
00e5
0215
038f
04b2
056e
04bc
0453
03ee
033c
03ce
ffdc
0049
029a
0113
0316
0434
059a
0329
029c
02a1
03c2
ffd9
ffd2
ff36
004f
0150
0165
0291
0428
0306
0064
01e7
0070
ffd2
00c6
00c8
ff18
0014
0155
01a0
0137
0091
01cf
02b8
0035
00df
00c1
0149
ff6c
fe01
025c
006b
01e0
0368
02ac
01d2
00da
02e2
0048
0116
0216
fe51
fc25
fcc7
fe6f
00a8
ffc3
fe42
0203
0234
022f
0012
ff8b
fa91
fa2e
fa74
f918
f9f1
fb0a
fbae
fdd6
fddd
006b
ff94
fdbc
feeb
fdf0
fe76
feae
fdfd
fe9d
fe13
ffbe
0187
013a
00e3
00f1
0202
0004
fbf4
fcd6
ff25
fe39
fe81
fef1
ff2b
008a
ffa8
ff65
ff55
fe5a
fcfa
fc49
fd51
fb6d
fd63
ff79
0147
fff8
fd43
fe11
fea3
fe98
fd6d
fd59
fbf3
fbde
fbac
fdf2
ffe2
00e2
fec0
fece
fe77
ff58
ff2a
fea0
fdeb
fe77
fbd5
fc54
00f1
0023
fee7
fefd
ffb6
fee6
ffd4
010d
0073
ffd3
ff01
fdd4
00a6
0065
fcac
fbca
fd4f
fffa
0080
00f7
00ca
01ad
0135
ff9b
0000
0092
0005
0052
0049
ffeb
01e5
000f
017b
006e
0183
0156
009b
007b
ff2a
00bb
0104
0131
0129
001f
00f5
ffc2
fff0
ffd6
ffab
0147
fd48
0112
002b
001e
013c
019e
ff40
ff6d
ffda
ff5e
0016
0096
0214
02ad
fe20
0068
fec7
fedd
00c4
0074
feeb
fdc3
0015
0237
004c
ff82
fe2f
012b
ff5d
ffb4
ff8e
ff24
00c1
011b
0146
0271
02c4
02bb
0099
ffe0
0012
fe3b
fe88
fff9
ff52
fff9
008c
00ae
0207
0357
01d9
01d6
01c1
ffc4
fff2
fd56
fd2a
fd77
fe8b
015f
0225
0270
020a
020f
0324
011b
01fa
0144
ff06
fd51
fee4
0027
0078
0026
00c7
0284
0004
0276
020b
0092
00cc
ff23
0088
fe53
fea9
ffba
01a1
01bc
003a
0151
feea
ff47
ffad
0041
ffe8
005a
ffbe
ff61
028a
0000
fe86
0039
00c2
0030
ff94
014d
ffc7
00b9
0276
00a8
01b5
0044
fe0d
ff27
ff5c
ffeb
003c
003c
fe92
00cf
fed1
0117
00d5
ff7b
ffb7
ff33
ff3d
0084
0066
fee6
00de
00cc
00d5
00ec
006c
ff68
fe43
014b
ff80
0106
0006
ff83
00be
ff35
00a7
028e
00c6
015e
0061
0085
0127
02ce
00b0
0042
0035
02a6
022c
009c
0007
007f
fffb
ff05
0098
ffa4
ff3f
fe7c
ffe8
ff81
fe1f
fb1f
00b8
ff19
fc8a
fc5c
ffcc
0013
ff12
ffd0
0173
025c
0079
fedc
fd8e
fc4f
fd27
fe82
ff7a
ffed
fea1
ff52
01d4
0178
01ca
fe9e
fe8e
fd26
fbd5
fbc2
ff15
ff55
fd9a
fe47
ff96
ff79
ffc7
009c
02dc
fd24
fd37
fe33
ff17
0095
ff05
fdd7
fe78
ff68
ff17
ffd8
ffda
fd45
fefd
fecf
ffd0
fff6
ff0b
fe2a
005c
ff2f
fe60
ffd4
fe5f
fe58
fbd9
fdf5
ff0f
fdd9
ff7e
fdea
fe16
ff08
ff1e
00df
fe4c
ff80
fd90
fd7f
ff75
ff03
fecf
ff08
fe42
fd8b
fec4
ff6c
fe92
fef2
fd9d
ffd0
ffe1
fe85
ff9c
fe14
fd7c
feb1
ff29
fff3
0015
00ed
0125
00a8
ff55
fd0b
fe77
fdfb
fdbf
fde9
0083
0072
ffa0
fefc
004e
00a7
012c
00be
fdf6
fefc
fe1c
ff7d
00d4
0018
fed9
ff19
ff6d
ff80
ff42
00ab
00b6
0054
000c
00de
0290
00eb
fffd
00f7
ffdf
0063
0082
003d
ffed
0081
00dd
0006
005d
fee6
ff64
005b
0283
028b
0250
02d2
023b
0290
009a
0059
0178
0117
0177
0277
0245
03c4
02a2
0364
034f
0382
0027
003a
0215
01f3
01f9
032b
01c4
00ca
0280
0359
0358
0309
0127
ff50
0298
03e6
017d
0430
02da
0176
0352
0541
03ec
0135
00e5
ffc3
01a5
03b0
0144
02a3
011f
00be
02a3
030b
0418
0364
0242
00f3
022e
01bf
00c5
01b3
0193
0235
0174
01f3
01ba
033a
0298
00b6
0136
0171
fe43
0078
0108
0254
01cf
010d
03b9
037b
0209
0086
0076
ff93
fd53
0065
01fa
01d9
01a6
0201
027e
0275
023f
0124
009b
ffec
fdd5
ffa7
ff57
fece
01c1
01ee
011a
0431
00f6
ff5d
01e8
fe73
fe21
ff9d
00b8
000a
ffd0
00a2
0131
0298
017f
00cc
023c
fe67
fe6a
fdf5
0169
ff42
fe76
ff70
02bb
0406
0368
0235
0451
fe9d
ff79
fd0a
fea5
fdce
fdf6
ff34
ff4e
feb7
fec7
fef3
001f
01e1
fe63
00f9
0045
0112
004d
00b6
00f7
00cf
005e
0088
001b
ff12
fe60
ff58
ff91
ffdc
fe68
fde7
ff16
001f
0003
0061
fff3
fec4
ffcb
feaf
feb3
fed0
fd26
fd2f
fdb7
fe35
ffbe
0105
00a1
fe39
fe3c
ffad
ffa8
0008
fe96
fe96
fded
ff87
ff2e
00f4
008a
0180
fdab
ff68
ffb8
fece
fcf7
fea4
fe07
ff6a
ff73
ffe2
0064
006c
fed4
00f7
0083
ff79
ff8e
0081
fdf2
00bb
ff77
001c
0092
0197
fea7
0102
01c3
0121
0019
0059
007e
013d
0079
0196
0115
0282
000f
0152
03b6
0231
014c
ffca
0113
0159
0271
01be
009f
04fa
ff34
022d
00b5
00cd
011b
004e
00de
01b6
0360
030e
0126
0350
003d
026b
00bb
0101
015a
023a
01f6
018d
01be
03e4
02a4
0326
feb7
feb5
0161
0400
0283
00be
001c
01b7
02ad
01f9
020c
0053
011d
024a
0278
0124
0256
0136
0271
ffa9
ffd1
005c
015f
ffa5
0121
017e
0172
0224
01bd
026d
02ec
01fd
00e9
0184
0106
ffa8
006e
0111
0104
011f
00f4
00c9
00fd
00f1
013f
0229
01cb
0006
ffec
00ac
001f
ffee
00d4
00e7
ff70
0090
011b
00ac
01b5
00b0
00ad
ffef
0067
0011
ffad
fffb
00fb
ffae
00d7
ff27
0108
00f9
0053
00f8
feb4
fe94
0001
001e
ffc2
01a7
00ec
0161
0032
fed8
00b0
ffdc
fea0
fe73
fe59
ffa0
ffe3
006a
0020
003f
0067
ff1f
00f6
ff6b
0014
ff07
fed4
ff9a
fef9
ff5d
ff13
ff83
007d
fedf
ffad
ffd8
ffb9
00cf
ff3a
ffbf
00e9
ff57
ff3b
ffe7
0120
0036
ff6b
ffca
fefb
ffb2
008a
00e9
ff7a
ffa1
00d9
00ef
0183
0090
0008
0052
feac
ffac
016f
01f0
00b6
0299
019c
012a
01b2
ff74
0158
0065
00c2
ff76
ff9a
ff99
ff98
008b
ffff
fffc
0031
ffea
fff0
02eb
018b
0456
03f3
fed7
fd6c
fe15
fcb0
fc26
01b6
0176
026f
05a1
032a
030a
01ec
0043
0054
febd
fe7b
ff98
00f5
01ce
0266
024d
00e5
ff7d
feab
fff4
fde0
fd1c
fe5d
fec9
0123
000d
0158
019b
fe13
fe48
fdd0
fdbf
fda9
ff8c
ff8e
0115
ffaf
0009
00ba
ff1c
fe97
fe34
feba
feb6
fe2c
ff4b
00c4
ffb3
ff1c
ff34
01c9
ff56
ff94
ff37
fe9b
ffd9
fdac
ff43
002a
ffe7
fe8a
fea3
0111
0165
ffdc
0134
ff35
ff9f
ffcf
fefe
004f
006c
fea6
ff49
0093
00ab
013d
0182
00c0
ff64
ffd9
0006
0020
fefe
fde8
fdeb
008a
fef7
feef
01a2
fe5a
fea2
ff84
ffb1
00d4
0026
ff86
ff40
00ab
0064
fff5
ff2f
fefe
fec5
0051
016d
0083
014f
fffa
fe45
ffc6
ffb5
0004
006a
ff76
ff86
ffd4
ff80
003c
0021
ffd3
0033
008c
002b
0009
fe75
ff33
fe18
ff99
fd56
fdc7
fcb0
fde3
ff85
fdec
fec8
00af
0026
0099
00b6
fed5
fef3
0017
fe5f
ff2f
00ce
fe20
fe86
fe81
01d0
01f5
0114
00b9
0205
027b
007e
ff38
0047
ffa7
fe47
fef2
0053
00c4
005a
015c
008f
002a
0039
0189
fec1
ffe6
00d1
005a
0233
027d
0163
0214
0136
ff57
ff5a
feb0
fdf1
0170
02a4
02f1
02fa
01f8
0170
0320
02a3
0095
00f2
fec1
fe39
01ae
02f2
02ea
0153
024e
01e3
00f4
0078
ffb4
007a
00b5
fdf1
0150
01b3
0220
fff9
0199
02aa
016a
002d
0162
01a3
039a
ffbb
017f
026b
021d
0151
01c8
0170
01fc
016d
0259
0292
02ac
fe8b
00b5
0121
02bc
0325
018b
0193
0246
02e6
033d
0277
ffce
feb5
fdd8
0036
00da
006d
01af
0132
019e
0320
026d
01f8
002d
fe7f
fe16
fd30
000e
ffb9
014e
0181
00b3
01cd
00fd
016e
0223
003a
fed5
fe95
fffe
ff95
fffc
ffc0
003f
001b
0046
00aa
ff2f
0077
0111
ff98
000a
ffcf
0055
fff4
004b
003f
00df
010e
ff8d
fffb
ffee
fff1
0044
ff35
00bb
ff62
fefd
ff8c
fff3
ff36
0087
ff96
ffa1
ff2a
ff7f
0042
0061
00b2
ff94
000e
0046
0101
0059
fec0
005c
0095
ff14
00fa
fef6
ffbf
006f
ffc4
0012
0077
00b2
ffa8
00d1
ffd8
fedd
009d
00be
00f6
ff5e
0061
002f
00d4
ffb3
ff12
ffbb
ff1b
ff8f
000b
ffcd
ffa7
0148
ff89
000c
0122
ffb1
fee6
ff15
009f
0034
ff70
ffa3
fecd
ff61
0028
0122
00e4
fef2
ffb1
ff19
0008
ff81
ff41
ff7d
007c
ffd6
0072
0037
00fd
0085
ff75
ffb7
fff6
00de
ff83
ff53
fef2
ffb4
007e
fff8
ffc7
0046
ff35
001e
fef3
00e3
000f
ff86
00bb
007b
ffa9
00c4
ffd7
ff19
0098
005c
ff89
0072
002b
011e
ff7b
004d
0058
ff57
ffd0
ffde
ffeb
0035
ff50
00cd
fedd
ffbd
fefa
ff58
ffe2
ffca
ff71
ff37
ffbb
0052
00e2
feb2
002d
0047
ff1c
fe53
fee9
ff6b
feb9
fe0b
ff1f
0020
0130
ff10
feb0
005d
01b1
0259
0032
008f
ff96
ffa3
fecd
ff82
fe5d
fe4a
feb7
00ff
016a
01c8
008d
0290
00e6
ff67
ff24
017d
013f
01a3
0138
01ad
00d7
007e
0213
0169
01d9
0107
ff56
02e8
0112
0238
0366
00e9
ffef
ff48
ff80
029e
01da
ff85
ff53
02fb
00b5
017e
01a1
fff8
ff7c
ffce
ff6b
004e
00ec
00db
0003
0106
00aa
ffc1
ff49
ffed
0038
005a
009e
001e
0016
ff99
fe71
fea6
fdbe
fd0b
ff01
fe8f
ff10
ff74
000a
fdae
fdd6
fd90
fe58
ff69
fcef
fbd7
fe10
fdfb
ff0a
fedd
fe2c
fd71
fdb2
fe2c
ff36
fe1c
fd59
fd5f
fe56
fea1
ff81
fedb
fedc
fe94
fedf
fe68
feff
0022
ff0e
fe33
feae
fee8
fe26
fdc6
fdfc
fee6
fe10
ff4a
ff8a
ffce
ff39
ff42
ff7b
001f
ff30
ff3b
feff
ff14
ff9e
01aa
0073
ff75
009c
ff9b
ff87
0059
ff89
ffb9
ff87
ff2d
0065
fff5
ffe3
ffaf
004d
ffef
00e6
fff5
ff3c
00f6
00ce
ff44
0078
00c1
007b
ff97
00ee
0023
ffc6
0035
ffa2
ff8d
ffb8
010c
0031
ffa8
ffa6
0082
fff0
003a
004e
ff97
0134
ffcb
ff80
0020
0089
0069
00c0
ffc3
008b
0015
ffbb
0072
ff88
013d
0076
00ce
0091
ffb7
ff7f
ff57
ff57
00f6
008d
ff74
00f0
00e1
00ce
ff2e
feec
ff79
0017
0084
006f
ff73
0122
0080
0046
0046
013f
ffca
ff51
013b
00a7
ff1e
0148
013e
0120
0078
000d
00cf
ff84
ffdc
008c
ffe9
ffe4
007c
ffb0
0120
010a
ff80
0100
00b4
0081
00dc
0111
0111
00a6
ff15
ffb7
00d8
0022
0120
0015
004e
ffa8
ff77
ffde
ffd1
ffee
009c
ff8a
ff74
006d
00ee
001d
ffa5
ff62
fff6
ff57
ff4e
0061
0097
00df
ffa7
ffe3
00da
0039
0040
00e6
ff4b
ffc1
ff82
ff3d
00c3
ffdb
ff71
ff73
ffa2
ff39
ffc1
ff25
fecc
ff83
ffba
ff12
ff8d
00d9
001a
0048
ff8c
00b5
0124
fff5
ff55
00f4
00f1
ff1d
ffc3
0041
00fe
0004
ff65
ff4f
ffe3
fffa
ff14
ffc4
000e
ff53
0028
ffda
012f
0096
ffc4
ff88
000f
ffca
0097
0059
0084
0007
0053
0124
0041
00a3
0008
00bf
006e
013d
ff59
0110
ffc8
ffdf
0137
010f
011e
ffa9
ffda
ffbf
ffe8
0039
004c
0094
007d
0046
ff57
ff55
00ca
011f
0026
ff4e
00c0
ffab
0095
00be
00e6
005c
ffb7
ff93
00bd
ff55
0010
ff57
005e
00b2
012b
009f
ffc9
00ab
ffa7
fff0
ff8f
ffab
00c4
005f
00fa
009f
ffbb
012d
010d
ffcc
003a
ffa1
013c
00fa
ffba
ff69
0138
00ed
ff78
0134
0026
0022
ff72
0083
003b
002f
0129
ffef
ffba
00a6
fffa
fff9
0033
0048
0058
00d8
0049
00f2
0074
00cf
ff1d
fff8
ffd1
ff8d
00fa
ffc5
0064
00b8
ff3e
fe6e
fff5
0023
ff91
0044
ff86
ff40
fe99
fe78
018c
ffc8
ff05
fe66
006d
ff67
ff81
ff26
fe11
fea6
fef0
ff93
ffad
ff84
fffd
ff45
006a
002e
00f4
0077
ff12
fe75
fd7c
ffd9
0070
fe50
fcf2
006f
00a1
0099
01eb
011b
ff88
feb8
ff12
fe75
000f
fda9
ff43
0139
00e1
0025
0054
017d
0029
0030
ffc0
ff17
ff0b
fe9b
001f
006d
01b1
ff81
fff3
002e
fffa
000f
008f
ff61
ff6e
fe1a
ffc3
0289
0273
02e0
011e
01b3
0086
0216
01ec
feec
fe69
fe35
ff8e
00b3
021a
00d1
02f1
0217
01f1
0229
012d
ffce
00c8
0007
008b
02c5
02c7
01d9
02e9
02c9
014d
0135
0082
0118
00de
fe7f
0097
015e
0212
024a
0368
0213
012b
0204
00f7
0230
005f
00b5
0002
fe91
ff86
ffe9
000f
ff5b
ffca
ff51
003d
ff9a
01ce
0103
01ae
0054
ff71
fefc
ff2c
012b
0067
0198
00bb
ffa5
00df
ff03
fe9f
ffdf
00b1
ff52
fedb
fe34
00c9
0061
fe96
fe37
fee2
ff38
fe35
000a
ff88
ffa2
fe72
ffee
ffaa
ff88
00e1
0001
004d
fec3
fe96
0159
0284
01d2
ffbf
ffd4
0162
0163
0204
0102
0233
011e
0211
0223
043a
0295
ffa7
fffd
0195
02ec
0290
0149
02e1
01de
03a1
01bf
02b0
016c
ffd1
0035
0003
00c5
01ae
0104
02cd
ff0f
0265
02d5
01f2
00fb
01c1
01b6
0082
ffca
00a7
00e5
ffde
ffb7
fedc
ff51
026c
01a5
0317
011a
005f
ff7d
ff16
0064
fe84
ffbc
ff74
fe96
0008
00df
00a2
008a
ffe4
ff82
ff9a
01a0
ffdc
ff3f
007a
ffef
0299
0068
015b
0087
ffbc
000b
0095
01b4
0083
009b
01ca
0253
0307
01c1
0271
0108
01cd
019b
022a
0144
005a
ff8c
00f0
00f2
00e8
0365
018d
0255
01d2
0202
0214
01fb
ff9c
ff43
ff42
fe8f
ffb1
0065
ff91
012b
01df
00c7
01f8
0172
ffc2
ff7f
ff54
0005
ffbe
ff6a
fefa
002b
008b
ff1d
ff3f
0073
feb2
fec8
0021
ff1b
0014
007c
fe92
0044
ffaf
fed4
fefd
fee9
002f
ff8b
ffd7
feed
ff0b
ff96
ff84
0083
0096
fee8
ff2f
ffde
0061
003e
0072
0037
ff3d
ffa0
ff89
feeb
fee0
ff10
0092
00b3
ffc0
004f
008f
003a
ffb1
00a9
0049
ff9d
ff38
004c
0073
ffda
ffd6
ffc3
ff5d
fecb
fffd
ff16
fef7
ffc5
ff16
0033
ffec
0045
ff67
feff
003d
ff07
ffc0
ff43
001a
ff09
00a5
feee
ff28
ffa5
ff34
0085
ff9c
ff47
ff13
ff31
fecc
ffa7
ff12
0025
ffa3
ff67
003d
008c
ff14
0082
ffec
00bf
fe94
001c
ffbe
ff24
007b
fedd
009a
ff55
ff11
000b
004a
ff89
ff09
002e
0086
ffb8
ff50
fffd
ffbc
008c
ff13
ff1d
fed2
feca
003b
0020
0015
007a
ff1b
0077
fee8
ff66
fed3
ff29
ff71
001c
ffe3
ff83
ff51
ff76
ffda
ff4f
ffe5
0043
ff23
fe94
fc99
fd7b
fc66
fe03
fec7
fe3a
fcd2
febd
01e7
00a2
fee8
fbc0
fc14
fe06
feff
ff39
fee5
ffba
fe8b
00ee
016b
ff14
fe7a
fc6b
fe58
fff2
00a9
0032
004a
ffd2
fe7a
0082
0202
fefc
fe4a
ffeb
0065
ff9b
00b6
0114
ffb3
00b7
ff8c
0117
011f
fe31
ff37
0198
0144
00db
01cd
00d1
ff10
ffb8
ffc9
feef
0263
fe9d
00ab
018f
01bd
0184
0337
0130
0170
ffaf
ff67
ffd4
02b4
006f
0121
fed4
00d5
0188
036f
0275
0167
01df
00fc
ffb7
01e4
ffa2
ffde
ffe8
016a
01fa
02e3
03ad
020c
024d
0173
feb4
011e
ff48
fef1
fea3
01c9
0226
0277
0214
02d2
0254
0194
0073
ff3f
0048
ff81
0041
016b
02e2
022e
019c
01ac
00f2
0014
ffb0
fe24
fefa
fe55
ff90
000a
003e
00ba
02a3
0407
025f
0219
003b
fae8
fdd1
fd71
fde2
00e7
fed9
00c8
02d7
02b5
033a
00d0
ff88
029c
002d
ffff
02c1
ff65
006b
ffe1
fe31
fe90
fe6e
010e
00bc
ffdb
00b5
01df
020c
0134
011a
025c
01f6
0282
0247
0053
fedf
0012
008c
ffef
0277
03a5
037d
0585
0536
051e
0357
02b9
009d
fe47
00f5
fe31
027c
044a
0411
04e1
04a5
0487
03fa
02bb
0412
ffdf
006e
01f9
030d
02a1
02d2
04d4
04ec
04c0
046d
02f6
0559
008c
022d
0258
030a
0299
0393
03c1
0413
0413
0416
0349
04fd
00ef
01f1
0223
023d
02e8
03a7
0392
0285
0203
0358
04bd
0540
fe64
0128
0054
0337
02a1
0361
035a
02c4
00ed
0244
024c
0341
006f
0132
0187
021d
022f
0207
02c9
0314
02a5
0014
02d4
0283
fe19
0145
00dc
0153
0150
01f3
01e2
0138
01a2
0148
04dc
01e8
0062
0140
0141
00b4
019b
00d9
0294
00c3
00b0
0090
0456
01c1
fe55
ffae
00ab
ff5e
ff20
fd21
ffb1
ffe5
ff40
ff87
0074
0053
f730
ffdb
fe43
00d2
ffb9
ff4d
fe60
fd8b
fee4
fd4a
fe52
fd89
0024
fe90
00c4
0065
0044
0087
fc53
fce4
fcbe
fda8
fd73
fc2d
fdfe
feab
00c0
ff2b
fdb0
fda9
fc46
fbf1
fc8d
fcb1
fc50
fb2d
fe26
ff0b
fefd
fec7
fe48
fbf5
fe73
fecd
fc68
fbbd
fc33
ff18
ff38
ff5c
ff97
fd8b
fd1e
fd4d
fe1b
fe6d
fde7
fcde
fd25
fd4d
0059
fff7
fd5a
fdb2
fcce
ffda
fccb
fd0d
fea0
fe19
fda8
fdef
021f
014d
0034
ffa0
ff61
fdcf
fd31
fd44
fdcb
feb3
fe30
fe5c
03e4
0130
fc88
fe00
00da
fce7
fe39
fe8b
ffc0
fe36
ff01
ff82
023d
017a
0054
fee9
0061
000b
ffd5
ff63
fbce
fd1c
fd0d
fcfd
fd91
fea6
008f
fd9f
0004
0169
013d
ff2c
fd47
fddf
ff6e
fedb
fd70
00be
002d
011b
022f
0159
00b6
00bb
0011
ff5a
fe09
ff5e
fd74
ff6e
ff41
0077
008a
013f
0255
0007
ffdd
fe2f
ff0b
ff72
fee7
fe5e
ff59
fce0
fef8
ff7d
0062
00f0
0043
0055
0046
00d8
fec9
ff7c
fdae
fce0
fc96
fe8a
fe0d
fc2c
fe8e
fe5e
ff63
ff29
00db
016d
0091
fe2a
fe22
fc70
fca0
fd7e
fd59
fefc
fef0
fd09
ffa2
00ae
fee3
febd
fe42
ff5f
fd58
fdf1
fd91
ffbe
ffa9
fef2
ffb9
0078
005e
0003
fdc1
fd67
fe07
fe43
fe91
0011
0082
0171
0194
005f
feec
fc38
fc87
fcb4
fe5f
fcbd
feae
fee9
ffc3
ff76
010c
fede
fe7a
fbfd
fcee
ff4d
ffde
fe76
fe65
ffdb
00a6
fe91
0081
fd7b
ffd8
fd52
fd5f
ff84
ff8f
007d
fec7
fe76
01a0
fda2
ffcd
ff13
ffc9
ff14
fd01
fe73
ffca
feaa
fe3f
feba
fdea
fddd
fefa
fe47
fff0
00dc
00cb
0164
0031
fd97
fdca
feca
fe3a
fdac
fef6
fd0b
015d
00da
ffb1
ffee
ff13
fe4b
fff4
ffad
fedc
fd0c
005b
fe81
00bc
fffa
ff20
fefd
feb6
ff2f
00a0
fffd
fdfb
ffa0
003c
ff1c
01fa
00d0
00da
0041
00bf
0000
007f
00e9
ff5d
ff6c
ff32
feea
0030
ffba
00ac
ff3c
ff3b
fe8b
00f4
ffaa
fec5
fe27
00b5
ffae
ff36
ff10
fe77
fee7
0153
0139
ffc5
ffe2
fd3c
fac1
00a5
ffd7
00f5
00bd
ff14
ffc6
0028
013f
0068
0042
fe82
0082
ff41
021b
01dc
01fb
0256
0270
02e5
01d9
01ad
015c
ffc0
ff7f
fe6a
01d7
0098
0340
0117
0141
01dc
01a4
00fb
0231
ff51
fe9b
fdb3
015e
033c
0119
0014
ffa5
01f2
0162
fffb
0080
0039
0022
fdfb
001d
ffc0
ffe0
0065
00f2
027c
00c5
000d
ff65
fef6
ff4e
fcfa
fe71
ffe5
0108
01cd
005d
0136
0168
017d
01d6
0214
0114
fea6
fe73
00e9
0128
0173
01f4
0283
0352
0245
019d
00b1
008b
fe06
ff1f
0006
ff66
ff77
ffac
0014
fefc
013c
ff57
0028
ff7b
fef5
fe9e
02f2
feec
fd5b
ff26
fc0c
ff56
fdac
ff22
fea9
fe34
ff60
ff35
fed3
fedc
fe4b
fe6c
fd7f
fe6a
fe05
fe42
fd9d
000f
ffe4
fec0
ffdc
ffa5
ff30
fdf8
fe65
fe24
fe65
fc3b
fe5e
ff84
00a0
ffb7
00de
00f8
ffd8
fe80
fe58
ff1d
ff5c
fd86
fdc4
ffc7
004f
0073
014d
0385
01e2
014d
005b
00a8
ffe8
fea9
fee3
fe6c
ffe3
008a
0208
026e
014e
017a
019f
00a8
00a3
ff9f
fe91
fe4d
ff6f
02a8
01e5
01f1
0173
0201
0115
00f8
009f
fff2
ff46
ff07
fecd
01a4
0250
020c
0169
020e
009c
014c
006b
ff82
fe51
fe32
fbac
0326
0218
00c3
015f
00aa
0170
012b
010b
ff9b
010d
fe35
fe60
0191
00e1
008b
fef8
00a4
021a
01fa
ff67
0073
ff43
ff22
fcc7
0106
0270
00ad
fe95
ff3a
ff8c
fe6c
ffc8
fe5a
fe20
fe51
fcf8
ffcc
0206
01f5
fd8b
fd70
fcec
fea0
00af
fe16
fd8a
fdc9
fe66
fd08
fea9
fb9f
fcb0
fdab
fe27
fdea
fe67
ff4e
fda2
00ef
fe55
febd
ffd4
00db
014c
007b
0088
ffd4
018d
0023
ffa4
ff40
ff8c
fe22
feae
00fb
0154
0077
fff2
ffbb
009c
00aa
001f
fe03
0010
fe71
00e6
02fa
02b3
01a4
00ec
010e
00fa
010f
01e5
ffdb
0061
fd93
0078
029e
0281
0240
01d7
01db
0222
029c
006d
ff39
004c
fee3
01f5
0189
0222
0266
01b4
01c7
0201
00cf
0099
feba
ff8b
ffed
ff4a
0160
00de
01b2
000a
0114
0091
ffb8
fffc
ff7b
00dd
00cd
0043
0119
01df
00a2
0059
ff7e
00a1
ffed
00be
ff8f
0125
006c
ffff
00c4
00ed
00d4
0061
009c
0105
0075
009b
0017
01a2
fef9
ffc1
007c
0227
0249
0285
0233
0188
0072
0244
0136
019f
fead
fe1d
009d
025b
0214
0249
00fd
010e
0079
0291
02da
0141
0052
fe3b
013c
014f
02ce
027e
00e5
0109
0143
0208
014d
012d
015b
ffbe
ffee
00f8
004f
000f
ff9c
018a
009c
011a
011f
0076
fe97
ff19
002f
004d
ff69
fecd
fc8a
fe3a
fd9c
fdb6
fc82
002c
ff87
ff20
0029
ff71
fef8
fd96
fe9a
00db
fe69
fcad
fc90
fca6
0149
ff6a
fee0
00c2
00b8
019f
0159
008f
0081
0272
feeb
ff0e
ff6d
ff2b
ff2a
00c5
004a
0106
01fc
0194
0298
00e8
0112
0146
fff6
fec8
0021
016e
0160
00d9
021d
0392
02d4
01ad
fff7
001c
fefc
fe32
feb4
00b6
01b8
0177
0099
016e
0173
008f
fffa
0138
fe9e
fe7b
ff51
005e
0182
0249
028d
00ee
0137
fff6
01f4
01e7
ff6b
009f
0099
000b
00b3
0244
0181
ff57
ff2e
ffd8
003e
ff70
0098
0167
01fd
01db
00f1
0203
01da
002e
007f
ff0b
ff56
ff01
01d8
02b6
020c
022c
01a1
0102
0089
0034
ff90
010c
0041
fe48
fed8
011c
ffb4
ff43
fe87
ff42
0003
ff6e
011f
0015
017d
ff52
fe73
ffe5
0048
ffdd
ffd4
fe78
ffd7
00dd
0279
029b
027d
017c
0138
0223
012c
ffa0
0130
0065
fe4b
feae
002b
0114
fd91
fdd9
0248
ff91
017f
017b
fede
0006
0052
ff5b
0052
fda8
fda7
0074
ff2b
0044
0173
0108
0084
0130
fee1
ff81
ffc0
ff85
fded
fc1e
ffcd
013c
011c
0046
fe8c
ff37
fea4
fe6e
ff0c
0033
fdaf
ffc8
00cd
0139
00d5
00aa
ff96
ffd7
ffb7
0051
fff8
feff
fff0
0171
0199
0190
027f
ffcb
ff82
ffd9
ff77
ff52
fef1
fffc
0098
0098
0019
006d
0006
ff3c
005a
ff90
fec1
ff42
0028
02a4
01df
0116
feec
ffa0
fe09
ffd5
fed3
ff61
0087
0060
00f2
01a1
0167
0098
fe6f
00ec
ffb0
ffca
005d
ffeb
0142
009b
0212
018d
024e
00ec
ffe4
ff66
009f
ff75
0148
01c9
0307
01f2
00ce
fff4
01cd
0038
012b
fff3
0192
0039
0135
01da
0190
01f1
0102
0107
0142
0169
ff17
0003
01e9
01d6
01e5
02f2
007e
0186
01fe
0189
00e4
010e
00cc
ff4f
fec2
fef6
0034
0028
008e
00a4
ffeb
0036
0018
ff0b
015a
fec5
feca
fff8
ff46
0023
ff18
ff6d
ff31
ff70
0010
fed1
0046
ff89
ffba
0066
ff1c
ff29
006d
ff93
007b
ff04
ff95
ff71
00e8
ff24
007b
ff59
0033
ff83
002d
0066
ff3a
ffbf
ff07
ffb4
fed3
ff9e
ff3e
ff3f
0012
006b
fec7
ff58
feea
0098
0095
006c
ff6d
004a
ffe9
00ab
000a
ff7f
ff55
ff1a
ff54
ff2c
ff4f
ffbc
ffb8
ff55
ffa4
006f
001c
ffa9
ff8a
0018
ff3e
ff49
006c
ff16
ff5a
fecc
ff85
fed5
ffc5
ff91
fedf
0042
ff63
ffa5
ff83
ffe7
fef8
fef7
ff4b
000f
ff0a
ff3d
fed5
ff36
ff33
ff27
fede
ffe2
ffef
ff89
ff19
ffa6
fff3
000c
ff78
0006
0056
ff06
ffae
ff77
ff6f
009d
ffdd
0099
006a
0066
ffb6
fffc
ff28
003e
ffbe
ff4f
fed6
ffe8
009f
ffed
ff86
fefc
feee
0075
ff9f
001e
ff4a
ffe3
003e
0065
ffe7
fee9
0038
fed3
fefc
ff89
00ef
0219
0035
00a1
0124
ff90
fe44
00a4
00eb
0164
0373
00fd
0397
024b
017e
0240
0053
ff80
ff84
0023
00b8
015d
03af
02a0
0327
01d7
0311
0114
ffd0
ff0f
fee8
0014
ff5a
fe72
01c5
00ec
00fa
01c9
0182
0250
ff5e
fee6
feab
feaf
ff1d
feba
ff9c
ffdd
0069
0344
0217
0135
0057
ff5c
fdd4
fed3
fd96
ffbd
fe27
fe2b
fe52
0061
0230
0167
ff7c
fe96
fdb0
fec7
fdec
ff18
fe4b
fe67
fe77
0031
0177
027f
feb4
001a
fd45
fdd6
ff87
fee7
fd8a
fdb1
fe2f
ff10
011a
0251
fe6a
ffdb
ff2e
febc
fff0
fe6d
fded
fdc5
fe46
ff6f
00d5
027c
0148
ff0c
017f
00c4
0134
00f8
ff40
fec5
ffce
ff06
fefe
0216
026e
00ee
008a
02b5
02fd
0106
0076
ffee
ff6a
feda
fe8e
ffe8
01d4
0169
00a4
008f
fff4
ff0c
fd70
ff7d
ff74
ff2e
ff71
ff8a
00a9
ffcf
008f
005b
0075
001f
ffdb
012b
0140
ff22
00f0
ffd2
ff61
fec9
00a6
fef2
ff18
ffec
ffd2
ffef
ff80
fffb
0101
0071
ffe4
ffcd
0029
ff54
0033
fed4
ff34
0012
ffd0
ffab
0139
0055
ff95
ff78
ffe3
0010
fff9
ff8c
fff3
ffe1
0085
0068
0029
fee2
ff5f
fec3
fed2
fee1
fff7
0023
ffbe
ff71
0064
0001
ff6c
ffab
ff39
fee4
0002
0053
ff70
ffd3
fec0
00e6
ff65
ffb8
011c
fef8
ff86
0080
ff42
ff0b
fedf
0046
003c
000c
febe
0087
000c
00a9
005a
ff30
007b
ff7f
fff9
ff15
0002
ffa2
ff40
ffff
ffda
0010
ff07
ffb0
ffe3
ff19
ff22
006c
ffc0
ffc2
ff58
fffa
ff55
ff0c
feee
ffac
ffa4
ff0a
00aa
ff78
ffa0
00a7
ffba
0037
0017
ffaa
00aa
fff8
fef8
ff75
0091
005b
00d2
0070
ff9c
0001
0072
ff40
0054
000f
00b1
0054
fec1
ff4a
ff8a
ff77
ff56
0061
ff99
ff40
ff63
0079
ffcd
fee9
ff27
ff6d
fffc
0036
0013
fe93
feda
ffc1
ff8e
ffbf
0049
0027
ff81
ff9a
fff8
ff75
fed6
0030
ffbd
000c
0087
ff63
ff85
0033
ff79
ff2e
0098
003e
fea4
000e
ffc8
fef3
ff48
ff11
0020
ff08
009f
ff76
fef1
ffbf
00a2
ff0f
0077
ffad
ff73
005f
0082
ff18
009c
006f
febf
ff80
0051
ffc3
fff5
fed1
ff6b
ff76
ffcb
feda
ff0f
fed6
ffb6
ffad
005c
0034
006a
0034
ff57
fefb
0048
ffb0
ff4b
ff0c
ff6a
feed
000a
0039
fecc
0045
feff
fffc
fee0
0023
febf
ff5d
ff95
fedc
ffb3
ffe8
ffea
ff2b
0013
ff9c
0088
ff3b
ffaf
0056
003a
00b0
fed8
ff99
007e
0039
ffdd
ff3d
fed6
ff28
003b
0040
0048
ffac
0031
004a
ffb9
010a
0028
ff28
0074
ffa2
ff74
0063
ff6d
00ae
fee3
ff78
ff06
00bd
fe67
ffb3
ffbf
ffaf
0123
ff8b
ff33
ffe5
010f
ffcb
0194
ff15
ff45
ff22
0100
01b3
0151
02aa
03b8
02a0
0136
0096
012b
029d
01d0
00d8
0147
0287
012c
0213
031b
02ce
01bc
031f
02b9
0084
ff9b
ff8c
026f
0110
022a
0236
0290
0127
0147
0232
027b
01f5
fc86
ff3d
ff73
0105
008c
011a
015f
018c
ffec
007c
0159
0124
003a
01a7
ff8b
ff6e
008b
01a0
013a
0011
ff19
004b
00a7
007b
0194
fff8
0039
ffc7
010f
ffec
00b4
ffc9
ffd1
ffee
ff2e
ff17
ffb9
0038
014a
0104
00c5
0138
010b
ff9c
ff19
ffde
fdc9
fef8
00aa
009c
0060
008a
fff4
00f9
fff3
0049
ff45
fe57
fcca
fcbd
ffb8
fe1b
fed2
0042
ff63
002e
feda
ff18
feb7
fda8
fcf2
fce4
ffa9
ff73
fe32
fece
ffc4
ff90
fe60
fe88
fe08
fbba
fb00
fb54
0058
00fc
000d
ffe3
006b
fee8
ff3f
ff5f
ffdf
fefc
ff69
febe
00d1
005c
ffe0
001a
0083
fff6
ffbe
0017
007e
fef8
feae
ff0e
0020
ffb6
feef
ff50
0109
0117
ff77
fe9d
fcf3
fedb
fda8
fe72
ff56
fff9
021e
03c8
02f6
02f2
02aa
013d
016c
004e
ffc0
ff7a
fff0
ff48
02c9
0546
0543
0507
046c
02e8
037e
03b0
0255
0309
fcce
0029
022b
016b
035b
04ba
058a
0484
033b
0280
01c3
014d
ff2f
013d
00b9
006c
037b
038a
02a5
0139
0284
01c8
0283
0065
fee9
0076
02d6
01d8
0222
01fa
0235
00d6
01d7
01db
018e
00c4
fd98
fed0
0002
004d
01ef
0297
0333
01c2
02cc
02d9
0339
01be
fe56
ff50
011a
0056
0106
02dc
0331
02fe
0270
0408
051e
0303
0098
fec2
02a1
0208
025b
0238
04be
0433
0273
0243
02cd
0241
fffa
00ca
01b5
01f1
0322
03eb
03ac
04b1
0431
0381
030c
003e
00da
023c
0258
02f2
024f
0367
0158
014a
0041
ffc7
0103
ff7b
ff26
00f6
021a
0296
0238
003d
0110
ff5e
ff50
ff11
ffac
fee7
009b
008e
ff8d
ffd5
feee
ff6e
0053
ff84
0092
009b
0052
febf
ff0b
feff
ffdb
fecd
ffe0
ff29
006b
ffbc
0017
0056
ff5e
0000
ffa0
ff6c
ff2c
ffcd
ff09
ff89
ffa3
ff18
002f
0027
ffac
004a
ff24
001e
feeb
ff96
0058
ff15
ff9c
0064
0080
ffb7
ff33
0010
ffad
ffc0
ffc6
fed3
0054
ffde
00ac
ffce
fef4
ff16
fffc
00af
0078
ff8a
ff0a
ff2f
0067
ffae
ff02
004f
0038
fedc
ff2e
ff1c
ff8c
ffbf
ff23
ff67
ffe5
0030
ffe7
ff8a
ff04
003b
0018
0062
00ce
fee3
0027
005b
ffb4
0067
ffd4
0028
fed7
ff04
ff37
00a1
ffe9
ffd3
fecc
0032
0021
0099
ff51
008c
00b0
0099
ff5c
ff3e
fee2
008c
ff32
ffad
ff22
0079
ff7c
ff3a
0001
ff91
00fe
fed3
ff18
ff12
fef2
ffae
001d
ffd0
ff00
ff38
0051
fffb
007d
ffbc
0025
004b
003d
ff73
ff4a
009d
ffb3
fef2
fe90
ffdb
ff92
fff9
0069
fdbc
fc52
fd50
fd3e
fd0b
fe7c
fe28
fe6e
00e9
00df
fe59
00ff
fddc
fc09
fcab
fb2b
fd17
fe0b
fe1f
ff2a
0034
ffb6
ff1a
0120
fbd7
fc3d
fb5d
fb50
fcc1
fd35
fef0
ff7e
feeb
0076
fee2
0084
fdfa
fd91
fc9f
fcca
fd00
fe16
fef2
017c
001b
00aa
0142
020d
ffbd
fe02
fdd5
fdae
fd41
ff0f
ffa7
00e4
fff9
ffa0
0081
01aa
00d8
ffd1
ff5b
fe4e
fd97
ff8e
fe6c
ff84
fef5
fe8a
006c
0143
001e
fed7
fe18
fdca
fef2
fea9
ff25
ff31
fe96
ff23
ffe4
0152
ffe0
fdff
fe9d
ffbe
ff46
ffdb
ff20
00ea
ff3e
ff03
0179
01b6
fd05
ff69
ffa3
fe30
fe5f
fe13
fe8b
ff64
ffd4
ff94
01bc
006d
feb3
ff27
fef8
ff5c
0037
fecd
ff47
ff72
ff55
feaa
0288
00c8
012c
0066
ffac
0063
0124
001c
ffb3
ffe2
fdcb
ff94
0164
0319
00af
fec3
ffa7
ff54
ff39
ff09
feb0
fdba
fe9f
ff04
0057
007e
02fb
00d7
fd57
fefb
fe2d
014e
0108
017a
ff27
fec3
0149
0183
01d5
0472
01cf
01c5
0184
0160
01f3
0208
0002
ff9d
0246
001e
00fd
01d7
02c4
0280
036f
0288
0234
013d
ff21
fdc4
022a
ffeb
0175
014a
0267
01bf
01b0
017e
0276
ffbb
009a
fde1
0149
013f
02b0
0225
02f9
0266
01bc
00ed
0174
ff85
029f
fe37
015f
0107
01f3
0192
0185
0161
015f
0176
001c
00d1
000b
ff7f
ff31
ff6a
00ce
ff5c
fffc
0098
010a
000b
fe87
005e
ff14
fe40
01d5
fe47
fec1
fe84
0069
fff8
ff94
fed9
fec3
feeb
0021
fd98
ff4e
fe93
ff67
ffb9
00a8
fff4
fef3
fe71
0029
0066
febb
fcea
011d
0084
000d
007f
0125
016e
0186
0109
01b5
006b
00a2
ff3b
0247
0261
0005
00c4
00ca
020c
00df
0100
0229
01be
00c3
fe92
fe2d
fd3c
000c
ff8d
0077
ff26
ff1b
ff52
ffc8
00eb
ff8b
fe36
feff
07b3
fe07
00ce
0172
0110
01c7
0297
0226
00ad
ff4b
ffe0
00d5
005f
fdfe
0119
0219
0267
00a5
0156
02e6
02c0
02a9
02ba
0253
02e2
febd
006b
0043
ff6b
ff8a
01d8
0230
0213
019b
febc
fde6
02b6
ff08
fe49
fed2
fecd
0058
020c
03c6
030a
0320
020b
ff88
00d1
fe68
fe1c
ff26
01f2
024c
01d3
01eb
01e8
0111
ff7b
fe9b
ffdc
fdeb
ff47
0178
ff3b
ff6c
ff6e
fec4
0038
fe8f
0272
01a7
017e
fda8
ff01
0093
ffa4
ff4a
fcf9
fcc4
0103
0178
00dd
0191
01eb
ff03
fd92
ff59
ff5d
fd1c
fd77
fcc0
ffd1
ff63
0141
02a3
024f
fe36
fdd8
fe60
00ae
fffb
fea5
006e
ff8b
fdf6
0049
ff92
001f
021f
0011
0130
0281
03ab
0393
0112
01a8
0072
0011
ff3b
ff17
ff7b
009f
0170
0247
00fc
0109
0208
0135
01af
0189
ff25
feef
ff79
003f
0007
01b2
0283
015f
ffab
0033
00e5
00c8
0122
fff7
007f
0243
0245
0076
00ed
02af
0428
02f8
012a
fd9d
ff5a
ff16
fe6d
fde0
ff26
fe7e
0043
ff85
fe92
00b1
ff5f
ff42
febd
fde2
0024
ffa0
0015
fe82
00e7
ff7e
ff24
fcfa
fddd
fee2
ff70
0048
00bf
0169
00e8
fe55
fe3b
fef8
ff3b
fd7c
fda2
ff03
0287
0116
ff4a
fec0
fed9
01f4
fe6c
fe14
fe3f
fecf
fe4a
fd22
ff15
ff18
0094
002b
ffd8
00a1
ff8a
ff2e
ffb3
ff39
ff36
fe99
ffb8
0174
00a1
0120
0165
002a
fe81
0043
fee4
fc7e
fdac
fd4a
00e9
01e2
0053
ff03
feea
fe81
fe9f
0039
fe9e
fb85
fce9
fd9e
fff7
0281
0051
ff2f
0009
fdf1
fe67
00a0
feba
fd0a
fd37
fe1b
fd56
0021
006d
000e
fe99
fd83
ff71
ff3f
fd1b
fde3
0102
fd9b
fabf
fdd4
0123
fd93
005b
ffde
01b4
0275
010c
00e9
fef0
fb6d
fd14
fe5e
00b3
ff58
0164
01bf
0147
0129
fe55
0037
ff00
0023
0008
fe67
ff34
fe30
fdec
fe33
fe44
fd69
ff34
ff2a
ffa8
ff8b
ffb6
fe09
ff68
01ba
004a
00c5
ff92
ff6b
ffc5
001e
0215
010e
014e
ffde
016d
009f
01a5
00a7
ff69
fe24
ff1b
ff52
0034
0252
001c
fe99
009b
003e
0193
00e2
00f3
0055
fe7f
fdd7
fe97
fe48
fcd2
fe97
0155
021e
027d
02a5
ff57
ff8d
fe89
ff26
fe0b
fd9d
01c5
ffa9
009b
ffb0
0032
fee8
fd2f
fd9b
fdba
fecd
fecb
fddc
029b
009b
0258
fe2d
fd3e
fc3b
fc94
fd0d
ff71
ff98
001f
ff92
01c2
fe29
0021
fda5
febf
fd99
fda8
fc94
fed0
ffd4
ffec
008f
01d2
fea1
ff53
ff62
fdc2
ff32
ff0a
fdcc
fd5c
ff59
ff92
01d1
fff6
fdf3
0030
ff61
0043
0002
01e0
ff32
fdac
ff0a
006e
ff4e
00e9
fce3
02f4
fe41
fcdd
ff1a
00da
0107
0021
ff53
001a
fe7f
0006
fbbb
ff75
fe7c
fd79
fe7a
000d
0029
01f4
009d
fb5a
fb25
fa9b
fc06
fd5f
00b5
0017
017a
010b
004e
ff47
017f
0239
ff10
004c
feeb
00d0
0214
00a1
01f2
0028
feaa
ff3f
00fa
0177
0173
005e
032f
ff1b
feb3
00a2
00f4
ff08
fe64
ff46
00e3
01cd
00e5
004d
007e
fecb
fcba
fbe4
fb6c
fd38
ff98
0090
007d
01e9
0221
010e
fff5
fc29
fb70
fc24
fc3d
fe40
ffc8
ffff
0152
003f
ff65
ffe5
fffb
fd96
ff83
ffa9
008e
0274
04a6
04d5
01b8
ff91
fdb2
019a
ff8e
0092
ff1d
0147
01cb
0383
0487
0350
00c7
ffb5
fd0e
ffd0
fecd
0172
0170
022c
00fc
015d
01ed
0015
ffed
ff12
fdfa
ff75
fd12
0210
0273
033c
0214
00da
00cb
ff0f
fe8a
fd3f
fd59
00c9
fd1a
0044
0166
0284
008e
0020
ff77
00c8
ffc3
fe11
fe95
00bd
ff88
fdbc
ff5e
009c
00ec
ffb2
fdba
fdc1
fe95
fdc1
fe3a
0055
01a6
00c4
ff77
ff9b
00f0
03e2
010f
0268
ffc4
ff6e
feda
020b
0202
01ac
001a
01b9
00a4
ff98
0214
0117
00b3
00b5
ff5e
fe3f
0120
0056
001f
00f5
00e3
00ca
0220
01ad
ff90
0099
ffb4
fe2e
0066
00da
0274
0290
00a4
021c
026b
0037
ff8c
fec0
fea5
fd61
ff73
0011
01b9
02f9
012b
0225
002c
0129
0073
fe90
ff73
fdca
fdbe
011f
0131
00e7
00e4
ff96
009e
00c0
0046
003a
ff43
fe55
ff63
0102
019b
fffd
ff21
fe8a
fe78
ff19
fdf8
ff13
004b
fee2
00b2
022b
010e
fe61
ff10
feac
ffa8
feaa
ffc9
fec5
ffae
00a1
ffea
021b
ff97
fe39
fe66
ff27
0025
ff80
ff54
0008
0044
00aa
0103
0104
ff13
ff09
ffec
ff25
003c
0023
00df
00d6
fff7
0010
01ff
009a
ff91
00b1
007a
02d1
01d4
0115
0096
00b0
005f
00df
0112
00d3
009c
ffad
0132
01ad
0210
01e9
0173
01df
0133
0039
fef1
018e
00b6
ffa2
00d3
0059
01d7
0120
00c3
01a3
00d9
ffa7
01b2
0169
0136
02b9
0233
014f
0283
ff98
ff7b
feff
fbd5
ff5a
01a4
0220
0198
0106
01c0
01d2
ffbb
ff11
000b
ffb7
ff36
000b
ffa2
00ed
0139
00f8
fe5e
fde6
ff6f
0045
fe9c
001a
0018
008f
004b
0030
00ae
ffd9
fe19
ffb5
ff12
ff60
0037
008c
01ef
ffcb
ff8f
00bd
021c
ffab
00ae
022b
0170
01a5
ff09
0162
00e6
0033
005f
0046
01f4
021f
02a6
012f
01d1
0161
016f
0036
00aa
019e
00e7
ffb8
0163
030d
008e
01ae
02b1
00d9
0280
018d
010b
00cb
0071
00f5
00ae
022c
0271
0134
013e
025a
0241
01be
0050
0003
0006
ff9f
00ea
ff8d
002f
ff53
01f1
0258
011b
0111
0059
003d
00bf
ffe9
007b
019e
02a4
013f
01ad
0290
00c6
00ff
001e
01f6
01f8
fec2
00a0
0276
00ef
02f5
01ab
019e
ffc3
0020
ffa7
0112
0159
0096
0130
01a4
0250
0236
01b4
015c
001d
ff57
0085
01f1
01f6
029a
ff9c
008c
0086
ffb6
fe15
feba
fe8a
015f
ffc2
005b
00f2
03df
fd74
ff64
fe08
0035
0320
0109
03b1
02dc
021c
ff8d
00ab
ffaf
ff3e
fff6
0388
0373
03db
02e3
0484
051b
040e
ff3d
005a
001b
008e
0360
0239
02bb
02b6
03f7
049e
0539
0303
00f1
0043
0186
fffe
0167
005a
0157
0082
0184
00c5
0052
0269
008b
0065
fedd
00c2
00cd
00b2
00fb
013f
fefb
fe36
fe8b
fe1c
fee7
0119
fe9d
ff4d
fe50
fca2
fdab
fe69
fd72
fdca
feb6
fe39
ff29
ffb7
fe7b
ff58
feab
fe00
fd31
fea2
fe94
ff19
ffc6
fe6b
ff49
fef0
fed5
fff7
ffda
ff65
008c
0105
0174
0169
00dd
ff07
fe82
fd08
0062
008e
016b
010e
0082
00ac
0020
003c
00e2
fe7f
fe73
fcdc
fe88
019e
01e9
021e
01b7
00d8
0007
0193
ff9e
fe64
ffb5
ff6d
ff76
ff2a
ff59
ff8d
ff2d
0010
fea1
ff8f
ffbe
ffc8
fc53
ff16
ffb6
0047
00e0
ffff
ffdb
ff2f
00a9
00f9
00bc
ffd8
00a3
ff1c
ff4b
00d5
ff6b
ff86
ff20
0004
ffee
ff14
ff2a
00bc
004f
007a
00e2
0031
0015
ff17
0026
ffbf
ff4f
00c5
00ed
ff99
00a4
00f3
007a
00ac
006a
0070
0059
ff67
ff3b
006a
00d9
0005
004d
ff41
006e
0009
ff5e
0068
0084
ff4a
0059
ffd0
00e3
ff1c
ff24
00cb
ff36
ff75
0046
0075
004d
ffb5
00c3
ffb6
004c
00ca
ff30
0012
0096
ffc9
ff6a
0044
0049
ff9e
ffa9
ff86
ffca
ffaf
0005
00de
00fb
ff00
ff5f
00c1
ff5c
00b1
ff1a
fffa
ff20
0060
0051
fff9
004e
003a
00b3
ff32
ffd8
ff63
fff6
003e
ffb9
ffe7
ffff
ff53
ffa2
00c1
ff0c
ff22
0033
0038
ff35
00d2
ff92
001a
ff2d
ffd3
002f
ff46
ff45
ff8b
ff5a
ff56
0021
ff83
ffdb
ff08
00dd
00a3
ffaa
ff22
ff97
00ba
00bb
00df
0011
00e6
ff14
ffcc
004b
ff5a
02cb
00d1
ffbe
fe8f
fefe
ff26
feb0
fff9
0029
0152
fff5
01d9
fcf7
0069
fde9
fc21
fe9e
fe5e
00bd
00fd
03ab
01af
0067
feca
fe09
0044
003d
00ce
ff50
00dc
0212
02d0
02b8
0092
0056
fdce
ff56
013f
01d0
0143
01a1
01ab
018b
ffef
010c
027e
01f4
0080
0018
01e3
025e
024d
0188
ffe7
ffcb
ff96
ff15
0141
01d2
ffb6
fe12
001b
0030
0147
ffed
ff23
fdf7
fc58
fc22
fae6
ff32
fdc7
fc12
fd78
ff92
ff57
ff6d
fe10
fc60
f880
f9a4
fb9b
fe67
fd9d
fe0f
fb51
fdd1
fde6
fcc9
fe37
fd5f
fcfe
fbf7
fd9e
ff40
fd46
fee7
ff90
fe81
fea8
ff13
ff99
ff62
ff66
0012
0022
0020
ffe5
00ea
0179
ffd7
ffab
00ac
0143
0038
008e
021b
00e3
0064
ff9c
0044
016d
ff28
ff85
005e
01af
0084
01fe
0346
017f
0023
ffa1
ff7c
000e
00c3
ffbd
ff82
00c4
0028
00b7
ff9c
fe39
fe32
fd95
011b
00f2
fff9
0041
00b8
011f
ffe1
007e
00ac
ff77
00bd
ffd9
00ec
005d
ff65
0015
0070
00a5
ffd4
0081
006c
00ac
ff62
00b4
00c1
0057
ff68
0009
ffbd
ff7f
ff5e
fff0
002e
ffe9
fff5
ff78
ff6e
ff5c
00b6
ff9f
0083
009a
00d1
ffd8
007c
ffa2
0070
007f
0114
0029
ff60
00e6
000c
0128
0080
00e3
ffe1
fff4
0116
ff5b
011d
00a1
ff94
ff52
0008
ffae
0059
00dc
0065
ff69
0112
00d7
0056
ff65
002a
0059
00f9
00f9
000b
00ba
010c
0047
ffa4
0015
011d
ff7b
ff52
007a
ffe6
00c4
ffe0
ffe1
010d
ff90
00ed
0042
0101
fff1
0117
0139
00bf
0027
00bd
00da
0109
000e
00d6
ff50
00eb
00d9
010b
ffcf
00ab
0021
0090
00a4
ffa4
003f
00a8
0080
00d6
004f
ffd6
ff80
00ba
0053
ffa1
0115
000c
ffe2
0061
00cf
003d
002b
0130
0008
ffa9
ff5f
ff50
0052
009b
ffca
ffab
ff9e
00f6
011e
0102
00ad
ff5a
009d
0071
0133
002b
0137
00d6
ffe3
0024
013a
0105
00d0
0007
008b
005b
ff83
ff88
011c
ffd5
ffa9
00f5
fff0
00f0
ffef
0083
00b9
0142
0083
008b
00d4
00a1
ff90
ff8f
ff64
002b
00a1
00a1
0117
ff9b
ff95
ffdb
fffc
0040
ff48
ffd5
0038
0140
004d
0138
005c
0127
00cd
0030
00c5
000a
0025
0039
007f
ff7a
005f
011a
0012
008c
ffb6
0112
0073
011b
0120
005a
0052
0003
ff8c
00ba
0015
ff8b
ffb1
ff51
00f3
ffaa
009e
fff5
ffca
00ac
000e
ffb9
ffee
002f
001a
ff8a
00e9
0026
fff2
ffa3
0064
0060
00d2
0128
ff60
001d
fff0
ffbf
00cc
00a3
00cf
0135
0004
00a2
ff7b
0133
0025
ffa1
0047
0096
ff8e
0103
00a3
010a
ff8c
00f8
ffa4
00b6
ff76
ff80
0133
ffbd
0094
0068
0134
0092
0006
ff92
008c
00d5
00ab
00b2
005f
00ef
0107
0010
0102
fdf5
fd8e
ff1e
0039
01d3
0210
0152
01b6
0128
fedc
00dc
0159
0023
00b0
00e2
02af
02d4
026a
0269
01f0
01c5
002e
01b2
ff7a
0062
0034
01ab
020c
0175
016a
ff09
ffbd
fd78
fd9f
fe66
ffb8
ff50
00dc
002d
ff84
fd86
fb52
fc68
fc40
fc71
fdab
fe96
ff24
fec1
ff93
fe5a
fecf
fe05
fd18
fcb0
fe73
fe59
fe4d
fd09
0009
ffbc
fe1b
fd1b
fd38
fe01
ff1f
0070
012b
0026
fdf5
fdbb
fd6c
ff2c
fd96
fe9f
fed2
febc
0015
00bd
0314
009d
fe37
fd9c
fd94
ff17
ffe7
020c
0229
0206
02d2
03ec
01d9
0171
0061
fe0a
fee9
fe05
007b
0287
02be
0233
0378
0263
0162
ffee
0050
fff4
ff78
fff5
ff60
029b
0283
0132
0236
0275
020c
0265
024c
013b
ffa0
00f4
ffbc
ffe8
0028
0061
00f3
00b4
00d5
008d
00cb
0184
01a9
ff59
008b
ff68
ff55
0218
0202
0405
00d7
ff6a
0177
0049
ff84
ff07
ffc1
ff4a
0099
fdd7
018f
0354
0064
fff8
fea4
0155
0062
ffcc
fde3
fe82
fe1b
fc59
fe7b
ff43
0066
ff23
fedc
0078
ff33
01c2
fe48
fb1b
fc3c
fb7e
fc38
fbc0
fe22
ffb3
ff9a
021a
0076
028c
fdb6
fef2
ff39
fa5e
fc10
fd7d
ff0e
00ad
ff91
01cf
00fe
fec7
fc61
0010
fd1d
fb55
fbfc
fca3
fde5
feff
ff27
01df
0106
fff6
fdb3
fe56
fd35
fa8e
fa26
fbd0
fcf5
ffbb
ffe4
01fb
0220
feed
fe23
fc3f
fbcd
f96d
fba3
fc03
fc28
fe51
fea4
0096
03c4
005f
fefa
fccd
fc75
fca2
fafb
fb88
fb32
fc76
fe0b
feff
020d
0044
ffea
fe8c
fb5f
faab
fb4f
fcdc
fbb9
fcce
fdce
ff10
01c1
0057
0049
0161
fe52
fdc4
fbc9
fc98
fd2d
ffaa
feef
ff73
00a0
fec2
fe4b
00f1
011b
ff3f
fe1f
fda5
fe82
01ed
00a8
0108
ff26
fe06
fd87
ff1f
0282
0250
fef8
ff8a
feaa
feff
fde6
fd3f
fe7f
008e
002d
ff5c
005a
ff3c
ff19
ff87
009d
ffe5
00aa
00cb
ffe6
fef3
ff54
00a9
00c3
00ca
00a4
0016
006e
ffe6
ff0a
0016
ffc3
ff8e
ffde
ff4a
ff35
0009
ffa0
0046
0021
ffff
0034
0003
ff4a
ffa3
006b
ff44
fff3
fffe
ff38
009e
ffb3
006d
0092
003a
ff51
ffad
0006
005e
ff6d
ffa7
001c
ffd9
ffe2
0064
007a
ff57
ff88
0062
ffd7
ff78
ffa2
ffd8
ffa8
0024
ff20
0088
ff1c
0093
feed
ff43
ffa5
fff5
004f
0037
002d
ffc5
ff42
ff84
0036
006f
ff2b
ff9d
003a
ff99
0093
ffda
ffe5
0008
feea
feef
ff75
0037
fffa
005e
ffcd
ffef
0097
ffac
ff6e
004c
ff0b
fee2
00b6
ff3b
ff2f
ff6d
ffdf
0065
00a6
fef0
ffc5
00ac
0080
0091
ffd2
000e
008d
00ce
ffff
0086
00a2
ff55
0040
ff00
ffd2
ff00
0080
0076
ff3d
fff5
ff5b
ffff
ff2c
0083
ffd4
ff93
ff10
0090
ff2b
ff17
ff40
0134
00f1
ff3a
fd77
fb15
fc5a
fe7a
ff56
ffbf
0225
01b8
0105
009d
ffcc
ff5a
fc3c
fce9
fe8d
0041
009b
00a5
0173
0267
fe8f
ff89
fe3a
fe62
feca
fecb
fe73
0030
004d
0083
0043
025c
ffa6
ff80
fe3b
0062
0184
ffdb
fe78
ff50
ff1d
ffd4
0018
0150
0044
00eb
ff3b
000f
01f5
009a
ff0d
fdf4
fcaa
fbf8
fd62
007b
ff72
008d
ff2b
fd10
fdcd
fe53
fd99
fc2d
faf8
fa4a
feb0
003d
0024
020e
0019
fd1e
fb9e
fd53
fe0d
fd97
fce3
fca3
fe86
00f5
ffa1
01cc
0169
fe48
fc46
fd35
fee1
ff2b
fead
0077
007a
014b
ff00
0165
005f
006e
fe24
fe25
fdb4
fed4
fda8
fe6f
ff11
0082
fe9d
001d
ff9d
ff0a
01d7
00ca
fff4
ff98
fe55
fe47
0097
0048
fed1
01e7
ffa1
00fc
ff9a
010a
0039
0025
0084
0087
00a9
ffb9
00b9
0157
013f
ffd9
fe66
ff14
fe95
00de
0019
fd6d
fdaf
ff43
ff8d
0375
ffd4
007a
feeb
fddc
fca3
ffd2
0165
fe18
018e
01cf
ff55
019e
fd4b
fe23
fda9
fd69
feb2
0080
01df
0114
fbf7
fd0e
fe1b
fee2
fc47
fe71
005e
0229
0260
03a2
0298
01d0
fe88
ff1e
0136
0135
01cc
0286
0308
0311
032e
0264
0242
01f0
01a3
0084
010b
037a
0326
038c
049d
010f
ff50
ff3b
ff8f
ffab
006b
0090
00fe
0330
01bd
01f5
012e
01bc
0028
feb9
ff45
ff6d
ff82
ffc1
fc23
ffa0
ffae
fe48
fe8b
ffe6
ffe9
ff6f
fe4c
fe43
fc47
fce6
fc58
fcc9
fc2c
fc83
fd82
fd2f
fdab
fe62
ff78
ffab
fed8
fd47
f9c6
fdff
ff71
fde9
fe48
fd3a
fdd1
fe95
fe8a
fe24
fe6b
fe75
fb96
00b3
ffcb
0021
ffa9
ff2b
ff51
fe1d
fe16
fefa
0073
ffc6
fe0a
ffb7
00b1
0236
0166
01c0
006f
011c
0184
ffa7
015c
00f4
fda1
033f
00b6
00e9
0099
ffd4
003b
ff7f
fe22
0077
ff98
fff5
fdf1
0571
ffc9
feaa
ff44
fef9
ff7c
ff97
012d
0109
ffec
fff8
006d
ff68
fff0
009b
010e
ffb8
ffb4
0002
ffa3
0087
000e
0087
0099
ffbd
ffd4
0042
0135
0042
0029
00b7
ff9b
007b
0018
0092
ffe8
00f3
ffc4
0019
ff3b
0063
ffb5
00dd
fefe
ffd5
ffeb
00fb
0012
00f1
ff56
ff41
ff80
0048
000d
fe6b
fe42
fe88
fef3
009c
ffdc
0012
ffc7
ffae
0000
ffd0
ff92
ff46
ffa0
feb6
ff46
fff4
0102
00c9
feab
014d
0002
00a1
0070
ffb9
feed
fea2
feda
005a
0102
ffa7
00de
0046
010f
0185
ffff
ffc4
ffc7
ffe4
ff4f
ffb8
ff11
fffe
0072
004b
0058
ffb5
018a
fff3
00ab
fef5
ff33
fec1
0077
ff23
fec5
0067
ff43
ff61
00f0
000f
ff67
00a2
00aa
0018
000d
ff62
ffee
ff58
00a5
ffa8
005a
fec7
ff3f
ff11
ffd6
0001
0032
007b
ff03
001d
0043
ff65
007c
ffc1
ff8f
fef3
ff4c
00fa
00a1
fe55
ffee
ffa1
0027
00c0
002d
ff11
ff5f
0035
00b7
00ca
ff72
007a
ff7d
0043
ffbf
0064
002e
00c0
0108
ff90
ff67
ff40
003c
0057
00bc
007b
006d
00d7
00b6
006f
00ef
ff6b
0020
ff78
00db
005a
ff57
0040
ffed
ff61
ffc9
0044
ffe4
003c
fff0
00c3
011d
003c
003c
feb6
ff61
ff4d
ffea
00da
ffe8
fff1
ff9f
0078
01a0
00a6
0089
0099
ff50
fffa
008b
fffa
000a
ff0d
ffba
0156
00ca
0063
ffb3
005c
ff18
006c
ffe1
fedd
ff07
fed5
feb6
00ed
0027
018d
0127
0104
0019
009b
0117
ff7b
fe98
ffe0
ff66
ff71
00b1
0169
0085
00ac
0040
ffb0
ffc1
0037
ff4a
ffbf
0021
0046
fefc
ff76
ff54
ff56
ff03
00cc
00b6
0079
fed0
ff80
ff99
ff5a
fe80
010d
ff87
ffcc
ff21
0051
ffca
fff9
ffcc
ff01
ff25
0054
00a8
ffea
009d
fed5
ff9e
010d
ffa0
ff2c
0005
ffcf
00f1
ffa7
0029
ff9c
fe8b
0069
000b
ff2e
ff8e
0066
0016
ff2e
ffb4
0036
fff1
00df
ff1d
ff11
ff05
0049
00bc
003a
ffa1
ffc8
ffc3
0062
ff40
001e
ff0b
ffbe
0015
ff4e
0073
0017
fed2
fed2
ffd8
007f
fe97
002f
fe71
002e
004e
ff09
ff48
fff0
ffe9
fe97
ff1c
ff44
ff19
fe60
ff3f
fe94
0080
ff51
fffe
ffb8
fe84
ffa3
ff9d
ff3a
fec1
ff30
ff52
ff92
fef3
ff4b
ff0d
ffec
ffac
ffd4
002b
ff34
feb2
ff27
ff6d
001e
0097
008d
fe66
0015
ffcb
ffd7
003e
0037
ff1f
ff13
fe87
ff1b
ff0f
feb2
fe89
00bc
ff54
ff42
004c
fff0
003c
fe63
ff39
fed1
feba
ff46
fece
0016
0059
ffa7
ff48
fefe
ff2d
0038
fe87
ff21
004e
0009
feef
feed
fee7
0085
001d
ff6c
ff41
ff08
fedd
ffb8
ffa3
ffa1
ff10
ffb7
fefb
ff84
ffc6
0065
ff1a
000a
fed3
ff78
fed7
ff0a
001b
ffcc
000f
fec1
febf
fe7a
001b
fff7
fff7
003d
feec
ff4c
fff7
ff4b
fefc
0058
ff43
ff7e
ff36
007f
ff90
ff93
ffaa
00a0
ffdc
fe9c
fee8
0018
feac
ffc7
0031
ff43
ff71
ff72
0049
fed0
0069
fe5f
feb9
ff48
ffe3
0061
fec3
ff31
ff4e
ff46
fff6
0033
ffa1
fe4e
0051
ffbb
ff38
0017
ff12
fe83
fefc
ff85
ff35
fef8
ff80
0029
ff0a
ff71
0050
ff82
febb
fe74
ffaf
ff3b
ff31
0070
ff71
fede
ffe5
ff4a
ffc4
fef1
ff12
fec0
ff27
003f
0053
ffca
ff8d
0027
0005
ff69
006a
ffc7
0067
ff49
febb
ffb9
008b
ffcb
fec6
ff64
fefe
ff45
fee6
0007
ff8d
ff4b
ff2e
febd
0072
ff5c
fff5
000f
feb5
ffb6
ff39
0083
0040
005b
007e
0000
feee
008c
ffa0
ffa7
ff8b
fffc
feec
0052
fec6
fedd
ff1f
00b3
ff91
0006
ffcd
ff96
ff52
ff5f
fec5
0019
fee3
ff65
fffe
ff3d
0059
feed
ff93
ffa8
ff93
ff9e
ff6b
ff2b
fe59
fe8f
0045
fef0
ffff
0038
ffed
ff88
0073
ff3f
fffb
ff07
ffcd
fea6
ff12
ffc4
ffad
ffac
fe5f
0052
ff52
fefa
0049
007b
feda
fe8b
009d
fff1
ffc4
ff84
ff8e
ff22
005d
fea5
0045
feaa
ff60
fef1
ffdc
ffb8
005c
ff7f
fee2
fffc
ff2f
ff67
feda
ff57
00b5
0069
003c
fedf
ffda
fffa
0031
ff0a
ffcf
fe6c
ff1d
00e2
0023
fff0
0032
feb0
ffb8
fe6f
fe77
ff94
fe9c
ffb3
fe87
ff56
ff9c
007a
005b
ffa2
fedd
ffc7
0099
fefd
ff76
ff56
fe7c
ffd4
fe3c
ff60
ff77
001c
ff9e
fefd
ff5d
fe10
fd8f
ff82
fe35
fec5
ff04
fffb
ff80
ff1c
fe9e
0029
ff3f
fe5e
fe58
ff5c
0014
fe30
ff2a
ff40
001d
008f
ff1c
fe49
ff9e
fefc
ff83
ff89
ffa3
ffbe
fe15
fdc3
0024
ff63
0038
0003
0039
ff29
ffa8
fe99
fe44
0052
ff25
ff8d
feea
fef2
ff88
0021
ff8f
ff95
ff03
fea9
fed1
fea8
ff14
ff77
ff55
00ac
00ab
0115
0107
ffae
00da
010b
0131
0081
ff5e
0006
ff3e
ff5c
ff45
ffb2
0031
ffe6
ff8a
0089
ffe2
ff8e
ff43
000a
00ba
002a
004e
ff6e
0049
ff23
0023
ff3f
0042
ff09
005e
ff71
0002
ff95
ffbf
00b6
0010
007b
00ea
00c4
0008
ff9a
ff0c
0069
ff92
ff87
ff07
ffdf
00d6
006a
ff8c
ff73
ff88
007c
ff08
0006
00d4
00d6
ff65
ffc0
ff5d
00be
0063
ff4f
ff94
ff23
001f
ff0a
ff90
00bd
ffd8
009f
ff97
ffaa
0085
00f0
ff6b
ffe2
ff2b
ff69
ff30
ffc0
fffd
ffe2
00cd
0064
ff1a
ff82
fffb
ff67
ff58
ffcf
0016
007e
0013
ff6d
00ee
0068
ffb3
001f
0008
00d4
ff39
0000
ffb4
002a
00ea
ffef
ff26
fff8
0027
0091
005f
ffb7
ff27
0053
00e8
fff9
ff58
008c
ffbd
009b
008a
00f3
0078
00f6
ffc5
0046
0030
ffb9
00bf
0025
ff7f
00b5
00dc
00b4
0069
ff87
00ae
ff4b
ff96
00b6
ffac
0096
005b
ffb5
0081
ff7d
0025
ff4b
ff91
ffac
ff6d
ff8f
ff27
ffd6
00d1
00ce
ff6a
003f
ff7f
006f
ffab
ff66
00a6
ff4a
ff0b
ffdf
ff2a
005d
ff53
002e
ff18
0088
ff95
006d
ffcb
0007
0048
00ad
0067
ffc7
0060
000c
ff5a
ff42
00d2
00cd
002f
0056
ffc2
ff3d
ffe1
0006
ff0c
0055
0073
ff2a
ffec
0185
001c
ff77
fffd
014f
ff93
009f
ff62
009b
ffe3
ffd1
0127
ff60
ffc7
0051
0097
005e
00e3
ff5e
0028
00a9
ff85
0053
ff60
008f
0047
ffba
ff63
00cd
0027
0084
ffaa
002e
ff7b
ffc0
ff4c
007e
000f
00e4
000a
008c
006b
0004
ff08
0093
0077
002c
000d
0010
ff2c
ff61
007b
ff5b
ffed
ffb4
00b8
0067
ff29
fff1
0094
fe4e
0000
0003
008b
0068
ff4b
ff5f
00c6
00c7
0047
0032
003a
011f
ff54
fff2
fe99
00b3
fe87
feb8
0085
002a
00f9
00b6
0017
ff5f
ff68
0026
0071
0096
ff97
ff5f
012d
ffb4
ff3d
0136
ff6b
00e4
ff7f
0015
ff63
0143
0028
00fb
ffdf
0057
0060
ffb6
00f4
ffff
ffa5
ff92
ff4c
007d
00e9
00fe
001a
0061
ff65
004d
0065
004b
ff96
0044
0038
0062
0040
ffb8
fff6
0120
00a4
0095
007a
0009
0113
ff99
ffad
0024
ff8b
ff5e
ff3b
ffe6
00c5
00c8
ff65
00b3
ffc0
00a2
0038
ff66
0035
ffb5
ff62
0038
ff8c
0140
0033
0091
009b
00db
ffda
ff87
ff5f
00c6
0100
0146
ffc5
ffb5
000d
000d
00eb
ff9c
0096
00dd
ff53
0115
000c
010a
ffe0
0058
ff1c
009e
ff88
ff4c
ffd8
fff6
ff41
0098
0019
004c
0025
ff96
000d
00ff
00c2
fff1
007b
0075
ffcc
0010
ffef
0101
ff40
00fd
ff62
ffc0
0149
ff83
0116
0087
0114
00ba
00a1
ff8c
014a
0140
0070
0070
ff00
00c6
fffb
fff0
00c0
00c5
00a3
ff19
ff80
ffef
0023
ffe6
ff4d
ffc9
ff35
fe98
fef4
ffde
ffb7
0031
ffd9
0032
fed0
fe7f
ff20
ff3a
ff80
feba
0013
fe8b
ff41
ffb6
febf
ff2a
ffb1
0022
0083
ffad
00a4
fef2
fef3
0026
0098
ff67
ff1f
ff7d
ff6e
fe60
ffbd
ffc2
003c
ffcd
ffd2
fffc
ff70
fede
feb9
ffe1
ff1f
ff51
ff98
ff0d
ff30
ffc7
006f
0065
fea8
ffb2
ff35
0093
0008
0012
0066
ff01
ff23
0011
0038
0001
feb8
ffa5
0052
0088
ffa0
007d
fe9b
ff9b
ff59
ffa3
ff3a
ffba
0045
ff41
ffaf
005b
ff6a
ff66
fffc
fff2
003e
00b2
ff6a
fe15
ff7e
fe6c
ff37
fef5
000f
ffe5
ffc9
ff55
00a0
ffd4
fed1
ff9e
ffb6
ff43
fe5d
fef0
ff06
0069
fedf
0033
ff5b
ff77
fe9b
feb1
ff7e
ff69
fe69
ffd2
ff06
ff29
ffbd
fefb
ff1a
ff33
fe57
ff20
fe6e
ffb6
fe44
ff3b
fde6
fde3
ff2d
fef7
ff5c
ff73
000b
ff30
fef6
fffe
0032
ffd5
00be
ffa2
00c3
00f6
00ff
ffa3
0059
ff67
ff74
ffd4
001c
ffd1
0107
00ce
00fc
00ed
fffb
0088
004e
00cc
ff86
001d
fed9
013b
003f
00b8
ffa0
003f
ffc7
0018
00d4
fff4
00e8
001c
0120
ff99
ff71
ff83
004e
ff57
ff6f
ff31
ff6e
00b2
ffe9
0118
0068
00f4
00fe
003d
ffa2
00f4
ff6f
ff95
ff5d
00dd
0126
ffd1
ff66
00c4
00ef
ff6c
000d
ff5a
0094
0128
0138
ff4e
0129
00c3
0106
0112
ffb2
0123
0137
00ba
00ba
00ed
012c
ff8d
011f
ff8a
0023
ffcf
ff7d
ff8b
0018
0069
00b7
ffdc
ffb8
ff09
00d4
0114
ff7e
ff5b
00a3
0042
00be
0034
fffd
ff6b
004c
ffa0
008c
ff95
0121
ff7e
004c
001d
00e0
ffec
ffb8
ffc9
0103
ffa7
000a
ffaa
00e3
ff5d
ffc8
ff63
00d9
00ef
0028
ffe0
00c6
0136
003e
00df
ffe5
001a
0076
0054
00b9
00a2
ff65
0012
0086
0096
00d7
ffab
ff89
ffec
0092
00bf
0029
ffbe
0019
0068
00fc
0139
0114
00d0
00c0
0059
00b4
ffd0
ff8c
0102
00f3
ff57
0008
ff90
00cd
00f5
0094
005d
ff66
010f
00b6
ff5b
ffab
ffe8
ff95
ff69
0007
0118
001d
ff7a
ff55
005a
011a
ff7f
010a
ffc2
ffbe
ff78
0077
002d
ffd7
0056
0014
007b
0025
ffbb
0036
ffe4
0069
ffb6
0082
ffc9
ff7f
ffe6
0123
ff72
ff5f
0139
0107
ffcb
0117
ffb8
ff74
ff5b
0037
00b1
010d
0021
ff9c
011c
ff06
012e
ffc6
004f
009e
00a2
00ac
010c
00d6
fff1
0142
006c
005b
0141
ffcb
ff66
ff9e
0061
ffed
0018
00d9
0011
fffa
010a
011c
ffaf
ffb8
0033
ffe4
004d
0034
007e
0109
00df
0108
ff59
0063
ff8b
005e
ffbb
00c3
0105
006d
0063
ffab
0089
011a
ff7f
ffe9
0043
ff55
fff9
011a
0092
0098
0080
ffc3
012a
ff6f
ffb4
00b3
003d
ffa1
ff1d
ff57
0093
003b
ff7c
ff57
013b
00a1
fefa
ff14
0020
004c
fea8
fecf
fffd
ff7a
002c
fff1
00c5
0099
fed9
0045
ff57
0012
ff90
ffac
fefd
fea9
0018
fef7
ff02
0045
ff07
0006
ff12
0045
fed1
0060
fece
ffbd
ff3c
0018
004e
0033
00b5
006c
fee2
0039
ff17
ffee
ff24
ff64
fea1
fe5f
febb
ff77
0070
ffdf
ffa1
002b
001f
fea7
ff15
0058
ffa9
fef3
fff6
fef2
ffb6
ff97
ff47
0094
ffe6
0028
ff78
ffd4
ffc7
0002
0023
ffef
ffa7
007f
ff2e
ff03
ff47
fef7
fe91
ffb7
ffc2
005c
0023
0051
ffeb
ffc2
0026
ff16
ff71
fedb
008d
ff08
ff3d
ffdf
ff3a
005c
fed4
008a
ff96
ff60
0038
005b
ff1e
ff99
fecf
ff4a
feca
ff84
fff8
ffbf
ffcf
ff7d
ff71
ff51
ffc7
0035
ff69
0031
ff35
0015
ffeb
ff38
ff0b
fe87
ffe8
0034
004a
ffd7
fe92
006d
fefa
006d
0055
feec
0090
007f
ff8b
fea8
fecd
fec4
fea3
ffcf
fecb
ffd7
ffb6
0065
ffd8
ff4f
ffab
00d6
ffb9
ff69
005b
ffda
ff30
00a3
ff62
ffe0
ffe7
ff75
ffe3
ff40
ff47
002d
0073
fe93
feb4
ff59
0157
00df
fffa
ffaf
ff88
0034
0056
ff21
ff4c
0030
fed0
0004
0009
00ee
00c9
ffc3
ffb4
ff2c
ff5f
fe6b
ffd3
0133
ff51
ff37
0054
0029
0079
ff70
00c3
feb1
fefb
ffc2
00e0
0085
00c8
fe25
ff6a
0075
0053
00cc
fff5
fea3
ff90
ffb3
0043
0144
0024
0131
fff5
ff74
ffb1
ff61
ffbd
ff42
ff6e
fe77
ff39
00a2
ffc1
001f
0055
0072
00ad
0087
feb9
fe57
0082
feb6
fe4f
ff96
ffd8
ff8e
ff98
fef6
fec3
008c
ffa4
0078
ff11
ffbc
fee0
0040
0047
fffa
ff2b
002c
fffe
0094
fed1
ffe7
ff6e
ff4c
00be
005b
ff62
00de
feee
feee
0086
ffa3
ff15
ffed
ff42
ff69
002c
ffc2
fea9
fef6
ff9a
ffb0
007d
ff8d
ff4c
ff2b
fe0f
ff87
ff1b
010a
ff6a
ffc5
ffd7
004c
00a3
005c
feff
ffb2
fec9
0012
ffc2
ff31
00d2
005d
ff07
ffb2
ff5c
ffd0
fea6
ff4a
ff98
000b
0094
003c
0068
0049
0022
ffa8
ff92
0015
ffb7
fee9
fec6
0056
ff94
0071
ff40
ff94
ff67
fee0
ffcf
ffb7
ffed
ff00
ff89
fe8a
fef9
ff1a
004b
0052
ff7c
00c2
fee6
0006
0015
006e
005b
ff90
ff83
ff8b
ff84
00c6
000f
00d2
ff5b
ff2b
ff4d
ff14
007f
0035
0037
0067
ff8b
ff4b
ff4e
ff6f
002c
002d
ff57
ffb6
005a
ff78
fee1
ff62
fff8
0085
ff05
fef5
fff5
ffd5
ff4a
0040
ff21
ff1c
ff25
0064
ff9b
ff10
ff31
ff40
0008
ff94
fed4
fec0
ff02
ff5f
fef7
00be
ff9c
feee
ff5c
feff
001a
ffa6
ffe5
005b
0044
ff46
ff40
fee8
ff9d
00e1
ffd2
003d
00aa
0041
ff5e
ffa8
febe
0078
ff60
00ac
ff4f
ff41
ff12
003c
0075
0044
009c
ff2e
ff9f
003b
ff29
ff23
009b
ffb4
ff75
ff12
fe98
ffd5
ff41
0060
0023
00ca
007c
feeb
ff46
0006
ff79
ffac
fe67
008a
ffa4
ff8c
0092
00cf
0051
0048
ffc1
ff34
feae
fe30
ffa0
0018
feeb
0011
0030
ffd9
fff1
0009
ffa5
ff2d
ff60
ffcf
0019
fef1
002d
feaf
ff0e
fe54
0071
0010
ffac
ff9d
0026
fe59
ffb7
002b
ffcd
0065
feb6
ff83
ff93
ff0f
fedb
fee2
febd
feea
fea3
fed5
fee0
0029
ffa3
fe60
fefd
0027
ff56
ff94
ff21
fec2
0030
00af
ffb0
ff44
fe98
ffcf
ffe5
fe94
004b
fee6
0002
fe6b
003d
0182
0174
fe85
febc
ff32
ff2f
fe1e
fe71
fe7d
ffca
fedf
fee0
ffd9
00f9
ffc5
0078
fff9
ff28
ff22
fe20
ff83
00b8
fdc9
ffd9
ffef
0101
fee1
003d
ff3f
ffb1
ff73
fda1
0013
ff26
fe35
ffd4
ff3e
ffaf
001f
ff12
feff
ff01
0018
ff4b
0021
fef7
ffa0
ff43
ff97
ff55
0029
fe92
ff09
feaa
ffc1
ffbc
00d1
ff82
ff04
ff0d
0040
0099
febe
009c
ffff
0043
ff3b
00bc
004f
ff9a
fed5
0000
0039
ffd8
ff71
003f
007e
004d
fe86
ff73
ff21
ffd3
ffc1
ff79
0035
fec8
0059
ffe6
0012
ff3e
fefa
0019
0096
00dd
005f
ff2e
ff35
ffe7
ffad
ff35
0042
ff9f
fe80
fef7
ffd5
0007
ff3e
ff8d
0080
ff52
ffc6
ff98
ff0c
ff8f
ffd5
ffa6
0063
ff4a
ff56
0043
ff46
ff74
fefa
ffa8
ffe3
ff62
fefb
fed1
ff60
ff32
008b
00a2
0043
fff9
ff8f
00aa
0030
ffd6
fee4
fffc
ff1b
ff23
009a
008a
ffa5
fed8
fff7
0023
ff50
ff42
0060
fed8
ff47
0030
ffc9
fec8
ffd1
00a0
0042
ff18
004d
fec7
fedf
00a9
ffb6
ff48
fef8
0053
ff68
ffa6
fffa
0084
005b
ff2c
0018
ff9e
ff4c
ff90
ffbd
ff2c
004a
ffa8
fffd
ff84
ff1a
fee8
ff53
0007
ff1c
0062
0028
ffcf
0043
ff5c
ff04
00b1
0044
ff96
fea4
004c
002e
ff2e
ffaf
fedf
fe5c
002e
0056
0048
00e2
011c
0080
ff97
0080
ff87
0066
003b
ffce
0123
fff7
0059
0047
ff6d
ff6d
ff57
00af
fefb
0018
0071
0016
ffd8
0028
ff71
ffb1
0134
00ab
fff4
0018
001f
0048
0081
ff80
005c
fff9
00cb
ff92
000a
0037
007e
00be
ff0f
0092
ffc8
fefa
00c5
ff63
ffd6
ff1d
0046
ff66
0030
ffd8
fedc
0082
001e
ff8a
ff2f
009a
fedc
fe79
00b2
0029
0080
0035
ffe1
ff7e
0048
ff00
ff06
ffed
002f
0019
0010
0091
002f
0080
ffd5
ff32
fee9
000b
00a4
ff66
fed7
00c7
003c
ff6e
ffc2
ff2f
00a6
0025
001c
ffd6
0094
ff7b
fe6e
0062
ff25
fe6f
0063
ffc5
007b
0073
feee
006e
ff66
fefa
fe8e
ff92
ff77
ff06
ffa5
ff41
00c4
006c
fff7
ff45
0114
ffcd
ff2f
ff09
feac
ffba
0033
fef6
004a
ff76
00c6
ff95
ff69
0040
ff31
0088
ff1c
009c
ff38
ff0f
ffaf
0078
ff1b
ff9a
00aa
ff0f
ff49
006c
00bb
0000
0023
feb4
0070
005c
009c
0002
ffdc
00bc
ff17
ffd1
005e
0069
ff10
0075
fed3
ff92
ffd2
001e
fefd
0093
ff2e
0063
00ac
ffe0
00bd
ff53
0013
ff95
ffd1
ffc3
0047
004b
feb0
ff58
ffe0
ff52
0097
ff3c
fff0
008e
ffb2
fecc
fff6
0014
fecc
0071
fff4
fff4
ff09
feb9
000b
fec7
fff0
ffad
0051
ff91
ffee
feea
ff30
fede
ff4f
ffb7
ff9e
ffe3
ff09
ffcc
fe7e
0004
0084
ffee
0080
002d
fed1
0024
ff86
000c
007c
fec7
ff04
fec4
ff8a
00a3
0070
0016
fff3
ff20
ffce
0046
fed7
ffc1
fef3
fef8
0000
ffd4
fff4
0047
0067
ff82
fef0
ff11
0038
002d
ff78
ffd3
0055
ff96
ff37
0046
ff6a
fef1
fedb
ff97
ffc6
ffe0
ff4f
ff11
009b
0063
fec9
ff89
fee3
ff24
0046
003a
ff34
ff70
0040
005d
002a
ff98
feb4
ffd8
ff3a
ff1c
ff0a
ffd0
ff42
000c
ffe9
0031
fe9b
0000
ff39
ff2d
fef3
ffed
ff9d
ffe9
fede
ffbc
ffb0
fee1
ff33
ffd3
ffb7
ffd0
003c
ff76
0037
fef5
feb2
0069
ff5e
fe92
fff8
0029
ffdb
ff41
fef3
fef5
ff44
ff5c
ff4c
0000
ff3a
0007
0021
fe99
ff14
feb3
ffec
ffb4
fed6
fef5
0046
fe84
ff53
fefa
006e
ff9b
ffad
fff5
ff5b
fec1
ff31
ff7c
fefb
ffff
ff7c
feba
ffc7
ff8e
0006
fee9
000b
001b
ff84
ffd4
ff57
fee2
ff64
fee4
ff35
fef1
000a
0050
ff7f
fff3
ffc9
ff4c
fedf
feae
ff4d
fed1
0031
0029
ff90
0043
fecf
ff30
ffb5
ff15
006e
fef3
ff9b
ffb9
0013
0047
ff27
fe6e
fff0
ff04
fffa
0010
fef4
0017
fed4
ff34
003b
ff67
0025
ff20
ffb8
ffd6
fe74
fe9e
feaa
ff50
ff7e
ff23
001d
000b
fec2
fffa
002c
ff60
0048
0041
ff3e
0045
fe72
ff10
fea7
ff72
ffb8
ffe4
ffcf
ffad
0076
007e
fec0
004d
ffb7
ff5b
0005
feca
fe8a
fe9d
ff7c
0073
fffa
001b
ff30
ff7d
ffa2
fedf
fe64
ff38
ffb7
ff1a
ff8f
ffdc
ff60
0053
0011
fef9
ffa1
fece
ff6d
0072
ffd6
0012
0052
0065
0041
008e
ff02
fef2
001e
008f
0098
fee3
ffbe
ff00
fecd
0064
fff4
fec6
0056
feee
fefe
feee
ffb1
fede
0065
fed7
ffd9
ff8e
ff28
0024
ff15
ffbf
ff59
0075
ff5b
00ab
ff9f
feaf
ffe4
0035
0075
0080
ffdb
ff98
ffc0
ffba
ffd3
0016
0056
0071
0042
002a
ff53
ff74
004e
0066
fef3
ffe4
0049
ff6e
0068
ff54
fece
fed6
ff5c
ff67
0012
ffe7
ff3b
ffb2
ff63
fff9
ff27
ff0b
ffc1
ffa1
ff2a
fec3
0058
fedf
ff3d
0006
0062
ff45
fee9
ff70
ff64
0066
ff72
ffd2
ff30
ffff
ff4d
ff94
007f
fff9
ffc9
ff64
ffd5
ffbb
fec9
0029
ffcf
ff7a
feea
ffb6
0003
ffb3
004f
0057
ff09
ff50
004a
feb2
003b
004b
0033
fffb
ffd1
0074
fea1
0040
fec5
ffa0
ff4f
ff37
ff85
ff47
0033
ffb9
ffd6
fede
ffca
0059
ffd4
feed
ff82
ffb4
ff4e
ff08
ff04
fefd
ff45
0073
febe
0008
001b
feaa
fef7
ff00
ffb4
ffe9
0079
ff3d
ff5b
ff7c
008d
0084
0016
ff5f
ffb5
ff3f
ffbb
ff5f
ff77
fee7
0077
ff62
ffa7
0083
006d
fe9f
ff65
ff04
ff07
ff8a
fedb
ff09
ffd2
ffb3
ffb3
000e
ff25
ff97
ff2a
feaa
004c
ff89
003a
ff6d
007f
ff62
fffe
002d
ff7f
ff4d
00bb
ff7c
0002
fee7
001d
ffd8
ff75
0030
fff6
ff86
0061
ff21
ffe6
0031
0052
0013
0081
ff17
0067
0009
ffc2
0053
ffcd
fff6
ff9b
ff4b
ffc4
0048
ff1a
ff66
feeb
001a
0049
0016
0050
ff1b
00c0
0045
ff75
ffe8
0007
feaf
febd
ffaf
fecb
0024
0062
0039
fef4
0044
ff43
fed8
fefe
fec2
ff20
ff6a
0064
0015
ffd3
ffdb
ffa0
ffab
002e
002b
ffb9
004f
010a
008a
0051
ff88
011e
ffee
005c
0007
0093
ffaa
ff85
ff73
ffb9
ff52
ffcc
0006
0048
ff0d
ff35
00ba
ffe0
ff45
ff6d
005d
0047
ff3a
009f
00c0
ffa8
00a9
ff69
0080
ffba
001f
ffce
00b4
00cf
00e0
ffa3
00e6
007b
ff6a
00f2
003a
ffe9
00c5
00a7
0076
ff22
ffed
ff5c
ff54
00c4
ff80
ff31
000f
0055
ff58
fff1
ff1b
ffc6
009c
0097
ff4d
ff94
ffa5
00bc
00c5
ff88
fffd
000f
00f9
00ea
00fa
ffba
ff5f
002d
00b2
00d3
0091
ffac
003c
00ee
ffd1
00c0
ffeb
00b8
ffc6
004a
ff55
00e6
00a5
00dc
006d
ff87
ffe9
ff0c
0031
ff48
ff45
ff52
ff16
0028
00b5
00df
ff4c
ff2f
00a4
ff5e
ffaf
ff56
ff68
ff6c
006e
00de
0056
0002
00bb
ff1d
ff0b
ffa7
ff1a
ff2e
ffc8
0037
007b
00d7
0071
00e1
ff4f
ffb2
ff93
fff7
fff8
ff32
0043
0077
ff22
ff0c
ff07
0058
ffa1
00b7
00cf
00b8
0137
ff97
ffb0
ff08
0131
003d
0093
ffc8
ffc9
ff85
ff9f
ffe1
ff67
0010
00e6
ff67
0004
0079
0037
ffc5
0002
00b8
ff92
ff5d
0012
009d
00b8
001e
0015
ffb2
ff88
ffbf
001e
ff8c
ff35
008d
ff64
ff34
00ab
ffd6
ff6f
00c4
0019
ffc8
000b
001b
0040
ff42
000a
ffe1
000b
ff08
ff96
00a6
ff36
ffad
ff1d
ffd5
ff86
007d
006c
00bb
0097
ff96
fefa
00a5
ff14
ff67
ff2f
ff28
00b0
002b
ff8a
0043
0038
00ac
fec7
0067
0056
ff2f
00e4
ff58
00f0
ffd2
ff10
00eb
0031
ff9c
ffb3
ffa8
ff6b
0018
0050
001a
00cf
ff54
ffdb
ff4d
0022
ffd9
ff71
ffcc
ff2e
0035
ffff
ff88
00f9
ffdf
0066
00ca
ff43
0073
0061
ffb7
ff4b
00e1
ff70
ff94
ff80
ff69
00cc
0047
ffe5
008e
fee7
00ae
00c1
0057
ff36
0060
ffd2
00b7
003b
0024
ff87
ffe9
0093
001c
00f0
ff6e
ffad
ffc3
00ca
0043
ff84
ff89
ff80
ff75
ff55
ff92
0095
ff59
0110
ff57
00da
0087
ffac
00fb
0014
ff8f
0057
000d
fff6
ffdb
ff67
00bf
0107
00a3
0033
fff2
0052
ffd0
ff80
ff94
0045
005c
ffbd
00a0
010f
0029
ffbd
ffc6
0093
0076
ffe1
0044
011e
0008
ffa1
0096
00a8
ffd3
00f5
002a
ff65
ffc7
fff1
00fb
0088
00ea
0063
00a0
ff9c
ff0d
ffac
006a
ff8d
001f
00ef
0072
00b0
0114
00dd
ffd9
0067
ffa7
009d
ff65
0042
00b8
0042
0075
004a
010b
0030
ffed
009e
fef0
ff15
002d
ffa4
00f3
009f
008c
00fd
014e
ff5a
ff65
ffc6
0071
0046
ff82
ff1b
00ac
00c2
ff5b
001c
ff9d
ffd2
ffe4
fff9
0092
ff87
010b
ff51
00a7
005b
ff97
0037
fffa
ffd6
ffa3
000a
004e
0002
00c6
0079
ffab
0008
011b
0107
004e
00bc
0086
0056
003a
00f4
ff74
009a
00ea
ff6e
ffa6
ff2c
feae
ff36
ff3a
ff76
ff26
fe67
ffd0
ffc5
ff3f
fe85
00d2
fec8
fed1
ff08
fed4
0068
ffd1
0065
ff44
006f
0006
0016
ffe1
fe9f
fffd
ffae
000e
ff3b
004b
005c
feee
0086
0084
ff81
ff90
ffd6
0079
ffe5
ff2c
0085
fe9f
fff1
ffc4
ff9f
ff36
000d
ffc9
ff39
ffd4
fec4
ff61
ffb3
ffcf
ff51
ffc7
fff6
0083
0014
ff17
ff47
002d
ffc1
fea5
006d
fee5
fef3
ff26
ffdc
ff3a
fee3
00bc
ffe4
fef2
ff0b
fea2
ff08
fef2
ffde
0002
feab
fefc
001e
00b5
ff02
ff5c
ff1f
ff16
0070
ff19
fed7
fea0
0048
ffe4
ffb1
fef8
ff72
fec9
ff53
fed3
ff3e
0066
ff66
001f
ffbb
ff1e
febc
00b8
ff6d
feb8
fea6
fec3
ff67
feb9
ff03
ff98
ff02
0031
ffaa
ff6f
ff6e
ff13
ffdf
ff84
feb2
ff07
ff3e
0053
fe9e
ff32
ff5a
ffa0
ff43
ff01
0011
fe9e
ff07
ffe4
003e
fffa
feef
006b
ff5c
0061
ff23
ff9e
00a9
fff7
007d
ffa5
0039
fec9
ff63
004e
ff34
ffdd
0116
ffd0
ff72
ff43
00a4
feeb
fecb
0015
ff6f
ff64
fed7
00e8
0131
ffda
0011
ff36
002a
0018
00a3
0034
ff93
ff91
010c
ffb7
0129
0111
ffb3
ffd9
00f2
0032
ff5d
010c
fece
fff2
ffe5
ff34
0016
00e8
006c
009f
000b
ffee
011f
0120
0006
00aa
0074
ff1b
008b
009f
0088
0017
ff72
fff7
00b7
012d
feea
fec1
011d
0043
ff9a
ff97
0124
ffbf
ff65
ff04
fffd
008d
ffcd
005b
0039
00dc
ffdd
0035
00b5
0053
011b
ffce
004c
0118
ffed
ff8b
ff5f
ffc0
014c
fede
003a
002e
ffad
0055
003d
ff38
012c
ff77
ffdc
ffe0
0072
ffb4
0049
0009
000b
012c
ff7f
00a6
00a0
ff3b
0006
00e3
0030
ffa4
ffff
0056
ffdf
ff83
ff42
fff0
ffe9
ffd5
fff8
0061
009a
0103
0022
0096
ffaa
ff64
ff4c
0082
ffc7
fec0
0026
ffbb
0107
ffcd
ff7c
0139
ffed
ffdf
008c
0095
0010
00a7
00c8
ff9c
ff42
ff95
0003
ffab
ff8a
004d
ffd4
ff1e
ffe5
0034
fedc
0069
00a9
0016
ffb1
fff7
ff4f
00ea
ff04
ff64
ffeb
fff7
001d
ffb7
0066
ff36
001a
0011
00b1
ff7b
ffdb
ff2b
feed
0105
ffd9
0044
013b
0102
ffa3
0013
ff88
00c9
00d6
0029
00e4
ffee
ff7e
ff71
0052
ffe3
ff84
ffbc
006b
001a
00a5
fed0
0060
007c
0021
ff51
fff2
fec4
009a
ffd4
ffb5
ff35
ff57
011a
0123
fffe
0087
00b1
ff7b
ffce
0041
ffcc
00c9
011c
0095
fff4
0080
00ce
ff6d
0001
0106
005c
fec0
0087
ffe3
009f
00d9
0037
ff19
006b
ff7f
ffe8
001b
fff4
007d
fff3
008a
ffcd
00f9
002f
00d1
0139
0031
ff7f
0071
00f1
00f0
0081
002f
ffc6
013e
00ec
ffe3
0129
00b2
ff6e
00e9
fecb
ff80
fffc
ffc3
fffb
ff76
0080
0030
0085
00ae
0091
ff06
fea4
ff24
ff3c
ffa7
ff41
ff82
febc
fff9
ff94
009a
0034
fee2
ffc3
ff79
ffcb
fec4
ffe5
ff70
ffd2
ff99
ff4b
ff4b
ff67
0002
0067
fe9a
ff16
feae
ff34
ff08
fe7c
ff7e
ff72
ff29
0047
feff
ff07
ff9f
ffb7
fee5
0037
fe92
ff05
ff8c
fed9
0029
00b4
ff69
ff40
ff39
fedb
0072
ffe3
001d
0007
fee6
ff08
0011
ff22
0066
0049
0040
ffdc
feeb
ffad
ff72
ffdf
feb4
000a
007e
000e
ffd1
0079
001f
007c
0021
00ae
002c
ffcc
ff11
ffa2
ff34
ff0c
000a
fee7
fede
00aa
ffa8
00f0
0099
ffe0
fede
ffa8
0082
ff5f
007d
0092
ff7d
fecc
ff60
ffad
0021
00cb
0024
0088
ff06
ff3a
ff8a
fec4
fee6
ff8c
ff73
ff44
ff39
ff3a
ff26
ffed
ffb5
ff0e
ff11
ffe7
ff32
002f
ffb4
ffd8
ff9a
ff90
ffac
ff09
fff9
0038
ffd8
0092
ff5b
ff5a
ff70
ff5a
ffb2
ffd8
00db
00c9
ff32
fffa
fff1
ffb9
004a
ffe1
ff08
006f
ff77
00cf
ffb1
00c0
007e
ffb1
ff42
ffd7
0014
ffcd
0034
00ae
00bc
ff2c
00b1
ffbf
0025
ff51
00a2
ffae
00c8
ff0f
ffbe
00f1
ff6f
0080
0076
00d9
005e
ff44
011f
00ce
0046
00db
ff19
feda
feb1
feb6
ff2d
00ee
ff92
ff1c
ff53
ff94
fec6
ffdf
00f6
fe7d
fff4
ff0f
ff4f
ff4c
0052
0068
0092
ffdd
fff4
ffc8
fff0
ff62
0025
ff7e
000d
ff61
ff8b
ff7e
003d
ffd3
00f8
000c
0038
0028
ff91
fef9
ffc7
00a7
fed1
0061
ffd7
ffdc
004f
0049
0143
ffeb
005a
ff92
007e
005f
feba
009b
ff69
ff86
ffff
0052
0083
ffb7
ff3f
ffb4
ff09
007c
feea
ff19
ff51
ff06
ffc2
0037
ff53
ff29
006a
00ec
0077
fffd
ff58
0086
00cd
000d
00c2
0079
ff24
ff33
0028
00a3
007b
00c3
ff31
ff0a
ff76
000e
008f
00d6
ffab
0085
ffa8
0022
ff79
011f
007d
feeb
ff1a
0028
fffb
0090
ff12
fefe
ff59
ff70
ffd0
0006
ffff
00a6
fff8
fef3
fff3
ffcb
0001
0094
ff6b
ff0c
ffa5
0088
002c
ffc4
ff24
00af
0077
ffbc
feca
ffce
0035
ff26
ffba
fee4
ff87
0055
ffd4
ffa5
001d
ff93
0088
00b5
005b
ff27
0060
ff7f
001b
00c2
0001
ff8e
0001
ffd4
fffa
003e
007e
ff66
ff3b
000d
0056
ff74
00c3
0083
ff3b
ff01
fea5
0052
00ba
ff5f
ffb9
fedf
ff2d
ff07
0056
0069
fff4
0082
ffb0
ff27
0016
003d
ffb8
003c
fef8
0083
ff8f
ff46
ff56
0032
00ae
ffde
0084
0049
0023
ff03
ffa9
00d6
ff8d
0059
ff0b
ff80
00a8
ff45
000c
ff5b
0083
0060
feda
00a5
ff02
00f0
ff91
ff6a
ffd1
ff1f
00aa
001e
00da
0032
00bd
0005
ffed
00bb
ff6e
ff44
ffcc
0064
fff2
ff5b
fff0
0064
ff71
0082
005f
008b
007b
ff1c
ffa1
00ce
ff55
0084
0053
ff59
ffac
ffb5
0061
ff6d
00b5
ffd3
ff39
0060
fedf
0089
0095
000d
ff9d
0018
fea9
ffe7
006e
fef8
ff76
ffcf
fefd
ff70
00db
ff40
008a
ffae
ff02
0086
ff44
ff23
ffc8
0000
0055
ffac
00e3
00c3
fffe
ff64
0010
0053
ff80
ff3f
feff
000e
ffb7
002a
ffb7
ffc3
ffce
0065
0069
fef1
0013
fedd
0036
002c
fff9
ff76
fffe
000b
ff15
0069
fed2
ff4e
0017
feb9
ff11
ff49
0052
ffba
0016
ff10
ff2a
ff89
ff7b
ff18
feef
ff1d
0035
ff5c
ff5f
ffa4
fef9
ff57
ffc8
ff9e
0023
ff92
001b
feeb
ffee
ff3d
ffc6
fff1
ff0f
fec0
0009
00dd
ff66
feb0
ff82
ffc3
ffeb
ff3b
fffd
feca
ffd1
ff6b
feca
0037
ff70
ff98
fedf
ff7c
00d5
ffc2
0015
ffe7
ff57
ffae
ff8b
feb5
ffba
ff60
fef4
ffaa
0030
fece
0047
0010
00c6
fed6
feea
ffe7
feff
ffe0
ff65
0016
ffd8
005e
001b
ff22
fff7
0011
ffb3
ff78
ff15
0001
fec0
ffc2
fea4
fee8
0011
003e
fffd
ffbb
ffe8
003e
ffd2
ff18
004d
ff44
0061
ffb7
fff6
fef3
fe9e
ff4f
0005
0011
feec
feeb
fed2
005d
ff77
ff6d
fef8
fe95
ff6a
ff02
ff06
fea0
fffa
ffb0
0079
0050
ff60
ff89
007e
feb0
feac
ff7a
ffd8
002a
ff5a
ff2a
0070
ff7f
febe
ff5c
00c6
0069
0044
0028
ffd9
ff68
fed6
ffa2
ff08
ffc3
ff3c
ffc5
ff59
0000
ff7a
ff5c
ff55
ffc5
004c
ff38
0062
ffdb
ffe9
000f
fffd
ffc5
ff13
ffe3
ffb6
ff05
ffd7
fffb
fed7
ff7b
009f
ffb1
ff18
fee9
fef4
0015
fea6
ff8e
fff3
0033
ff7e
0014
0062
007a
ffca
fef4
ff23
ff08
ffee
ffd2
fec9
0084
fee2
003d
ffb3
ffc7
ff81
fedd
fe73
fea1
001a
fea7
ff9c
fffe
ff3f
ff5e
ff9e
ffc1
ff60
0049
ff49
ffe6
ff23
fec8
0075
ff8d
004e
ffb4
ff13
0025
fec0
feea
0055
00a3
ff3b
0004
ffc5
fef5
ff96
0017
ff42
ff2a
0003
ff16
0038
0017
ffe6
fecf
0039
ff1c
fec2
003f
0043
ff78
00dd
007a
ffbf
0011
ff92
0012
ff6f
fff6
001d
feab
ff32
0039
ff41
ffea
ff41
ff8d
ff32
ff65
004c
fec7
ff98
ff86
ffc0
ff6b
ff51
00b2
ff9f
00e4
ffb0
fee7
ff7a
005d
fef2
ff67
ff57
ff11
ff1b
0076
ff10
ffb9
008d
0065
0025
ffec
ffef
ff8d
0040
ff64
0014
003d
ffdc
ff76
0011
ff55
007f
0074
0001
001f
0054
ff28
ff91
ff92
008c
002c
ff55
fea1
ffdb
feb3
ff4a
007d
ff7a
001a
ffb4
ffa9
ffb0
ff58
ffd4
ff71
fea5
0063
006d
ffaf
0011
0073
010f
ff81
000f
ffa3
0000
fea2
fea7
004c
fedc
fec9
ff37
ff40
008a
00f3
fff6
0075
00d0
0017
00b8
ffd1
007d
ff55
ff97
ff3e
ff3f
ff06
ff0b
0061
ffd0
ff9d
ff9a
0018
ff83
ffd8
ff19
005d
ff5f
0011
feb3
fea6
ffba
fed1
0096
ff98
fee8
ff6c
009b
ffcc
0085
00f0
ff8c
ff83
003b
fef6
ffbd
0061
feb9
feb2
00df
ff2a
0035
003b
0080
0050
00d9
fef1
fed0
ff25
ff38
fe93
008b
ff9f
ff45
0082
ffd2
ff33
ff75
0065
ffa6
ffcd
ff9d
ffad
ff87
ff2a
00ba
001e
00d2
ff62
00f9
fed7
fec2
fef3
ff20
001d
005e
ffcb
ff6a
ff70
ffe5
ff80
0059
002c
001f
ff2e
ff38
0054
0053
0022
002f
003d
ff6c
ff17
ff0e
ff17
feb9
ff41
ff44
ff05
00e5
ff7b
006c
ffdf
ffd6
007b
ffc3
ffd4
ff43
0063
0034
ff09
ff6a
00a6
ff2b
0018
007b
ff43
ffdb
ff32
ff03
ff24
0009
ffca
ffa4
00d4
ff6a
0049
ff3e
0061
ff45
feeb
003c
ff50
ffc2
ff0f
00ac
ffe6
0032
fffd
fff0
0055
ff8d
fef3
fef6
ff27
ff8a
ff31
ff46
ffdf
0093
ff85
007b
004e
ff01
0060
ff6b
ff53
ff95
001c
fef9
ff67
0040
fe9d
ffc4
ff1c
feee
fea1
ff50
fea0
ff3e
0052
fffc
ffc0
0041
005d
ff49
ff46
ff30
0000
ff8a
ffd3
ffbe
ffd1
ff25
ff33
ff2f
004d
fe91
ff09
fe8b
003d
ffb4
fe99
0035
00e0
ffac
ff96
ff93
fffd
ffe2
ffc3
ff1c
fedd
fffd
ff83
0077
ff83
feb4
ff35
005c
fee5
feef
0068
ffa0
fefe
ff63
ffcd
ff10
ff59
fef6
fec9
ffdc
ff52
ff0f
000e
000b
ff45
fef6
0009
0030
ff72
fe91
005d
ffd0
ff99
fff7
0026
fe9f
feb7
ff0d
ff49
ffbc
ff93
ff6e
fe9c
ff1f
ff7d
ffd0
ff32
0005
fede
fe87
ff9c
00cc
ff4f
ffad
ffb3
ffcb
0054
feb8
ff98
ff39
ff77
001d
ffb6
00e4
0020
0052
0042
feb0
ff18
febe
0002
0074
ffec
ffa3
ff2e
ff62
ffd0
ff38
ffdb
002b
ff1b
ffb3
ff8f
ffdf
fe97
ffdb
005b
0076
febb
0002
fea6
0004
fefb
ff4f
ff78
ff7f
0068
ff7e
ff10
ff99
ffca
feee
ffcb
001a
ff22
fef4
ffc6
0036
fffe
005c
ffe8
ff8d
002a
002a
ff57
006e
ffe7
fee3
0062
ff03
ff4c
ff60
ff3d
ff48
0039
ff57
0032
ff76
ffba
002b
007d
feb9
ffbf
005f
fecd
ffe7
004f
fe99
fee2
fec8
0011
ffa1
0052
ff99
0010
fe93
004c
0031
ff31
fea7
ffbc
ffb6
ffa8
006b
fe9d
ff00
ff03
0068
ff39
ff17
ffcf
fed9
ffa3
ff36
ff7c
febe
ff5a
0044
fedc
fe96
0063
003e
0042
fffa
fea8
0043
0032
ff51
006d
005c
003f
0002
fec9
ffa8
ff71
0073
ff39
0010
001d
fea3
feca
0024
fead
0006
ff50
ff9c
ff5c
007c
ffb8
fff6
fea3
ffc1
fec4
0062
0008
00a0
00cf
00e5
ff45
ff81
feb0
feb9
ffd8
005e
ffde
003f
0025
ffa1
fe9b
fff5
fefe
0030
ffff
ff9a
ff11
ffa6
0029
0041
ffc6
ffa0
ff72
ff74
ff11
002e
feb2
fe92
ff60
000d
ff46
ff68
00b7
00c8
0030
0044
ffe9
ffff
0078
fed3
fee6
0058
ff7a
fe94
006c
ff7c
ff1f
ffb1
ff4d
0085
00db
008c
ffa3
ff80
ff0f
ff50
ffe3
ff3c
fe92
ffaf
fee6
ff4d
ffa6
0060
ffac
ffed
0046
ff12
ff66
ff7d
005e
ffbc
ff65
00c6
00da
00c0
ff4a
ff61
00d9
ff83
ffd6
ffdf
ff79
ff95
ff26
fff6
006f
ffd0
ff5e
0018
005f
ff66
ff3f
ff99
fff7
ffcd
feb0
ff8d
ffb6
00af
ffed
ff32
0022
ff42
ff85
ff3b
ff01
fec6
ff78
ff8c
ff3c
0069
ff31
ffc9
ff96
ff69
ff8c
ff54
feb0
fed2
ff44
00b6
feec
005a
ffe9
ff7f
ff85
00ea
fed1
fff4
ffe8
0072
fee6
00f9
004a
00ef
ff69
004e
008f
feb4
0040
0019
fff0
ff95
fec3
ff7c
ffcf
fffa
ff77
ff7b
ff85
fed4
ff43
006f
fee5
ff4b
ffc5
ffd9
0004
ff62
0022
00ef
0045
005c
fe9f
ff04
fede
0017
ffd7
002f
ff2f
001c
ffd4
000c
0083
ff68
feaf
ffb6
ff53
ff64
fe7b
ff0d
001a
0005
fea2
0061
0016
ff7e
ff27
0006
ffcd
ffd4
00d7
00d7
007c
0079
00e8
00f9
0054
00af
ff67
ff8e
008c
0035
ff91
ffeb
ff71
002c
00da
ff29
0039
0015
0008
ffb9
ff63
0034
0010
fefb
ff5c
ffec
ffd6
ff25
00c9
ff37
0075
0006
0043
003a
ff23
008c
00dd
ff60
ff0c
ff0f
ff8f
ffe0
ff6b
002a
ffe4
ffc6
ff56
00db
ff96
00b7
fffd
0056
fffe
ffd4
ff21
001a
ffbc
0030
0020
ff98
ff79
ff79
ff0b
0067
fffe
00b5
ffd9
ff02
fef0
ff63
000d
ffa7
0048
00c9
004b
005d
008d
ff84
ffdc
0063
005c
ff56
ff50
00e3
ffed
0106
0062
00ad
ff7c
00a4
ffc6
ffcf
ff59
002c
ffad
ffb2
00fb
00e0
ff4b
fefd
ff24
ffd4
ffd6
0018
ff10
0109
ffa2
fffd
010f
ffe3
008c
ff1c
003b
ff49
003f
ff65
ff8e
ffc8
0024
ff5a
ff89
ff73
0015
00f8
ff22
ff97
0037
ffa6
ff8b
ff05
0068
ff42
ff73
005a
00d6
00cb
ffe9
0031
ffd1
ff58
ff99
ffc2
ff43
ffa5
00aa
008e
004a
00ea
ff07
ffc5
ff74
00e1
ff5e
00ad
ff74
0025
0063
0033
fffa
00f0
00f1
00f8
ff0f
ff41
ff34
ffc0
003e
ff75
ff21
ff16
ff93
ff30
ffc7
009a
ff86
ffd9
00ba
00f7
006a
00de
ff4c
ff82
ff25
ffec
ff0d
0037
ff81
fffa
000e
0002
007a
0031
0074
0044
ffe8
00a8
00d5
0028
0013
007d
007c
0053
ffba
006c
ff5f
ffa6
ff32
ff37
00be
005b
001e
ffe6
ff80
ffb0
0071
00e5
ff4e
00a2
00dc
ffb3
ff60
ffce
ff10
ff17
feff
ff79
00e2
00a9
ffa1
ff7f
00db
ff10
ffdc
ffb0
001c
0010
feed
ffe8
001b
0071
ffca
00c1
0067
0061
00f3
0048
006d
0086
feff
ff18
ff40
00a3
ff55
004e
ffe1
007c
ff50
ff98
ff45
004e
0036
ff6a
003a
0037
006f
00c8
0049
fff2
ff8b
00bf
00c7
fe79
ff4c
fed3
ff33
ff2c
feca
ff9e
000f
005a
ff35
001a
ff97
ffb2
000b
00da
00eb
ff16
00ea
00ec
0016
ffca
0017
ff37
0093
00f0
ff9b
ffde
ffa7
0008
00a3
ffc6
0093
ff4d
0001
ff3a
ff84
002a
001c
00d4
ffe8
009a
0061
00b1
ffdd
ffa9
0008
00df
ff7c
ff2a
00a2
ffba
007b
001d
ff8f
00a4
0052
ffcd
ff19
ffa8
00b5
002c
ffe5
00d4
ff22
ff2d
ffd0
0071
00a3
0075
ff81
00eb
00ac
004f
002a
0006
ff08
005f
0049
000b
006c
ffb2
ffd6
003e
ff52
0086
007c
0066
fff0
ff9f
ffa6
00e9
0090
001c
ffe5
001a
00f4
ffb2
0088
0019
ff86
ffec
0035
ff97
0096
0035
007d
0078
ff9b
fff3
ff1e
ffdb
0003
ffa3
ff78
00e8
ff64
ff9a
0038
0076
00df
fff9
003c
0043
00e3
ff42
00b1
ff89
ff65
ff26
004e
006a
00f5
0010
ffb7
ffd7
ff9d
ffb1
ffea
ff2b
ff37
008f
0099
00cf
ff57
ff94
0070
ffb3
ffea
ffb6
000f
00d5
fff9
ff54
009c
ff12
002b
002c
005c
0026
0056
0053
ff09
ff88
0011
fe8d
002b
ffd0
ff94
0066
fff7
ff70
ff8b
0071
ff50
ffc6
0077
ffa4
ff50
fe99
004c
ff58
0053
ff61
ffd4
ffc3
0000
ff7e
002a
ff42
fffa
ffed
febb
ff46
004d
ffc6
ff78
00f1
ffce
00ad
00e4
ff37
ff22
0052
0072
005f
ff37
ffc6
ffef
ff3e
ff35
fff7
002d
ff50
0054
001d
ff6f
ffb8
ff54
002d
003a
ff64
ff9a
0054
00cd
ffdc
fff5
001e
0062
fed0
0076
ff20
ffe0
00fa
00c5
fffe
006a
00c7
007b
ff58
ffe1
ffe5
ff55
ff59
0089
0070
ff7c
ff34
ffbb
00da
00af
0060
ffc9
fee0
fef0
ff18
fec8
ff3f
001a
0028
ff3d
00d0
0014
ffde
ff7e
fee6
ff7d
fea8
fedc
006a
ff0a
002b
00c6
ffe7
ff33
ff73
0074
003c
ff55
ff8f
00aa
ff96
000f
009f
00cc
ff2c
009d
fe9c
ff13
ffc1
fece
ff3d
00eb
ffef
ff0a
ff32
ff44
ffd3
0050
fec2
ffef
0034
ffa1
ffdf
00d3
002a
ffe8
0094
00ee
00ac
fffa
ff47
ffbd
000f
ffa0
00df
00a4
00bb
ff53
ffc2
ff82
00cc
ff50
ff1c
0031
00cd
fff6
ff49
ff6a
ff82
0006
ffb1
ff8c
00af
ffb9
ff46
0004
ff56
00a7
ffa3
ff19
0033
009c
ff59
0023
00b3
ff3f
0053
009c
ff21
00b5
ff6a
ff4f
004f
fff5
00ad
ffc7
ff6a
0012
004c
00aa
0053
ff65
00e4
ff93
ff07
005f
004c
ff5e
00f6
005e
0096
ff16
ff6a
ff2a
ff2c
0085
009c
00a9
ffd7
00bf
ff43
008a
000e
008d
ff44
ffb4
ff72
00ad
ff24
ffa4
00c1
00af
ff21
ffb0
00ad
0032
ff89
ff57
ff94
ffe2
0005
0027
ffbc
000f
009f
ff77
008e
ff08
00f1
ff64
ff85
ffcc
00df
ff6b
ff9c
ff5f
0082
ff31
ff17
ff8d
ffe1
ffcf
0032
00a6
0043
ffe5
ffd1
ff54
ff52
0060
ff64
003f
ffab
0058
0020
00e8
ffa0
009f
0096
006b
0056
ff8a
ff4f
ff6f
0035
00eb
ffe1
ffe5
ffe2
fffc
ffdd
ff0e
ff87
0074
ff99
00ce
ff2f
00dc
ff30
00bc
00af
ff15
ff2a
ffa7
0057
0035
00b1
0064
00dd
0009
ffed
00b3
ff87
ffdf
ffff
003b
ffe2
0021
ff35
ff40
ff0d
ffa1
ff57
0025
008f
00d4
0056
ff75
0010
003b
ff55
ffef
ff66
00db
ffae
0053
00f6
006d
003a
008a
ffc9
ffe0
009c
ff68
ffa7
003a
ff41
ff47
ff67
ff80
0007
ffa3
002a
006a
00d0
0032
ff85
ff34
0080
ff1e
ff32
003e
00ce
ff2e
ffa8
ffc7
ffb2
000c
00cd
0057
00d6
ffd3
00e5
0041
ffbc
fffc
0085
ff47
00ca
ff0d
ff5f
ffce
ff1c
ff92
ff19
008a
ff68
ff33
ff58
009f
ffb9
005e
fffb
ff5f
ff77
ff0c
0064
0066
00e6
ff74
00c6
ffae
0018
ff82
00ea
ffc8
00f1
00cd
00c7
006d
fff6
0054
0089
0084
00a9
ff1a
ff93
ff86
0063
ffc6
ff79
ff45
ffbe
00b1
00d6
0005
006f
0044
ffd2
fed7
ffc4
fed4
fec9
fff0
ff9b
fe9e
ffd2
ffe2
007b
ffbe
0071
ff48
00ab
ff0f
ffaa
fe9d
ff6c
ff17
fe8c
ff2b
0015
ff3d
ffe2
ff2c
0101
ff99
ffa0
0004
0061
ff6d
0033
fe89
feb1
0090
0053
ffcd
ffc1
ffba
fee7
fe92
feaa
ff16
0058
ff46
ff5a
ff8a
0082
0009
00ed
ffa3
ff79
fee2
0044
ffa7
fe98
ffe9
fff3
00e3
ffaa
ff6b
ff97
fecb
fef0
003f
ff66
feac
ff9f
ffe9
feb7
ff5c
ff9d
fe9b
ff87
ff6f
ff04
ffae
005e
ff9c
0002
fee2
ff3d
00d7
009a
ffec
0007
ff30
006c
ff43
ffcd
fef5
ff18
ffa4
ff2d
ff3d
005d
ffe7
ff4d
fe9e
ff4d
ffac
ffcd
fecb
002c
000a
0019
ff8c
ff9b
ff6c
ff6d
001a
fff2
0057
0038
fee7
ff15
ff63
ffcd
ff8b
0034
fe8c
ff5e
fee9
ff22
fee8
ff61
005c
ff29
0026
fef2
00b6
ffb2
009d
ff63
ff56
ffe3
0063
ff24
fedf
ffd4
ffc8
00ce
0053
0023
ffa8
ff12
00a6
0037
0010
00c0
ff65
ff4d
ff4e
ff18
ff27
0065
ffd6
fe9b
0079
00bf
ffd3
ffb2
00cd
ff0c
00b4
ff55
004c
ffd2
ff03
fec3
ff2c
0081
ffe0
ff29
0074
000f
ffdf
ff2f
00ca
ffca
ff23
0044
ff6d
ff69
001e
ffcf
ff95
0093
00ec
0008
002f
005b
004a
fff0
005d
00c9
ffeb
00de
ffb4
00f1
002e
ff89
ffbf
0053
ff59
0026
0071
001e
00b1
007a
00c0
00b8
00c9
ff0e
0073
00bd
feef
feb9
ff8e
00c8
ffa4
ff38
ff29
ff1d
00be
0056
003c
ff89
ffcb
0055
feb6
009b
0011
ffd8
00b5
ffe3
0034
00a7
ff24
ff9d
0025
feef
0021
0023
005e
ff6d
fffc
ff76
ffd2
0072
ff8a
ffdf
ffaa
ffed
ff57
ff18
003e
ffce
002a
00b6
ff9d
00f8
0043
ff70
00f4
00ea
00af
ff31
0072
ff63
ff63
ff7d
009a
003f
feb0
008d
000d
006b
0071
ff77
ffe3
ffe7
ff94
fff6
00b6
00bd
0063
0061
00c1
fff4
fed7
fea8
ff28
fe95
0000
ff68
0016
ff40
0068
fed4
ff4a
0076
ff50
0036
feb5
fed2
ff7e
feeb
feb2
feb3
ffaf
feaf
ff69
00c6
ff94
ffd6
ff65
ff02
0028
0053
fef5
ff06
0060
ff9f
ff8b
0075
000e
ff64
fec8
ffc8
0036
fff0
006f
ff23
fee1
ffc7
ff27
00c1
ff9b
ff7c
fe8d
0062
0013
ff0c
0025
ff8c
febe
00cd
00c4
00ac
ff18
ff81
feed
0027
ff2c
0040
fe90
ff33
ffbd
0015
fe98
0001
ff83
ff29
000c
0062
ffcc
fec7
ff15
0011
ffb4
0024
00f2
00c5
0060
ff2d
ff82
ff93
fff1
ffa4
ffa4
ff8e
0032
ff7e
ffa1
00d2
ffde
ff50
ffb6
0057
004d
0050
004f
007b
ff44
ffb6
ff29
0077
fff7
ff53
feef
006f
ff68
fff2
feb8
ffdd
0031
ffcd
ffa6
ff4e
0077
ff57
feba
ff22
fee0
ffce
ff60
ff87
00f9
ffad
ff5f
ff6a
ff94
ff0d
ffc2
ff21
fe98
fee0
ff76
0053
ff33
000d
ffa3
ff72
002c
0088
00e5
00e3
ff2d
ffbd
ffa4
00f1
ff3f
ff2c
ff0e
0016
ff0c
fecc
ff40
ff16
ff2b
fff9
ff97
0047
ff77
ffef
0066
ff28
0025
0040
ff68
ffd4
0094
ff0d
ff8a
0017
ff63
ff5c
0067
febf
ff87
feff
00a8
0088
001d
ff6b
ffef
ffd4
ff43
ffd3
0021
007d
004e
0003
00f2
ffcd
0015
00a8
ff9d
00de
006c
0059
ffaa
fedf
fea0
fec9
00f1
0042
002b
ffe3
002c
ff66
ff04
00d4
0011
ffcb
ffae
ffd8
ff34
ffff
ffdf
0015
0009
00ab
fff4
ffa6
ffcd
ffef
feab
ff8a
ff3d
ff77
ff58
ff4b
ff69
0023
ffc6
008d
ffec
ff8e
ffcf
ff71
ff68
00dc
ffbe
ff85
00af
00e3
ff2f
0019
ffee
feeb
003a
ff08
ffed
001f
ff9a
ff0f
ffa5
ffc5
fff8
ff2e
fea7
006e
ff44
ff04
006c
feb0
ff5d
0023
0080
ffdd
fe9d
00c8
fef7
ff7e
005c
ff3e
ffe8
0073
fff3
ff68
fff3
0045
006b
ff0e
0033
ffbc
ff82
ff81
fee3
ff05
ffac
005a
fff1
ffcc
feda
ff00
0037
ff4e
ffda
fee5
0015
ffba
fffa
feaa
feb0
fed4
0017
ff34
0063
ff53
ffc9
005e
fff4
ff85
0014
004d
fedf
ff6a
ffbb
000c
0054
ff2b
ff4a
fff4
ff1a
ff15
0073
fe94
ff2e
ff16
feb5
ff96
ff60
ff58
ff85
0012
ff13
ffe3
febc
0000
0065
fec6
ffe4
fff3
00a1
ff44
ff13
003d
000c
ff11
fffd
ff1a
003b
ff71
ff8f
ffb7
fedb
ffd5
0005
ff40
fec5
ffd1
ffc5
feca
fef1
ffb8
feb5
00e9
ff97
ffb1
ffc5
ff18
0000
ffd9
0010
ff05
ff9a
fef8
ff0f
ffdb
0009
ff60
004e
ff32
0056
ff61
005f
fed8
fec0
fed1
0006
004e
ff30
00f8
00cc
fe77
feef
0051
feab
ff9c
fec3
fea4
0054
fea9
ff25
ff66
ffa7
ff2c
fed6
fedd
0053
fead
0064
ff22
ff43
003a
ffdc
ffd5
ff55
ff94
ffb6
ffb9
ffaa
ff3a
ff74
ffce
fffd
0003
fd59
00fd
0141
ff07
fe34
feca
ff8a
fdc6
fece
ff6c
fea0
005a
fe2f
ff44
00ef
00a7
0117
ff11
fe5d
ff6c
ff9a
ff4d
ff37
0085
ff1b
008f
ffc7
014b
01b5
ff5a
ff78
ff31
fe51
008c
fea8
00c3
ff4f
003f
004a
fe5b
fff1
0152
ff6b
007d
0012
011a
fd80
ff77
0098
01a8
ff25
fd71
ff70
fdcf
fec0
0000
01b3
0127
01d4
fec0
0096
00cc
0142
feef
0027
ff9a
ff7f
0011
fee7
002d
ff3f
fbe9
007e
01aa
00e6
ffc2
0030
ff30
ff6a
012f
0029
ffd3
ff52
fdf3
0038
0169
00c4
0066
fe92
ff0e
ff86
ff07
ff46
fd35
fe44
fd7d
fe4b
0157
ff72
ff56
0115
014e
001f
011f
ff20
0005
fd3d
fc99
0008
005f
0056
fe8d
01bd
ff8b
010a
fffc
ffdf
fd8a
fe16
fe4a
ff1d
feb0
fff5
ffd5
ffba
0019
fe23
0048
feb5
fd9a
fe0a
fdc2
feab
ffce
ffe0
fe5d
fd35
fe59
feab
ffbc
00dd
fff5
0022
ff76
ffe8
ffc4
ffea
0001
00ba
0190
0094
013b
ff6a
fe55
ff1e
feaf
029b
01ac
fe76
fdd1
ff45
fe65
fce7
fe8a
fe06
fcef
0154
ff7b
0169
0100
0027
011b
fff4
ff3d
ff3f
fd97
fd10
fd1c
000b
fd5e
0363
0044
fda7
fd94
fd7a
feed
ff45
fe74
fe9e
fea9
fea8
fe68
0320
001f
fe54
fc1a
fda6
fd26
fd4b
fd00
fddc
fdfc
fe8e
ff29
fe7f
fff1
0000
fbd1
fb90
fe0a
fc2b
fd5d
fd5a
fb77
fb11
fef3
ff8b
fe6a
ff7c
fd3b
fd34
fd9b
fd3f
fd94
fd5b
fc2e
fb22
fef2
ff7f
ff47
ffbb
ffbb
fe35
fd38
fe4e
fe72
fda7
fbc8
fb76
fe0f
ffed
014c
ffd0
ffac
feba
ffff
fe74
fd69
ff9f
ff70
fe1f
fd74
00bd
fde6
fd68
fe17
fd82
fed3
fc51
fc9d
fe6b
fdde
fc3f
fd92
ff01
feb5
00fd
003b
fe8d
fd7b
fc69
fe7a
fd00
fe49
fd08
fe84
ffc0
ff0b
feb3
fec5
fdf3
fea9
fdd5
ffda
ff57
fe56
fda5
fde4
0292
fdf6
ffe1
0053
008f
019e
fff9
0001
fee0
0111
0030
0022
0334
007d
0088
00f6
0099
00e7
0080
002e
ff7d
008d
ff96
ff63
0171
01be
011a
01a3
0249
00dc
00b1
0099
ffce
ff44
ffdd
0003
0483
0298
03f1
0120
027b
01a1
01cf
0292
ff28
008f
fcd2
fff4
061d
03e2
030a
03fd
01db
01cc
0268
01f5
0097
ff40
fe41
ff10
05dd
044d
0365
0202
0213
0156
01c3
02af
000c
00a1
fe1a
fd78
033c
0333
02bf
0233
014f
fffc
013a
ffd0
00e7
00bf
fed4
fe03
030a
01d9
0195
0025
0197
fd56
01eb
fdeb
fea8
fe5a
ff42
fdd2
0112
ff86
fee4
fd5e
ff38
fd19
fc4c
fd1f
fe32
0007
fed8
fe19
00e7
fd41
fd0d
fde2
fd71
fccc
fc84
ff8d
febf
ff9b
fd0a
ff5f
ffe6
fd51
fbba
fd00
fe87
fc4a
faab
ff54
fdd1
fd85
010e
fcb2
0207
feea
0142
ffbc
ffbd
fb6e
fc15
fc98
fbf8
fc4f
feec
fc86
feae
fe06
ffa2
0028
ff38
00e1
ff65
00af
ffde
fe64
ff20
fdf5
ffaa
ff4c
00c4
0082
feed
ffb0
00b3
ff7f
ff56
fe99
0043
0015
fdce
003c
0078
ff70
00e8
0170
01b7
00fe
ffc5
fde4
ff96
fec3
00e2
0266
0219
0186
01e9
01e9
01d5
00eb
00eb
ffa3
ff6d
fdae
ffad
014c
01da
0207
00b3
0089
028c
009d
0017
006f
ffbc
ff52
fdad
0229
053f
032e
0323
01c7
0273
014c
004b
ff9a
00e6
00f5
0099
02f8
012a
0113
03da
0299
0258
0079
0037
01c3
022e
0315
004f
0158
0120
fecf
02dc
01fa
01f4
010a
00c8
00d4
02de
0217
00ae
01e6
ff88
00b8
012b
01c5
026b
01da
0058
00c8
01a7
0237
01aa
0064
fefb
fe8c
0041
0225
01ea
01bc
0130
ffb4
0185
009b
fd06
01b4
0360
0109
01a5
00f0
0051
0167
018a
ff86
02c6
fe9f
febf
fd54
ff4f
012f
fd1f
feff
007e
ffad
ff08
0101
0095
fee2
023b
01de
00da
019c
ff6f
00d8
00a0
0068
0007
ff50
00ae
0273
ff9e
fee5
ff6a
0138
ffa8
00c1
ff78
feaf
ffbc
fea1
ffed
026e
ff9e
0004
007c
00c0
006a
01bd
ffb4
0018
ff79
ff34
fff8
0133
ff9b
0063
016d
015d
001f
ffa7
ff1d
ff9a
fef4
ff8c
00b4
004b
0092
ff02
014f
002a
0086
0015
ff7f
fedb
ff6d
00f4
0152
0075
008f
014b
00ea
0040
0000
ffe4
ff69
ff1d
ff57
ffd9
ff5d
ff8c
0161
0106
00f8
ff64
fee5
0016
ff92
fe7d
feda
ff1b
ff22
ffe4
00bd
ffae
ff6e
fe6d
ff7e
ffb3
002b
ffb7
feef
ff6a
000d
ff50
ff15
0002
0092
ff92
ff91
0104
0102
00cb
ff92
ff67
ff61
ff15
0104
0071
0011
ffd9
ffaf
ff5e
00a2
0101
00dc
fe5a
fe6d
ffc2
009a
00d0
ff97
ffe1
ff4b
ff69
fec3
ffc2
fee5
fddc
fe6b
fea0
0092
0029
ff7c
ff90
007e
0137
0135
ffa4
0128
ffe4
0066
0022
01cb
fcd4
fc4e
ff17
febe
fb60
fc54
feb2
fe6e
fb7a
fd51
ffd8
0397
0107
005b
007a
022a
0162
0074
0140
0292
ff19
ff3a
ff11
00c1
0054
fec8
003f
ffe7
00ac
ffb4
fff7
0057
00fd
00a1
fdc8
006e
00e3
feab
fe95
001b
01bb
00b6
009b
0246
0095
fef7
ff07
ff59
ff25
feec
ff32
002d
00f7
00ac
017c
0270
00ad
fedd
fd23
00a8
fe37
ff59
ff80
ff83
019b
0179
01f2
015b
0033
0074
ff85
00b6
fffa
013e
0018
00b1
00d6
0193
01d6
019b
0119
01d9
0052
ffc1
0094
00b5
01b8
0237
ff16
0144
0149
01ff
0141
0357
0107
007b
01aa
0071
0103
02e4
0004
01e7
017d
01db
028a
01e6
02ba
016c
ff67
ff0e
ffdb
ff66
003b
029d
02f2
01ff
014e
0293
030c
0254
ff7b
ffb7
ff10
ff2b
02d5
0406
0413
0231
0478
02e5
00c5
012d
01e1
0074
ff1c
002f
00ad
00c6
014e
0159
fffe
019a
ffe3
ff8b
fd63
ff6f
fe2c
fe87
ff02
ffc1
0096
0216
ffb7
ffd5
0001
0059
0290
0260
00f9
028b
0125
ffa4
0094
00ae
01c9
ff1f
ff58
027d
04c4
03a9
03ee
029c
ff1e
ffff
008e
00f6
029d
00ca
ff8e
0430
04de
03c2
01c1
0362
ffa2
0055
01a4
01a6
01f2
0132
ff3f
0471
0272
0392
01bd
ffa5
ff89
0169
01cb
004f
0324
011b
ff34
01c5
01ac
0385
0217
01e2
00da
0256
0302
0122
0319
013d
feb6
01d0
0287
026a
02ef
00b2
016d
03b2
0211
02ba
0347
0245
ffb6
0048
017b
01b7
0135
ff90
ff6b
0160
01ea
02f8
02e3
0087
0159
0074
020f
0252
019c
ff10
fe71
fff2
ffa9
ff52
01ae
00a7
fea3
ff17
00d3
000b
0062
fe06
ff17
fef2
00c8
ff58
fe24
fe19
fc2b
fe2e
0045
fe2b
fdd8
fe6f
fe6a
fedc
fed9
fe16
fd96
fe0e
ff19
0100
ff8c
ff88
fd98
ff0f
fea2
ff86
ff67
ff58
fdcb
fdf7
0014
007f
ff4a
007d
0028
0008
0051
0070
0020
0014
ff8d
ff88
fee4
ff88
fee8
ff16
ff37
ffa0
ffba
ff4c
fef9
feee
ff7d
ff8d
ff39
ff72
ffcb
fef3
007d
ffad
008c
0035
fec5
0029
006f
ffbf
ffb1
fec6
fec0
ff56
ff61
ffef
008d
ffc3
ffb6
0059
ffda
ff34
004a
0051
00a2
004e
0066
ff25
ff3b
008f
ff39
00a4
ff6a
ffcc
ff0a
0048
ff01
fef4
0079
ff25
0052
006e
ff8a
0099
ffd1
ff0a
ffd2
0006
ff3a
0048
ff74
ffae
ff34
ffb0
ffee
ffd5
001b
000e
fece
ff1f
001a
0040
fed8
ff6d
00a4
0084
fed9
ffa6
ffc3
008c
ffee
ff6f
0075
ff33
ffdf
ffd9
ff43
fff5
fec2
ffec
009b
feef
ff15
002a
0092
ff32
ff4c
ff63
ff3d
ff2b
ff0c
005a
ffac
ff7d
004f
0005
0003
0079
0029
fee4
ff89
ff6a
ffa5
001d
ff66
009f
ff84
ff9a
ff55
ff6c
0046
fef8
ffcf
0067
fff5
ff2c
ff20
ff38
002b
00a6
01a7
008a
fe19
fe5e
fef3
ff58
0022
00cf
0006
fe6d
fdf7
fdf8
fc9c
fcd6
fb78
f967
f964
fcad
fa8d
fce0
ff0c
023e
ffc7
fbd2
fc27
f943
f9fb
fa9c
fbbe
fa83
f996
f9db
fe35
ff8f
ff3e
fd9b
f9ef
f8f8
fa61
fa51
fc67
fd30
fb26
fcc5
fd5d
fe18
feb5
fd94
fabe
faf1
fdf6
fd02
fd9b
ff04
fcd2
fc87
fe95
fc9e
fee9
ff18
ff20
fe9d
fda6
ff18
ff47
fe3b
ff15
fd7e
ffa4
fe1b
ff02
ff63
fef3
fefc
fec1
0043
fe3e
ffb3
003e
feaf
ffce
fe57
fe49
fe73
feec
fdbe
fe3c
fd66
fd6d
fe59
fe82
fe22
ffa5
fe37
fded
fe2c
ffb5
fd2b
ff2d
fd6c
fce4
fe5f
fd83
fd77
fd36
fdeb
fc91
fe15
ff25
fd9f
fe46
fcd3
fbaf
fd0c
fe06
fd20
fcbc
fde7
fcc0
ff3b
ffb6
fd3c
fcff
fcf1
fb4b
fc6d
ff4f
fd50
fcf4
ff6d
fbd8
feac
ff3b
ffba
fef1
fe8b
fdc8
fdd0
ff83
fd10
feb4
fe1c
fcf7
0052
ffac
00d2
ff0e
ffe8
ff0d
00bd
0082
ff13
005e
ffd9
ff48
0014
fec8
ffa4
ffbd
00f6
ff64
0003
00d5
ffe6
0037
fffe
007e
ff82
ff5e
0059
0072
003d
0015
0037
fff4
0056
ff0a
ff74
002a
ffb4
ff8b
ff6e
ff80
ff2f
fef0
00ab
ff2c
ff8d
0054
007d
ff82
ff81
ffc3
ff58
ff4c
ff69
ffc6
ff5b
0002
008e
fee8
fef2
ff71
ff4a
0084
007f
002c
0096
ffef
0007
ff85
0028
ff91
ff1f
ffc8
0000
ffc9
fff2
ff07
ff7d
0023
00eb
ff0c
ff46
fed2
0096
0020
ffe0
000a
ff35
00ab
ffe5
0002
ff58
00c4
00a3
ffed
0092
fece
0050
ffe4
0078
ffaf
ff9e
ffda
feea
005e
ff21
ff7f
ffbf
ffa1
ff1a
ff72
0098
00f4
ff2d
ff66
ff55
0073
fec6
004d
ff72
ffc6
0028
0052
ffab
000a
0089
ffc7
0080
000e
fef8
ff20
ff78
ff58
0070
ffb0
ff42
000b
ffc9
fff3
0038
ffa0
ff0f
fffe
001c
fefa
00a9
ff12
ff04
ff36
ffb1
ff0e
fee8
ff2c
008b
004c
ff18
fe80
ff24
0070
ff56
ff17
0050
ff96
fef5
0009
00aa
001e
ffe1
0040
fed8
ff03
009e
ffed
fedf
0095
0056
feac
004d
ff30
ffab
fee3
003c
00aa
00a7
0091
0034
ff56
00a2
00ab
ff05
ffd8
003b
ff19
000b
fee0
0063
ff6e
007f
0083
ff52
ff89
ffde
ffdb
ff7f
fefc
ff6b
ff49
0052
ff8a
0057
005d
ff39
fed4
0081
fed3
0081
fed9
ff1c
ff73
0078
0016
0084
ffc5
ff99
0008
ffa4
004b
fec6
0041
fffd
006e
0080
feea
009e
fede
ff34
ff25
ff11
ff7e
0016
fff9
001c
ff4b
ff8d
0091
ff0e
ffb4
00aa
001c
ff95
ff83
ff61
ff43
0054
ff46
fff3
ff10
0019
ff4b
009a
fefb
ffec
ffa6
007e
0085
ff7f
ffe4
ffe2
ff21
fef1
000e
fff8
ff41
0042
ffbf
febf
ff6e
ffbb
0035
0051
00aa
00f4
ffd5
ff78
fffe
ffbc
ff2e
0077
0068
fe4c
fe82
ff48
ff41
005b
fe94
fecd
fe6d
fda3
ffc6
00e7
00ce
feda
ff37
fe88
ff78
ff29
ffd3
fe41
ff1f
ffee
ff72
ff0a
01cc
fe4c
004f
012e
ff25
00f9
01ef
00d6
0066
00c0
ff4e
002b
0128
fe2d
005c
02b2
0351
0033
0159
0168
010f
009e
ff32
feda
00eb
fe9f
00d7
0217
0262
037d
02b2
00d9
fff1
ffe4
0042
00b4
00a8
ff2b
0109
02dd
0415
0286
025f
00fb
ffec
0111
007d
fffd
00b3
00d2
0091
0152
0389
0262
0175
0165
00a9
01c5
0023
ff51
ff55
0172
0191
01c0
029d
030c
02b2
02cf
015d
019d
0178
01c9
ff7b
022c
018a
0113
00b3
01f1
00ed
015f
0334
03da
0276
027a
ffa6
fef2
0109
023b
0030
ffd0
010b
021a
0196
025a
0183
0160
0113
ff5d
01e5
017c
0216
01f4
016a
0237
0249
020d
03a9
0306
03f5
fe5c
0081
02e6
027a
fff4
ff6e
016e
014b
01ab
0133
fef3
fc89
00f4
fe46
fd26
fccc
009a
ff50
ff6a
0107
ffc9
ffaa
fec5
014c
0061
fd51
fe39
fdd4
ff68
ff2d
fc9a
ff2b
026b
fece
fe65
00cf
ff4b
fde4
fdef
fe23
0026
00d5
00cb
000d
ff8e
0256
fff3
ff4f
ffdc
fbf1
fbd6
fdef
01fa
01d6
0293
014f
013c
0284
0246
009e
fd29
ffc6
fefb
0092
0267
01eb
024b
03ce
0310
0379
004a
012d
feac
ffce
01f0
00c9
00c8
021c
014d
0168
0283
029a
013b
00a2
feeb
0093
03ab
02de
0136
0251
0045
016c
0232
00f7
ffdc
009f
01d2
01b8
02ba
025a
01d9
0264
01a6
01e1
0226
0238
00f3
009a
fedd
ff98
01b9
0269
026d
0385
0134
0096
03d5
033f
ff32
fd20
fea1
ff61
0059
0020
fdbf
ffb7
025a
0177
017c
0273
fd82
fcc2
ffcf
ff09
fe37
ff65
fe12
fc26
fe63
fdea
fd1f
fdce
fde7
fed8
ff78
ff3b
ff1b
ff89
ff6d
fe24
ffe0
fdef
fc82
fed5
fe5e
ff8f
ff04
feeb
0071
0008
ffdb
0027
005d
ffbd
fef6
00b1
0016
00a3
0048
0026
ff5b
ffcc
ff9a
000b
ff08
0040
0013
ff3e
0059
ffd1
006a
0068
0004
ffbe
ffb9
ffe9
ffe7
ff90
ff44
00a8
0034
0014
018b
ff8d
fec6
00a6
00b7
0106
ffbd
ff42
ff9a
fffb
fef8
0044
ff00
ffb7
ff15
0032
006a
001a
000d
0072
003a
ff8b
ff59
ff59
ff70
ff24
ff32
fec5
fedc
ffe5
ff58
00af
fee0
ff4f
ff8b
ff5d
002b
005b
ffdd
ffbd
ffdb
ff84
00a2
fff9
fff0
fec3
0069
0068
00d3
feed
ff6a
ffc0
ff26
ff2d
004b
fff2
ff40
00a1
006e
ff79
ff9d
ff63
0039
fed3
0093
ff74
fee0
ff06
ffd4
ff4d
0044
ffee
ff0e
ff39
0083
fef4
fead
ffa7
ff36
ff86
0042
fe65
0119
005f
011e
0091
ff85
0059
febf
0003
fec3
ffdb
0011
007a
0034
fec0
ff88
fff8
0044
ff4b
ff32
ff9a
ff0d
ff1c
ff7f
fef7
0039
fff4
009d
0027
006b
01a7
0112
0099
00f7
ff3e
ff9e
005d
ff6b
0288
0007
013e
0098
009f
0131
0189
00c5
feda
fe2a
0171
02c2
0277
00b1
008c
ffb1
ff79
fffd
ffae
ffad
fea1
ffb1
0080
01d9
00ad
ff3a
003d
feb0
feb8
ffb9
ff6f
01d4
0023
00dc
005a
0238
01a8
ff21
0265
00ca
fe0e
fda5
00b6
011f
00b0
0008
ffd7
01ec
0179
fd58
01ce
0001
ff05
ff85
fe94
ff90
0132
006b
02ed
0104
00a5
ffa9
fee3
ffeb
007c
ff04
ff2e
ffef
00d3
00ec
0097
0028
0036
ff8b
ff49
ffe0
0047
ff79
ffd6
006e
ff43
0078
ff90
ffd4
00aa
00f4
fdaf
fe24
fdba
ff20
ffe1
007f
ffb8
fdce
fdc2
0181
fedf
ffc7
00b5
ff9b
fee9
fcf2
ff6e
ff89
ff8e
fdb3
ffa0
01c3
fecb
010f
0000
0132
00fa
ff51
ff2b
019f
fe22
0110
02e5
00dd
fffe
0438
0141
fed4
feb1
fb66
fa32
fd80
fbdd
fd12
fd9c
feb5
0162
0235
ff9a
fe51
ff29
feef
0157
0229
02c4
ff69
025c
021a
ff74
ffe3
fb23
fea8
fb36
fe5d
fe81
fdfb
fd30
fd34
fd03
fee0
fd49
fdca
fdec
0015
ff6e
00f3
01cf
0173
0059
ff8d
ff90
fdfc
fc35
fe26
001c
0144
0162
01e9
01b9
0189
fedd
ff32
fe9c
fe55
015c
ff23
ff9f
ff3f
022d
00dc
0182
01e7
0118
ff58
ff3d
fe6a
0296
01c2
005a
feac
01c6
00ee
029e
01c5
01bc
0188
ff75
ff54
00d0
0261
0183
006b
01ce
01c8
0075
02ce
00cb
0136
0038
ffc5
fec4
01b5
021c
009f
00f1
01db
01fe
015f
0057
00ba
0210
004a
ff49
0062
022c
002b
0027
00fa
013e
018c
0170
01f0
00fc
ffa0
ffb7
01ff
02a8
017a
00fe
ff38
0009
0243
0127
013f
0106
ff1b
fef3
0108
0328
0123
0197
fd97
0062
000e
017f
00a3
fff7
ff12
fc2d
002a
ffd9
ffe4
fe31
fcba
feb8
00fd
ff96
fcbe
ff67
0004
fe42
f4fe
012f
008e
fee2
001b
0185
fff1
ffc2
0131
023b
0139
0000
01b8
003c
ff7f
fd82
fd04
fbfa
fae2
fcf4
fe1a
0241
022f
010c
01be
008c
fdf4
fa2a
fa00
f868
f9da
faa7
fe9c
0155
ffc9
047c
0256
fde1
fb76
f912
fa00
f97e
fa22
ff60
020c
0320
0029
00ce
ff7b
fe4d
fbf5
f937
f91e
f86e
fe33
fe4b
011d
01fc
01e6
ffb2
0053
fedf
fbfa
fae3
fd36
fc02
fecc
fece
00ef
025e
0392
0042
00e4
fe4a
fb2f
f9c8
fefb
fd62
fbb5
ffce
0337
02f9
011f
0257
0158
00a6
ffda
feb4
0071
ff67
ff08
fe83
ffde
0573
0447
0178
feef
013e
ffec
fea6
0001
ff96
002c
fec1
01b0
ffe5
fec3
001f
00c6
0026
ff49
002d
012f
ff96
fe96
fd14
ff9c
ff43
0176
ffe2
02dd
ff43
011f
024d
0046
003f
ff82
0066
01a1
0014
0055
ff64
016f
0062
0177
020f
01c4
019c
00a5
00e1
02be
0135
ff65
0039
fd3f
0019
00f2
00d4
0100
00ce
ff21
fea4
ff1d
0145
00e9
ff7e
feff
ff15
fbae
fda1
fe22
fe4e
fe2e
ff41
ffe4
ff17
fbbd
0164
01ca
fe0e
fc9f
ffda
ffa7
ff2a
0033
016a
0283
00bd
fbe6
fedb
0019
febb
fcbb
ff7e
00ff
ffb7
00f1
017f
041e
009a
fe6d
fcf2
fea1
fc93
fb9e
fd9e
ff92
ff42
fe89
0167
0203
006b
003d
fc7e
ffb5
fd8a
fce0
0000
00b8
ff33
0110
011c
0390
00f8
fec2
fd37
fe3b
fcad
fdf6
fd34
fde2
fecb
02f3
0401
0159
0023
fbbb
fbd1
fe06
0091
fea2
fff5
ff06
011d
01ba
0081
ffba
ffc4
fd17
fe38
ff8c
ffc6
00e2
ffc8
fec0
0135
0408
0082
feff
fed3
fdff
fd3f
fe65
0100
0046
ffe1
0015
00a3
0270
027a
010b
fe13
fbfc
fa9e
fedd
0173
00b1
ffc9
0083
002e
0028
00e4
003e
ff30
fcf8
fcf7
fee0
00f1
ff28
ffcc
ff45
00c0
00f8
0205
030a
ffc5
fc3f
fdc1
fe1e
01f8
04c7
03e3
059f
03a0
0104
fde6
fff5
fcd1
0175
02a5
fd12
0507
04a0
05c6
05bc
03d6
021b
ffb0
009d
fcd8
fe3e
003a
fea8
0293
0487
04e8
0612
02db
022f
ffdf
ff9d
fed6
feef
0036
fe59
036b
0161
0461
0704
03c6
003b
ff5d
fd9f
fcf7
fd3e
00c0
ff37
0194
0192
062f
066b
04f2
0196
ff1f
fe32
fd68
fd9f
017d
fd39
0065
fef8
0390
04b1
03a6
01e8
ffd6
fe6e
fc34
fcc9
ff8d
ffc8
fd55
fe27
fef6
03f3
04b4
0108
02a4
fe65
fda1
fab9
0095
ff6c
fe94
ff43
ff0e
0254
02cc
0253
0203
fded
fcfa
fb7b
febc
ff77
ffba
fff6
00d3
004b
0501
03b9
03b0
fd21
faf5
f98e
00f9
ff93
001d
fdfc
0207
0270
060e
0568
027a
fe20
fb82
fbf6
ff88
0052
01e5
feb3
00ee
026d
039b
0436
02a8
fe1c
fcd5
fcb2
0019
022c
0168
fd5e
fe62
00a2
013d
053b
03f7
fe8a
fce6
fccf
00ff
041d
03b7
0233
03e5
0554
00f6
ffae
fd16
fded
ff47
0044
fde4
0085
ffd3
0151
019f
0202
fdd0
fdd3
fd9b
fdd2
0061
00ca
fea5
fc19
00e1
fee4
ffa1
fce0
fc01
fdfc
fe29
fdec
ff33
00dd
ffd3
fcdb
fd5f
fc94
fcc5
fb06
f8fc
fce0
fd7a
fccf
fd06
02ae
0042
ffde
ff05
fe9e
fde8
f8fd
fb36
fd6d
fc32
fd2f
fd09
037f
01ca
00fe
0062
006e
fc0f
f956
faa2
fccc
fe00
fcf1
fe49
00e3
0075
0269
feca
ff2d
fe4d
fcbf
fd20
fd07
fef8
fcb8
fe5c
013e
009e
0187
008d
0166
0016
fbfe
ffa3
00e2
fe42
fca6
fd3e
00a9
0066
0081
0204
007f
00b1
0072
00a0
ff46
fd73
fd72
fc8d
ff3c
00cd
ff85
fdb6
ff82
0047
fe5f
020f
026f
00dd
ffe3
fe85
00b8
0036
00b9
006b
fd5e
fc34
ff0d
0307
0290
ff76
ffea
fec2
0047
022e
0460
00d0
00d6
fe90
ffe1
ff68
ff1f
0092
004b
00d6
0098
045c
0217
fff2
00cf
01c0
0166
01ad
019a
0128
0207
0339
014c
00b0
0160
fed9
01cc
0186
0087
004b
00f7
ffff
ffa6
00a5
feeb
ff10
ffcc
fea6
0190
00c4
0123
0031
0020
009c
013e
0093
fe4d
ff23
0095
0185
02f5
018a
00ab
0084
006f
00ce
014a
0106
fd19
fe65
021a
024c
030c
018b
0034
01bc
00d8
0160
0149
00c0
fc3d
fd08
0092
014a
018a
020a
0142
0023
0098
01de
ffc6
ffcc
fc2a
fb8b
fdbd
fe6d
ffa3
001d
01b6
0068
0070
00f0
00a5
004b
fcfd
fb5b
fdc7
ffdd
00c4
0014
ffa3
ff5e
ff82
0011
0044
002c
fe3c
fc02
fd6e
ff98
fec7
0041
ffb3
ffdf
fe1e
0207
00d5
ffb2
fd50
fc00
fd95
0009
ff8f
ff52
0114
ff47
00a3
0089
004d
fe52
fce0
fcc9
fe63
fee2
00c3
0049
0025
ff6d
fefc
ff43
ff44
fe31
fc55
fc32
fcea
ffa8
fe7b
ffb2
ffa4
ffcd
001b
0120
0019
ff47
fc20
faf6
fc0a
ff23
fef0
0056
020a
0261
ff96
fd23
ff5d
feaa
feb1
01f3
00bb
0205
01ad
0129
0353
030c
0240
ff73
fe41
fdaa
fea5
ffcc
fe75
0289
00d7
ffc4
01f0
032f
0259
0010
ffa8
fe10
fdca
ff22
ff2f
ffaa
fefd
00b1
01d7
00b0
004a
0006
ff37
fe1b
ff8d
0065
fed3
ffd5
ffc9
ff4f
01e8
013a
fd7d
ff53
ffc2
ff65
fe4f
0139
ff9c
0127
fead
fef7
0215
0059
fe84
008b
0001
fd82
fe6d
0069
febb
0002
ff16
011e
0163
0229
0128
017e
ff90
fb4b
fd97
022d
0098
00d2
fd23
fea8
00a6
0252
01b5
01ad
fd89
fb3f
004f
ff9f
00de
ff5c
fd95
ff22
ffbd
011f
01e1
0109
fe99
fd8d
ff1e
ff64
0041
0072
0141
001f
006d
0219
0208
029d
ff42
fe06
ff36
fed8
ff88
015d
0166
0016
ffa2
ff79
0305
0254
00be
ffec
ff5e
fff2
ffa6
0082
0048
fedb
fd9e
fd54
ff44
fffa
fd82
fe68
fedb
fee4
ff5f
fc47
fdda
fc89
fbde
fdb9
0035
fe69
feb3
ffc9
0101
009b
ff29
fe53
002e
fee4
00b7
feab
fbbc
faa7
fb58
fefb
ff72
ffdc
fc4a
01f3
ff72
fe5a
fcee
fb44
f9a3
f841
fc1e
feb9
fe9c
fee7
fc83
0014
fea2
fda0
f9f5
f9c1
fb90
fd30
fd91
ffc6
ff55
0118
fec0
fd04
fd74
fbf0
f96c
fd96
fd6d
0149
fe50
ff49
0320
0130
0053
fcd7
fe5b
fe28
fd84
febd
ff47
00b6
009f
fd55
0163
0058
fe07
fedc
faf2
fd1c
fe02
0067
00cf
ffae
ffc8
fb45
fe30
fc6b
fcb9
ff19
feb1
fcf5
fdfa
ff00
ffd3
0070
ff34
ff10
fd3c
fe7e
ff94
0057
ff42
fe86
fc6b
fdf3
fe10
ffde
ffb6
fcac
fe6d
fdbb
fba3
01fe
007a
fdd9
fe51
ff4f
fcb7
fe74
fe54
fdb5
ff38
fce8
fbd2
0080
01d1
ff8a
fdb3
ff6f
fdeb
ffab
ff50
fbbc
fcff
fb34
f9ab
ff31
0057
0177
0027
fe1c
ff90
02a0
03d4
014c
ff18
fbcc
fbe3
ff44
00fc
0038
fff7
ff47
0093
003f
ff9e
012b
008c
00bf
0103
ff6e
00c7
00b4
0022
ffb3
00f1
ffd6
ff55
0035
0132
002e
ff94
0046
ffed
003c
0054
fff7
ff7e
00e5
ff98
ff78
ff88
0116
ffa1
ff97
0016
00ad
0055
007f
0139
00d5
00d3
0022
00b8
0007
0061
ffb5
fff3
ffec
00a3
ffb2
0114
00b0
ffb9
ff78
ff77
0013
0179
011f
0055
0133
011e
0151
00b2
ffdb
ffb0
004d
fff4
0146
fff5
0107
0123
0099
016d
ffe4
0052
ff95
ff96
006e
ff66
ffb4
ff8f
0056
0135
00f4
fff0
007d
ff53
00d0
ffc2
ff70
00fc
0028
0111
ff96
0133
0124
00ac
00aa
0119
ffd2
00e6
fffa
ffff
005e
0029
0143
00ae
003c
011c
002a
ffd1
0037
ff48
ffde
ff3c
0007
014e
ff89
0116
ffb1
0051
ffbf
000c
00b8
ffea
008b
ff50
0102
007b
ff99
ff88
ffd2
fffa
00f3
0058
0040
0027
0077
0077
00ed
015a
fdd8
fcaf
fee6
0203
ff45
fdbb
febb
ff2c
ffd4
ff23
ff0a
fce7
fe55
fbc7
fe2b
0040
013e
0017
02a0
00d1
01f5
ffee
0125
0082
ff2a
0024
0236
028d
03b0
02bc
01e4
ff30
fe97
feda
02a1
0182
ff5b
0295
0273
03f6
021d
01e2
0088
ffb6
fd5b
fc07
ffa1
00bc
0076
00c7
0396
03c4
013c
013b
0199
0020
fc08
fc50
00fb
0262
ff05
ff1f
02d9
0439
004d
0144
02bf
0041
fd2e
fbe5
fea7
0193
fdb9
00db
00ea
00f7
0180
012e
01d3
0177
fd56
fc1d
ff36
01b9
ff9e
0141
01a3
00b0
00d3
0131
0292
0049
fcf6
fc37
ffdc
0225
0175
00e6
011d
0026
fe25
ff2e
0134
ff71
febd
fcf5
febc
005f
01e2
0296
008f
0094
ff12
fe95
0047
0012
fe44
fd3f
fca8
ff59
ff0c
0114
00dd
00fe
0102
fe8d
0035
00d3
0049
fc31
fd9c
fe0e
fe66
0188
021c
ffb8
ffbe
0275
008b
012a
00eb
fd68
ff07
fc01
00c9
00f1
0132
fffa
ffc6
ffc2
002f
0059
0068
007e
ffce
0052
00d8
ff77
ff95
003c
010b
0133
ffbc
0066
00df
00fe
012c
0030
010c
0006
ffb7
ff5d
ff9e
012c
ff68
ff7a
0029
ff60
0068
00f8
ffc0
0122
0007
0112
0000
002d
003c
0039
ffa5
ff67
0137
0012
0003
0031
ff8b
ff84
00d1
ff9d
00c7
005b
00d8
ff87
002f
009a
ffa0
00fc
ffe7
ff84
00f1
ff7a
00fe
00fa
00a7
ff8a
00d1
0115
004a
00d7
00f1
ffec
005d
0136
0003
007f
0072
0036
ffdc
ffd1
0001
ff68
0111
0026
00cc
0027
ff57
0057
ffc6
00e9
ffdb
0033
0097
00fe
00e5
0059
ff6d
ff5a
0048
ff5c
ffbe
0138
ffb2
ff58
ffa6
00cc
011c
00d5
013d
ffad
fff9
ffdd
003b
ff6a
00bc
0070
ffbf
0142
00ec
006f
ffbf
fedd
00ef
0099
ffba
ffa5
003c
0126
0010
00c9
0077
003f
0093
ff5c
00e1
011f
ff69
00c1
007c
ff83
ffe4
0105
0039
009f
0031
0128
ff46
006a
ff9c
0078
ff80
fffd
0029
00ec
0103
ffe0
0018
0119
ffd3
ffe9
00cb
ff7c
0098
001a
ff74
0016
fff0
0027
00ce
0054
006c
0130
0104
003c
00e7
0054
0102
ff6c
0135
006d
ffc9
010a
00a5
0136
fff2
ff98
ff4d
fffb
0118
ffe5
fff1
ff9d
ff89
00b6
00e1
00fb
00bc
ffdb
0027
006b
006f
008f
004e
002f
000b
ffb7
0129
002c
0108
00f7
0002
004e
00cd
ffc7
013b
008e
00d2
ff83
ff7d
004e
fff6
0075
00b3
001d
0137
0024
0027
0077
000a
0013
0122
00e6
ffb9
ffc8
010a
0073
0112
0133
00b8
ffa6
0119
0136
ff8d
00ee
ffc0
011b
000d
fffc
0128
007f
00eb
00dd
00e5
0040
002b
00d2
00aa
ffb1
0108
0064
004b
0077
0036
0079
00ec
0083
011d
0011
ff6e
ff8c
0135
ff66
00be
ffb8
0066
0089
0019
ff71
0123
0107
00ff
ff23
0038
ffcd
025a
00bb
005d
0112
0079
01e3
00d1
fe81
fde6
fd70
fcad
fec7
fe41
ffde
012c
0102
0163
0079
fe0d
fcd1
fcc4
fd0c
fd6e
fc61
ffd9
0118
01ee
0214
01a8
00c2
ffd1
fd3f
fc41
fedb
ff5b
fd24
ff66
0454
0376
02a2
0128
0149
ffb6
fd37
fd13
fde0
ff74
ffae
00ef
0452
0358
0290
0126
0146
01ba
0004
fb23
fd59
fcdb
fcbd
01b8
0569
02d9
018b
022d
025a
fed1
fe62
fe29
fee3
feb7
fe8f
0140
03c4
030a
026f
01dd
ff35
00ec
fe34
fd69
ffd7
fee2
fdee
00e8
01dc
04f0
0447
0321
003e
feab
fc1d
fe55
012a
0090
ffa3
ff55
0267
0488
0333
022f
0248
ff4e
fbe7
fcb3
0129
03ac
0155
009f
0032
011f
0204
ffa5
00f5
ff52
fe27
fce5
002c
0214
02e8
ff8f
0016
fff2
0093
0018
0049
ff23
fefc
ffd8
0232
03bf
04a5
ff1c
ff94
fd61
fb55
fbfb
fedf
fc7d
ff41
0255
055c
06e5
0800
ffec
fe51
ff9a
0088
0010
fe3a
ff43
ff1c
0010
00bd
00bb
007d
fef5
ff16
00f1
0129
005a
ff4b
007e
0059
ff82
fcac
fed4
00bd
fdac
007e
02df
ff95
fd21
feb6
fe72
01aa
0274
f9fd
fdb0
029d
fee5
0072
0132
febc
fcf0
fc3b
ffb4
033a
00eb
fdff
fbf9
0063
0308
0175
ff58
001d
ffd0
fe1f
00e2
0263
0221
fe61
fd40
fddd
01de
ff89
fe87
fcb5
ffec
fe7a
003b
0267
0227
0115
fe0e
00d0
004d
fc65
fe74
fe74
fdc8
fddd
0049
020e
0187
ffd1
fd71
ff4f
fffa
0136
012e
017b
feda
fc32
fdcd
0251
0166
fe4b
ffb0
0137
feea
013c
ffb0
0118
01d2
fed6
004b
0100
0171
ff5c
ffac
ff16
fd34
00f6
ff39
ff4f
00a7
ff85
0286
0229
fe6c
fd7d
023a
01a8
fde0
fe91
0065
fdec
0046
046a
0393
0226
0109
00c9
ffec
fff5
fe12
fe24
01cc
fd6d
005e
0264
04b8
050b
038f
014a
fe20
ff51
01cc
ffc9
ffb4
0025
011a
00b0
01dc
0238
017a
01d9
0065
005b
017f
0150
005a
01ea
0154
00eb
006a
0159
ffb1
ffe8
ff5a
0039
0261
0147
0057
0119
0125
ffc0
0055
0133
00ff
00e1
00e6
003e
ffed
fdec
ff36
ff7b
ff43
ff54
ff0a
006d
0096
0127
011a
0124
fe7e
ff0e
fe98
fdde
fd77
fe6a
ffb2
ff70
00af
0153
0035
000a
01ea
00df
005d
ff5b
00a9
019d
ffc4
ffec
ffbc
00c8
00c7
00c9
0234
00eb
0120
0155
004f
0078
ff49
0075
fefe
026e
0003
ff0f
013e
00ff
0046
ffab
0063
ffa2
ff61
0031
00a3
02d0
0112
013b
01f1
0198
007a
0161
00ba
fef5
00a8
0005
0086
0253
01e1
00c3
0128
014e
013b
fffd
0025
0013
fff4
ffb1
012b
0215
018e
0355
008b
005b
ff2b
0059
ffa2
0050
ff14
ff60
0071
030e
040c
04a1
000c
ffe7
fe55
ffa6
002f
feb6
fe56
ff92
00a6
032c
0527
030c
fd56
ff2a
0038
00f3
ffac
fff5
02c2
0192
fed8
fffe
ffd3
01d4
fc28
ff5e
01bc
0091
ff84
0072
ff86
ff58
014b
ffd4
fd2a
0191
fd2a
013c
03c8
028d
021a
ffe5
0043
00ba
0004
025c
fee3
0014
fd99
064a
078c
0429
02e8
018f
007d
ff29
ff91
ffb5
ffec
0185
fd29
0548
03bf
0301
0150
00c8
0039
003e
0035
fda2
ff10
00b8
fe1e
011d
ffd7
02f4
0026
fee7
ff31
01e9
0161
ff77
fecd
fe6b
fdaf
ff5b
035a
039f
009e
fdd5
fe9e
0093
ff08
fe68
fdd0
fef9
fcc4
0278
056d
0519
03a7
ffc3
ffde
fe23
feb5
fe5f
fd79
ff08
fb3f
00e3
0633
04e8
04ca
015f
0024
fca7
fee0
fc61
fb2b
ff62
fc67
0042
0509
06d4
04ad
00e8
0138
ff34
fea6
fc69
fc40
004a
fddd
00c8
0410
05b5
048a
037e
0226
0089
ff9e
fdfa
fffe
ff26
ff55
fe3a
ffe9
0047
0447
037d
02d1
03a5
013e
fcda
fc68
ff3e
fde0
ffd9
00d0
02f8
02a2
00ab
01a9
ff0f
ff26
016b
028d
ff2b
fcce
ffae
00a0
00c1
055a
05ad
02f9
031f
ffcc
00e7
024d
ff80
fe80
012d
026f
0529
0656
04d9
047c
0408
0160
0278
0375
fe2b
ff0b
021a
05a1
0481
06ff
07e3
0507
0260
fff5
017e
040f
00b9
01a5
0217
0440
05ef
05ad
0709
02bf
ff34
fe3d
01dc
0474
02e8
0185
03ea
052c
035b
04d5
0430
02fe
fd0b
fab9
031c
0355
0425
0199
0302
0351
0346
04cf
0482
02e0
0224
fe0f
0011
0273
01b8
ffaf
026e
03a9
03d7
0319
0334
0301
ff37
fcfa
fdf8
02a5
030c
fe0c
ffe4
023b
0390
0224
0173
022a
fe6e
fc03
fd14
02eb
05b4
ffa0
00ad
0010
00f1
00b4
023e
020f
fee5
fcfa
002e
011b
01d3
fdd1
009e
00a0
010d
00a0
0164
0285
ff3d
fd1f
0073
0368
0359
01d1
fe98
fe54
fea9
fd76
fda2
fefb
fe73
fe94
fde0
0130
023b
0016
0004
fe9c
ff6f
fe53
0085
00e5
ff34
0079
0070
0213
0101
ffe5
fe6d
fdc0
fe7b
fdbf
fdaf
fecb
012b
01f0
0161
00a0
0154
007b
fe6f
fceb
fd55
fdea
ff03
ff77
0081
0260
02a9
00ea
ffe5
0150
fd98
fddd
fd1f
fc6c
fe07
ff0a
0012
0100
01b8
026f
01a7
013d
febe
ff71
fd7f
fca5
ff83
ffd6
feb0
004b
026f
030d
009e
febc
ff33
fe91
ff02
fd76
ff77
fff4
017c
01b8
024a
00c0
0068
fd7f
fd79
fed7
fddb
fc3f
fe14
ff26
ffd4
0071
01ce
0146
00c1
fdc4
fe7b
fd96
fd1a
fd8a
ff16
ff22
fe9d
004a
0044
0088
fed1
ff7a
feaa
fe39
feb4
fee1
feb4
fe62
febd
00b0
0197
00e4
00ab
ffd0
0088
0059
fcd8
ff6a
ffb0
00e9
0127
00b4
00fe
01e3
020f
0087
fe27
fdf0
fe25
fe7a
ff25
00fd
0121
0149
0217
ffd3
017a
0029
fe55
ff79
fdbf
feb7
ff69
015b
0076
0117
0334
00b3
002d
fffb
014d
ffb0
ffa4
0114
002e
00ac
ff29
fff4
017c
ff94
ff55
fe9f
ff2c
fe7b
ffef
ff98
ff15
00aa
019e
008e
fee2
ffd2
fece
fda4
febe
fead
ff14
fff3
ffae
02b3
ffad
000e
001e
fe9f
ffaf
fe36
fc7f
fd4a
ff3a
004a
00d9
0099
005c
0078
01e2
ff60
fdcc
fdf4
feba
fd78
fda4
ffb7
fdf1
00dc
0162
0428
0376
00cf
ff50
fdc5
0180
ffab
fe6f
fffe
0127
ffe3
043e
0478
0343
ffb5
fcb2
003d
0073
ff6c
fe0a
ff8a
024b
02de
01bd
04ca
0440
fcc2
fe74
ffc3
ff71
fee8
0009
0096
016e
0334
038a
01c2
0115
fdba
0001
00fc
00de
ffdd
0104
ff42
ff21
018e
ffda
00f2
fe88
fe97
0002
018e
ff87
feed
ff45
ff73
0016
029b
fffa
fd43
fd40
ff56
0105
032c
ffe8
fe14
fe2e
fead
003b
01ef
00aa
00cd
00e2
01c7
018a
00dd
ffe7
fdca
ff9c
fe6b
ff30
013e
ffbf
0049
fff4
00d1
0011
0080
ff67
fd95
fe6a
fe93
fdef
fd3b
fd57
fcb3
fea8
fe10
ffc0
ffc5
febb
ffb4
ff57
feb3
ff4a
ffb6
fe38
fc4f
fdd1
fe23
ff82
ff5f
fe07
009c
ffd1
fe08
00df
0249
ffc6
fbc8
fd5d
fcb5
fe39
fddf
fe7e
fe7f
000c
017f
feca
ff85
fd78
fd90
ff51
fe56
fc33
00cb
ff8e
ff48
0118
0260
0057
fe3a
003f
fe89
fdcd
fc31
fb9a
febc
fda3
fea7
ff07
008d
01cb
0058
0116
fe5f
fc9a
fe2f
fc6f
fe78
fe41
013a
ffd1
feec
01ac
fe70
fe89
fcc5
fbd7
fd3e
fe2a
00c4
013d
0098
ff2c
ff8c
009c
fd06
fc42
fc9e
fcf8
fcd4
ffee
fe3a
0026
fed3
fe22
fde6
fe48
fdd8
fd2a
fced
fdb1
fe51
fe74
fec5
0126
fc76
fbbc
0071
fdb0
fdc2
fea7
fd88
0084
0058
00ec
fd82
017a
fd9a
fdcd
fdcf
fef3
fc7f
fafd
fc18
fec4
fc8a
ff5d
0003
fe30
fd51
ffc6
feb5
fe67
fef2
fd0e
fdbd
fd05
feb7
01de
ff23
fdcb
fe44
005a
ff4e
fe9c
ff2c
ffdf
fe47
fcbf
fd01
fe8a
fe6b
ff2f
0148
0175
0097
ff3e
0234
022e
008b
002c
fda7
fd89
ffbc
01ec
0004
0001
0182
02c9
0095
ff0d
fe0f
fe2b
fd87
fc52
fd34
ffa5
0168
02db
ff51
ff5f
ffcf
fdaa
008e
00ad
fe77
fd05
fcd7
ffbf
0061
0242
0179
0026
ff0a
ff1c
0177
feb8
feee
00a0
fd80
fd1d
ff14
ffb2
00e0
014e
ffb3
0046
ff37
ffab
001c
ff25
fd09
fe21
0157
ff6b
ff69
ff66
fed9
fe7d
fdee
ff7b
ff5e
fd8b
fe87
0005
0016
0068
ff6c
ff77
fd0f
fe64
ff87
ff04
fca4
ff68
ff0c
fe71
fef1
ffc4
0011
ff1a
fecf
ff74
ff06
feba
feb0
009e
016b
fd5b
fde0
ffd3
feb1
fffe
feb3
fd91
0132
014b
fed2
006b
01ee
001e
ff06
ff0d
0001
fd73
fc8f
fd08
ffc0
0167
0046
006d
014a
fea8
fff5
0053
00ec
ff4d
fe5f
fe44
0135
01a6
022d
0353
0362
ffbb
003e
0094
00c4
ffcc
ffe2
005a
00d1
01ef
003a
ff29
00e1
ffe5
0019
00f4
ff3a
fd5b
fe6a
ff59
0081
0025
00e6
ff39
ff60
ff30
fe83
fdce
fe75
fddf
fecd
fee1
0065
0183
01c3
008f
fe96
ffe0
fef9
fee0
0014
fe86
ff92
fea8
ff5f
00b2
0307
0151
fed3
00a2
fef0
ffd6
fec3
ff5e
fe9c
fe86
00c0
0141
031e
00cf
fe77
00aa
ff6d
fe95
fec0
fe01
00db
ffdd
ffe1
0062
0218
0091
007b
0041
fe66
fe9b
fdd7
fec8
ff69
0077
0114
01e8
00b4
ff58
0069
ffa7
fefd
ff90
feee
ff7b
000b
fe73
00fd
0048
0122
ff26
00f0
011e
00f1
0023
ff37
ff31
fec4
ffa8
fffa
00a2
00e2
0069
0145
fff3
ffd1
0116
fef5
fdcf
fddb
007b
0095
0135
0264
000a
01eb
fcfe
fd4e
ff78
ff2e
fdea
fe39
000b
ffbe
0297
01f3
01c4
0007
ffd3
0037
00fe
ff33
ff02
fdd9
ffb4
ffe1
02a5
02ae
00b8
ffe6
020f
00f4
014a
ffc9
ff11
fead
ffa5
ffee
00a2
fff1
0006
ff03
0129
0042
0022
00af
0080
ff6c
fd43
fe32
ffba
fd7d
ff22
014d
01e9
01db
fef1
005c
ffcc
0114
fe4f
fed5
ff92
00bd
00e7
00ce
00cd
0157
fe7e
00a9
017c
03a8
014b
fea6
fdeb
feba
0144
01c6
0202
009b
ffc4
ff94
0255
014a
01a5
ff74
fd92
ff93
00da
0171
00f0
00ed
0187
010b
0183
01c9
035a
005f
fdde
fef7
ff81
ff3b
00b3
009d
0255
01a7
0236
0252
0150
fdd7
fdc6
ff21
ff8b
0080
0168
0088
0245
01e0
024f
0042
004e
fdae
fe4e
fe4b
017e
ff31
01f6
020e
009a
0037
01da
01a6
ff8a
feca
fe7d
fe5b
007a
0033
00f5
01df
007b
00f8
01bb
ffd1
0068
ff87
ff2c
ff76
fef6
016d
0052
041a
00a2
0118
005c
0010
ff25
ff18
00d6
ff61
ffc6
0035
01db
0256
01b3
0088
0038
fe2e
fe23
fe99
0060
0078
0069
01e2
01e9
01ca
ffe9
0199
ffbf
02de
0135
0049
00a2
ff65
00f6
ffbf
ffbc
fecc
01b7
0334
0244
ffbe
ffdf
004f
017c
015c
ff2d
fe49
fe42
fed9
0068
feeb
ff99
ffc2
0334
0342
fecc
ff7c
ffd6
fe14
0061
ff31
fd9d
fda7
011c
024a
01cc
004f
fd3f
fdb8
fe80
0066
ff38
ff97
0014
013d
01e9
0012
ff35
fdd4
fd88
fef5
ffbf
ff2f
ff94
004c
00f1
0152
00af
ffce
0075
fd2f
fea9
feb9
ff75
fe77
fe7f
ff11
ff4e
febe
008b
0156
ff7e
fefd
fdc2
fedd
0084
012d
ff5d
feb4
0030
fffe
01f6
ffaf
ffd9
ff54
ff11
01e9
0154
02bc
ff13
0212
ffdf
0000
011a
fe8e
fd17
fde7
ff9e
028f
02a4
01b1
ffca
00f3
ff9d
feef
ff33
ff10
fdd6
ffe0
033d
027d
0303
0191
0157
feb7
fec8
ff0e
ff42
0049
0186
0159
0330
021e
03a7
00ca
ffee
ff2c
fec7
fe73
00da
ff56
ff83
ffde
00dc
0183
0029
01bc
ff78
ff39
ff0d
0048
ffe4
00b6
00c9
004f
00c6
ff99
002c
0007
ff95
ff18
ff2f
ff6a
003e
ff70
ffa8
0002
00e4
ff10
0042
008b
ff9a
009b
00b3
ffdd
ff85
ffd4
0046
ff4a
00c5
ff7a
00a3
ff2f
ffd3
ff15
fff1
0069
0096
0034
ff2d
fff8
0012
0093
0083
003c
ff79
003e
00c5
00ed
ff0d
00a4
ffc6
ff6c
ffff
fff3
ffb1
0060
ff11
ff89
00db
ff3d
ff35
ffa1
000c
00a8
ffbb
ff37
0048
00bc
00ed
009e
00e6
003e
005f
008a
ff09
00d4
0063
004a
00d2
0036
0046
ffd7
ff97
ffb7
ffc1
00ab
ffad
ff9a
00b7
00e8
004c
ff4c
ff6f
ffa9
ffca
0065
ffed
0050
ff3b
ff5a
0030
ff09
ff57
00a7
00a2
00c9
fff9
00f5
ffa3
ff6d
ffb2
002f
0051
fff7
0007
0012
fff2
ff56
ffc3
0029
00da
0009
005c
0032
ff68
ff53
fff4
0005
ff9e
0009
ff51
ff84
ff0d
ffbd
ff7e
ff0f
003a
00a0
ff50
0082
ff17
fec4
ffa8
ffb9
0036
ffb0
ff14
fdd6
feb7
fe6b
fdf2
fee6
019e
fd13
002a
ff96
febc
003b
fda5
ff4d
fe7c
fe68
ff2a
0096
fe65
fccf
0081
fe4c
00b4
ffa1
fe9d
feaf
fef2
0129
0137
ff51
fe6e
fd4d
fd1e
00e4
017f
003b
0020
fdd9
ff45
01b1
0077
00b2
fefb
fcf8
fe08
ff00
ffb6
0140
00a1
fd4b
ff1a
fee4
ffa6
010a
fdfe
ffe8
0174
feb8
0005
fe7b
0045
ff9f
ff5c
ff5a
015e
ff3e
fe08
fe43
0148
01dd
ff73
fe0c
fcf4
fd9d
fe23
fe59
ff90
ff33
ff34
fe73
fe2f
00d9
002d
fe62
fbcb
fc7c
fb02
fef6
0026
000c
fe37
0173
ffde
0143
feaf
fe0d
fd4c
fc81
fd3b
000f
0314
008e
001a
ff83
ff4c
fd63
fd29
fe7b
fa60
fd04
ff95
0141
02ba
025b
ffe9
0294
009c
fea2
fed5
fdaa
fe5e
feee
0055
0261
0298
0162
fe82
ff01
ff09
0134
0032
fed0
ff9e
00e1
0029
016f
0196
ff69
0063
ff20
ff91
ff71
002a
ff5d
009f
0008
00a1
00d3
ff49
ff82
00d5
00b1
0045
00cd
ffa6
0000
009d
ffba
00e3
ff66
0013
0097
ff21
0072
ffd7
ffa5
004c
ff7c
00dd
0049
ff9d
ff97
ffa4
00ea
ff7f
00b2
ff33
ff73
ff46
ff25
ffd1
fffd
0065
0039
ff8b
00bf
ffd2
0005
001f
00d7
ff43
00a4
000f
ff71
fff3
009f
001f
001b
0067
00dd
ffce
ff9d
00e8
0006
00c2
ff18
ff49
ffae
ffb6
ffbf
00ed
ff69
008d
006c
ffbd
00e2
ffcf
ff69
ffcc
ffff
00f3
ff86
00eb
ffb5
ff4c
ff63
ff83
ff7f
ffea
ff1e
ff0d
ff35
ff58
0068
ff0c
ff5b
0032
00b4
00ce
00a4
ffab
ff30
ff11
ffba
ff52
ff1b
ffc2
003f
000d
ffe5
000c
ff35
0049
ff0d
00b5
ffe9
ff7d
ff68
ffe1
00b2
ff9a
0053
0079
00d0
00c6
00d4
007f
0079
ffb6
0026
ffd5
ffb5
0030
ff90
ff8a
ff85
00cd
ff7d
00b3
0007
0096
0031
006a
ffd7
ffc7
0046
ff35
ff71
00de
0082
ffd4
ff4d
ffcd
00cf
ff51
0037
ffdd
ffbf
00f1
00a0
0090
ffab
0043
ff4b
ff56
ff1a
ff40
ff9f
ff24
00a3
008f
007c
ff41
ff5c
ff48
0043
006e
ffcf
ff73
00b8
ff3c
005e
ff8c
001a
ff11
00ec
0004
0018
ff4e
0096
005d
0041
ff0a
ff65
00dc
ff37
ff20
0030
002f
ff90
ff87
ffb2
00e2
ffff
006b
0062
00b2
ffa5
ffce
ff99
0008
00ad
ffb3
fff5
00eb
ffdf
00a2
0071
0083
ff0a
008f
00d8
0041
00e1
00c9
005e
ff17
ff81
00f6
00b3
ffbb
ff8e
ffec
fff2
0024
ff73
ffd2
ff32
ff2f
00e6
ffcf
0048
006d
006b
0023
ff10
ffcb
001a
0034
00d4
ff8e
0000
0090
ffce
ff69
ff9d
0000
00c8
ffc8
ff9b
ff85
0017
0031
005a
00f9
ff23
ffe2
ff55
0072
ffe9
00b8
ff46
008b
0045
ff36
fff3
00f1
ffb2
ff85
0069
ff28
fff6
ff64
ff35
ff4b
ff2a
fe02
ff35
ff67
feb2
ffac
fe49
fea1
004d
003e
0078
ff67
fff6
00f0
fe47
0013
ff01
ff8e
0022
ff93
fe1d
0016
00a4
0077
fe75
00be
ffef
fffb
00de
ffd5
ff27
fcf4
fd25
ff54
ff75
ff83
feae
fe9a
ffd1
001e
013c
00cb
ff0a
0019
fef3
0052
ff8f
0051
fffd
ff70
0076
ff47
012d
0000
ff7b
fedd
fe7a
fe70
0222
01b4
fea9
ffae
ff6b
ff02
007c
001f
0022
fe1c
fe51
ff57
ffe2
017f
ff5e
fe20
fe46
ff01
fe0d
fe6a
ff06
fe8b
01a2
015c
00b0
ff8f
fe0f
feef
ff40
fec8
ff99
fec0
0011
0175
0181
012a
0109
fe3e
fe2f
fd9a
ff37
01c7
0065
ff02
0045
0059
0109
00b1
ff43
fe80
ff9c
fecb
fe94
ff2e
ff3c
ff38
0029
0063
ff67
ff0a
ffe3
fe8c
fe35
0141
0007
ffd5
feda
ff37
004c
ffff
008b
ffd2
fff7
fe82
00b1
0112
00e6
ffdc
0028
fed7
024a
0285
011b
0037
ffbc
01f6
ffd8
003b
00c8
ff6a
003c
0051
0068
ffe0
ffb7
ff67
005b
ff47
fe83
00a1
ffbb
ffbd
ff3d
fe71
0135
0057
ff9e
fdb0
fdfb
ff19
fee0
fe56
fdbf
fd72
005d
00f4
0234
01b7
00c2
fdbf
fd77
fdac
0000
fdae
fc69
fe61
ff0e
0192
0193
0144
fdde
ff05
00a3
003c
ff13
feb2
fcb4
fd3d
fe49
0066
ff69
fca1
fdb8
ff89
ff66
0066
ffa0
ff95
002d
ff48
fec8
feb4
ffa8
fe2f
fe72
fea8
fddf
006e
fea1
febc
feef
ff93
fe0b
fd7f
ff3c
ff74
ff75
ff34
ff69
fe98
fe49
fe26
01b2
01bf
ff9b
fe4b
0124
fdb7
0055
ffd5
007a
0254
fd52
fec8
fef3
fe71
ffe6
fe33
000c
fece
fdc3
0027
ff30
01cf
fe54
00a0
005f
ff68
ff2c
fe53
fe57
fe9a
ff5b
ff1c
018f
01c2
ff65
00d6
ffad
ff35
0019
fef6
008b
0071
022e
0202
02ea
00a4
ff58
003b
0006
fcb1
ffee
ffb1
ff21
ffb5
ff22
002a
ff66
fe63
fe80
0081
0095
0006
ffad
ff22
fdc8
fdee
fe6f
fdab
fdc1
ff03
fed1
0075
0050
ffbe
ff84
ff39
ff48
ffdf
ff23
fe24
fe30
ff90
001d
0069
007f
00d5
feec
fe5c
fea9
fe44
ffc6
ff27
fea0
fdef
ff2f
0211
01dd
00cf
0063
ffd3
ffe0
ff35
ffeb
ff04
fe7e
ffbe
feae
01a3
0141
0022
ff40
fff2
ff42
feec
fef2
ff6e
fdb6
ff0a
fe2b
ff64
fead
ff84
ff0c
ff39
002c
00c9
ff59
ff6f
0037
ffac
fee7
ffc0
feb5
ff3b
fe85
fffa
00c5
ff10
ffe6
00ec
0050
fed7
0046
fe96
ff14
ff92
ffdf
000c
fefd
ff04
ff4d
ff97
ff0a
ff3f
001d
feaf
00a7
ff43
fe35
ffd1
fe38
fff2
fe93
ff8b
ff68
ff2a
fec1
ff04
fe85
fe51
fe6e
fddf
feeb
fede
feda
fee6
ffac
ff3b
005c
ff5d
fea1
002b
ffaa
fecc
fd6c
fef2
feef
fff7
ff3c
ff12
001f
0045
0079
ffaa
ff82
ff82
fe86
ff49
ff6a
ff96
ffa8
ff27
ffa9
00c8
002d
fe5d
fede
fdb8
0093
fed4
001f
0026
007e
0038
ff25
02a8
00a3
ff31
00ef
fe94
ffbb
ff1e
0126
0103
ff0e
019e
ff36
020f
ffd1
fd22
ff2d
ff3f
ff8d
012e
ffb7
fef8
fece
00e3
ff42
0334
0042
fb90
fbf7
ff5e
014c
0089
ffa1
fde6
fd01
fe27
fe70
0181
ff07
fb18
fdc5
00e9
fe54
fce9
fe33
fdd9
fd30
ff8b
ffc2
0156
fe97
febb
feb2
fdea
fe8a
fe00
fe7e
fdbd
feee
01f9
fffb
0002
0106
0119
fe49
fef4
fe7c
fdc6
fdcd
0014
fe53
0067
00f7
0079
02da
01c0
0053
fe61
0072
ff32
fe6c
ff17
003d
fe73
00be
00b1
01e4
0162
021c
fe77
fe46
fcce
fd0c
fd9a
fe87
0007
0163
0100
025c
0252
0115
fe96
ffb7
fd88
fceb
ff42
fe5a
012c
0039
0127
018e
00f6
010a
fe2d
ff7c
0052
ff09
ff19
fee8
00d5
0008
0019
0035
ffea
fe30
fecf
003b
010d
0007
ffb6
00aa
02ad
00b9
021c
ff3e
00ba
0115
fdf3
fd86
ff69
001a
ffae
fed6
fe9c
ff2c
0143
fda8
ff26
ffd3
ff0f
00b2
fd39
fcd3
fd3d
fdc5
fbe9
fe6c
fedc
017b
00c6
0208
005e
fef6
fccb
fcac
01c2
00d8
fefd
feb2
fea5
0151
004c
ffb1
feca
01db
fe57
fdee
0300
0101
fdcd
fe2a
fdbe
ff8f
00bb
00f6
0299
ff7e
ffc8
ff50
0113
ff59
fe54
fe62
fdee
0005
ff6b
fee2
0071
0060
0101
01b1
01cb
ffcf
fe15
fe0f
ff6a
0106
00aa
010a
00fd
ff7a
0069
01dc
0257
0197
fd69
ff20
fcf6
fe4e
00e8
0015
0198
ff40
0088
0036
fef2
0089
fdc1
ffa9
fcfd
004d
0082
fee1
0007
fede
ff97
fd30
fe5d
fff4
ffae
00f4
fe91
fc91
0022
fee8
ffcb
fedd
feaf
fffb
ff2e
ffdc
fe4e
00e1
01bc
00c3
ff2a
fde2
feef
ffd7
ffcd
ff4c
001c
0223
0047
0146
0043
0194
0285
00b5
00c3
fedb
ff64
ffa8
0007
000b
00fe
001e
ffe3
feeb
0062
0178
00eb
00e7
0095
0212
fe8b
ff0a
0191
0098
ffac
ff56
ff9c
0061
0109
02b3
0230
03a6
067f
04b7
0394
03a4
010d
ff7a
0026
ffb1
00ed
feed
01b2
02ef
0232
01e3
0249
0308
00d9
fd26
fe2c
0000
0075
febe
ffde
00b4
010d
0200
fef6
ff73
fe98
fd7e
fe82
01c1
0077
fdaa
ff51
0308
0393
029b
0199
00c7
010b
febb
fd6c
0093
016c
fef0
00d6
0082
01bf
00d4
00e9
00f1
0232
fb14
fca2
ffdb
005c
fdf5
ffed
0045
0238
005f
ffd5
00a2
ffb2
fb68
fbca
fc82
feec
ffd3
ff10
ff5c
002f
fee1
ff4b
ff50
febc
feac
fd0b
fdf3
fd8c
feb0
fe7f
fe63
fd84
fd24
fba5
fd36
fd09
011c
0026
fe68
fdd1
fdb3
fd9a
fcf1
ff02
fded
fdcb
fd39
fcb4
013b
00ae
0052
009d
ff73
fc77
fe1b
fd28
fde2
fd36
fdd0
fcc8
fe54
000c
0019
00d5
002d
fd3b
fca0
fd64
ff05
febb
fede
ffd8
0060
03e3
038b
0126
ff76
fff0
ff6b
feff
00cd
fe83
fd55
fda3
0098
00d7
01ac
fd28
fdce
fcdd
fd44
fcd8
fc4e
ffeb
ff4b
fefc
fee1
fd02
feb3
fec2
feed
fe2b
001e
fd9e
fcaa
fed4
ffa4
ff60
fb7d
fda1
0156
ff84
fe2f
fe31
ff9c
ff2a
fe5e
00b1
014b
fff0
f931
fbd6
fd7e
ffb9
fee5
004e
0086
009a
00b2
019c
0395
042f
faef
fd42
fcc0
fd68
fe4e
0064
01d2
024b
00ac
010c
0311
04da
fec0
fed8
fe13
fd52
0014
019f
02ff
0233
0127
031b
030a
05c9
fe8c
ff3d
01db
00f0
0215
0304
0306
03ae
036b
02d7
034f
0418
ffe1
01a5
031e
0151
0315
028e
03b6
04b5
0476
0504
0262
02e7
ff37
00bf
0160
025a
0450
037e
02a1
0249
03cb
01fc
0127
00ec
fdfb
01c9
0212
ff74
000d
005e
ff77
007a
00cb
fede
fe3c
fe3d
fe59
0222
01a3
fff2
feea
fe25
fdd9
fe84
fe30
ff4c
fe30
006b
ffd1
fe6a
fe10
fd05
fe0f
fed1
fc08
fb04
fc97
fc92
fd80
fe97
fcd8
fd0a
fcb1
fd13
fe0d
ffc0
fed1
fe2f
fd8d
fe27
ff42
fd84
0095
fe88
ff62
0226
0288
00a1
0047
fe19
fca0
fe80
ff35
fdef
017a
00a0
01a9
ff6b
ff85
fef8
fdaf
fdc8
fd65
0037
fedd
fffb
01a1
0094
ffda
ffce
01e3
ff35
ff60
fe4d
fd26
ff47
00ed
fffb
00c0
fe31
0253
02f6
0073
ffdc
ff1f
ffdd
fd8d
002d
01a6
ff49
ffcc
fdb1
ffda
ff6d
0142
02b4
0146
ffa8
ff47
0244
0113
feac
fe48
fe03
0048
ffd5
00f7
0104
ffd6
ff5a
031f
027c
fe68
01d3
fedf
ff8d
ff49
ff73
ff77
ffb2
fede
fe5b
0243
ffe3
fd80
ffa6
ff23
fc06
fc30
fc46
fd43
fe10
fee2
fea6
00f1
00e6
019d
fffb
0221
fe6a
ff1c
fdf9
003d
01db
0140
01a9
00bd
0103
014c
0245
021d
00bd
0040
ffec
0102
00a3
00a2
015d
02d7
0109
00ed
fe47
fa23
f8e0
f9c6
fc56
fb68
fcca
fcc1
fc60
fcb6
fda4
ff27
0203
fb08
fdb2
0005
ff2e
fffb
ff61
fe00
ff0f
ff5a
0010
001c
ffde
ff9c
0021
ffe9
0087
fef1
fe4a
fe7b
fdc8
0053
ffbb
ff89
026a
fedd
ff24
ff4d
0213
0093
ffbd
fef4
0060
0089
ffa8
000c
0009
ff5b
008e
00cd
0378
02df
0271
ffde
ff6b
fd95
fdf5
ff5a
fe3a
ff75
0147
0329
02d1
035b
02f6
018e
00d0
ff4f
feaa
fe20
fc9b
0069
00d1
02ec
033c
0415
0218
0280
ffef
0079
00e8
fc31
ff36
01ed
0185
01aa
02c5
03d1
0327
0107
022d
013c
fea0
ff1e
016e
00c1
02a1
0176
013e
024c
02de
0296
01de
00be
005f
ffa4
01a4
00ea
027a
0332
0226
03b7
048c
029b
0373
0340
01cf
ffbd
0164
fded
0215
0233
0391
0384
0384
0496
0391
0564
02cc
0203
0064
0268
0072
ffde
037a
03be
0207
04cb
06c1
0501
02ea
00b9
fcc6
015a
ff38
00fd
02a5
0051
0137
0008
0139
ff12
fdd2
fe9d
ff5c
0349
00ab
01b4
0136
01ce
0092
0065
003e
0121
fe3b
fd5f
ff65
019f
021e
012a
00d2
0020
008f
ff2e
0110
ffd5
ff83
ff84
0050
0109
00f9
029f
fff0
0069
0042
00b5
0151
0170
ffb7
fff8
017f
fe27
ff61
016d
00cc
0091
0077
020c
0248
00d3
ff27
015a
01c8
fd73
fe9d
ffa3
011b
004e
ffeb
00be
013f
015a
00cd
000a
01ab
fb94
fd61
fe16
001c
ff36
012e
00b7
0104
0094
015e
0212
01f3
fcf3
fdd5
ff7d
01c0
0040
002e
ffcb
01ad
0096
0239
fff8
00c3
fe97
fe73
0014
0026
00cd
ff69
0025
01c9
005f
013a
feff
003b
006f
0056
ff83
fecf
feb5
ff62
012e
0105
00fe
0029
0062
009e
0142
fed2
fedc
0034
0012
fdc1
ff36
ffab
ff75
0197
0112
ffd2
009e
fda4
fca6
fed6
fe15
fc66
fc35
fd5c
ff7d
009a
0165
0099
013c
ffe5
0074
0274
ff7f
fbf0
fd59
feaf
fce4
fd0e
fdc9
0213
009c
00c5
0076
008f
ff07
0038
0151
0326
ff05
fe7d
ff96
fe83
ff11
fcca
fbdb
ff3b
ff50
fe91
fd55
fdd3
fce1
fdf9
fdff
fdc6
fdcf
fce9
fd89
ff3a
fdea
fc97
fb81
fe3e
fd5f
ff85
fe48
fe58
fe2f
fcc0
ff87
ff6d
fffd
fe79
fdb9
fe49
ffa9
ffb5
fecb
fe1b
ff4f
fe38
fee9
fed8
fe17
fe85
ffce
fe28
ffbb
fd5d
ff4d
ff13
ff7a
ff1a
ff6f
fe6b
ff3c
fee7
ff17
fe68
fdfe
fd85
0054
fe3d
ff3e
fe51
ff5f
fefa
fe4a
fe2b
feed
ff3c
ff2d
0019
fec9
febf
fe7b
fd83
ffdc
ff7f
ff3a
fe73
ff91
ff64
ff50
ffa9
fe5c
ff57
feb9
fdf7
fddc
ffcb
ff75
fd96
feb9
fda3
fe85
ffa0
00a6
004d
ff26
fdf4
ffa4
0022
0247
00ca
fea8
00b1
0184
0069
fff6
fef2
ff0f
fe0c
fe64
ff12
0074
022b
0094
ffea
00d9
0168
017a
fffe
fd6c
fd5e
00d4
01e5
03fb
01c2
024d
0233
039a
017f
00cd
007b
ff61
fdde
01f4
01bc
0346
02b5
0225
00a6
00bd
00d3
00db
fc14
fd9d
fece
0177
00cf
02bd
02b1
04eb
027a
0040
00b3
fc6e
fbe4
ff01
0491
03c7
05c8
04fa
04a4
03be
04c0
020e
0067
fed0
fdd5
04e0
04ac
051e
0590
02fe
02fb
02a7
0548
044b
ff96
01de
019b
038f
0399
023f
0373
01a0
021d
0308
02f9
0209
ff71
0156
01f0
0319
01bc
01d1
0524
02dd
014b
0184
0205
01c2
ffad
ff65
02e7
00e6
03a8
0337
0417
04dd
0348
0301
0157
012d
01dd
011c
025a
0243
04ff
0477
0206
02f8
01ca
0146
0088
012b
0218
021f
030a
0355
05fd
032a
0084
011d
ffdf
ff93
ffb1
00d2
01ce
02eb
02b1
0105
04fc
03ce
02fe
00cf
0043
00a4
0152
01b2
0469
028a
01b9
ffc8
0126
005c
000b
febe
fdbf
fead
fd92
00ec
016f
ffea
015e
00a9
00a0
fff7
ff7b
ffd2
00af
ffca
ff8c
0096
0049
ff5b
ff49
00dd
ff83
0037
ff65
ffc2
00e2
004f
ff9f
ffbd
0000
0014
00db
00b6
ff5c
ffdb
ffeb
00cc
ff99
0077
005d
ff34
ff28
00f5
00f2
0091
ffad
ff8a
ff18
ffae
ff3d
ff4b
ff7e
00d5
ffbc
0018
0025
00a7
008d
ff96
008e
ff5d
0092
ff93
ff72
ff5f
ffb0
ff43
ff6f
fffa
ff2d
00d4
ff79
ff21
ffcf
ffd8
ff49
ffe5
00e9
0032
ff56
ff57
ffee
003a
ffe0
0077
004d
0099
ff75
ff9b
ffac
fff9
ffca
00e3
ff2e
ffa9
00fa
ff86
ff44
002a
009b
007a
ffa9
009c
ff76
ffdd
00ed
00ed
003f
0059
0095
ff99
0091
ff33
ffd0
ff55
ff93
00a9
007b
0094
ffbf
ff2b
00a6
00b3
ffac
0091
ffd3
ff35
ffa0
ff61
0026
ff9a
ff55
006e
0052
ffac
00a7
00d7
ffa6
0031
ffa5
ff5d
ff27
ff6d
006b
ff6c
ff16
0050
0042
fff6
000d
005a
009a
ffcf
0093
fe4d
fd43
ff1f
ff21
0027
00ea
fffb
fed7
fd93
fd6b
fce9
0087
01c4
00c3
fd5e
fcec
fc2c
fa4b
fd26
fd15
fc9e
fd7f
0033
029e
034f
ffd1
fea5
fe2e
fcdc
fb3a
fcb1
fb1b
fc49
fe5f
0017
014e
ffe4
ff17
fd5b
ff17
fede
fe38
fae0
fc45
fe03
fd7d
fe23
ffb6
fe8a
0003
fd02
fee0
fe6c
fdd0
faca
fa83
fd41
ff3e
fd49
fdde
ff0c
fda1
fe54
fdb4
fe3a
fe16
fcdf
fbad
fee6
ffc5
fbc3
fa85
fcf9
ffb4
fd30
ff12
fec6
0031
feb9
fdb2
ff0b
0070
fde3
ff34
ffa7
0198
00a6
0066
0082
00a0
ff6e
0015
0079
0466
ff6f
fef8
0146
01bb
030d
015c
0020
0206
02c9
0132
00a6
0228
fd52
0099
00a1
00c7
02a4
0310
00ca
0111
0113
0098
feca
015d
ffc8
ff4d
ffd8
0154
0297
029d
01db
0067
fff6
ff66
fe7a
ffe7
ffe0
0182
00db
fee1
ff87
febe
fef6
fcb2
fd7b
fd62
fd42
fe78
ffd1
008c
0117
ff5c
ff5a
0121
ffdb
0004
ffdd
fff7
0046
000e
011b
ff54
ff56
ffad
ff83
ffa2
013d
0015
0039
0129
0102
00fc
ffcd
010d
00dc
ffde
ffd5
00b8
ffbd
0126
0111
00b2
00d9
00df
0104
0106
00ee
ff9b
ffc5
0013
004e
001a
006b
ff66
006d
ff96
0088
012e
0117
ff7c
ffa2
0137
00a1
ffc4
00cf
ffd7
0091
0108
0107
00f3
013b
ff9b
ffb2
ff5e
ffcc
0014
0066
ff93
008e
0085
00cc
00c7
00e2
00a5
008b
ffd5
0010
008e
0130
ff83
0134
0037
010e
0065
013c
00c2
00cf
0010
00ca
ff90
00d9
ffa0
ffea
0070
ffe4
ff9c
0132
006b
ffff
0109
0120
ffb2
0060
004d
0097
ffbb
009b
fff9
001a
003e
ff6c
012c
0042
006f
001a
00f4
ffb5
ff95
006e
00a5
00b2
ff83
0130
ff79
ffec
001d
011f
ffc4
0057
0054
009e
ffe0
ff91
ffc6
0051
00d8
00db
00ef
0089
009e
0094
00e9
003c
ffba
0131
ff80
ffd1
0025
0063
ffc0
005a
001e
0107
0010
008f
ff62
009f
ffaa
0039
001b
ff5e
0013
00d0
ffa3
ff54
005e
ff7f
0051
00eb
00eb
003b
0027
001c
00b9
ffc9
00aa
0046
004b
00db
ff71
012c
ffbf
00bc
003a
00cc
0026
00f0
00b2
00cc
ff5d
00a2
00b2
ff63
002e
ff6e
00c6
0081
ff98
00a5
00d9
004b
007f
00fb
ffbb
00a4
ff81
00cc
00a9
ff5e
0135
00c5
ffb2
002c
ffde
ffe0
ff75
0054
ffda
003b
00e5
0136
0014
00cd
ff72
0025
0100
004b
ffba
ffe0
005d
ff74
0049
006d
ff78
ff5d
000d
00bd
ffb0
00d1
0005
0053
fff0
0093
00e2
ff91
0120
00c3
001f
00af
ff41
000a
0013
007d
00ea
fffd
006a
ff5a
00e3
0038
00af
0009
00f4
ffac
ff8c
0123
0004
00a0
010b
0123
ffa4
ff5a
ffd5
003f
0041
0101
007a
0088
0025
ffd6
0020
ffec
00a2
00a5
0186
00c2
0187
fcef
fe74
fe72
fef3
ff96
0051
020f
01ef
027c
0304
015e
00ae
fe2a
ff64
013c
00c2
0093
013a
01c8
0181
01df
01e8
016e
02e1
0022
020b
01da
014f
02a2
02bc
022d
0298
0288
02c0
002e
0185
0004
01a2
03d1
01ee
0153
01e1
02b8
02df
01e0
0158
002e
018e
011e
ffa9
022b
016b
003a
ffda
027b
0282
00c9
ff78
fcf7
feef
0307
02f5
028b
0276
0241
ffe2
014d
01bb
ff0d
ffa6
fd0d
fe12
00c5
030b
02fa
0229
016b
014c
01c7
01a9
01bf
ff62
fe7e
ff5e
ffb0
0263
0164
0244
0006
01ce
0315
0194
0088
0033
fffc
0125
0093
00c5
029d
0341
01c3
0318
02f0
0276
00f9
ffe3
ffc4
0065
fe6f
01ce
0196
02f3
0351
02b1
0430
0317
01eb
005a
ff9b
00fb
fd63
fee5
0041
ffd5
0238
01b5
0114
0121
003c
0041
ffe2
fdec
0221
017f
0175
02b3
006e
0364
035c
037f
01a1
0153
015b
fba7
006c
ffb3
fe9f
fd8b
fe0f
ffcc
fd6f
ff92
00e1
ff79
fe40
ffcb
010d
0023
ff0e
fee6
fea4
fcd0
fd25
fe90
fea1
fe4d
fd73
fe30
0393
012c
fe84
febf
fe4d
fcc3
ff8f
fdab
fc61
fd72
fed8
010e
ff96
fdcc
fe78
fc9b
fcf3
fce2
fe49
fe6f
fcc5
fdf3
005d
008f
f843
fc3b
fc63
fc58
fd94
fc1c
fdea
fd01
fdc3
ff3e
ff4e
004e
fbd9
fe2a
fd04
fca6
fdc8
fdbb
fe6b
fdb6
fdfb
ff5a
ff8c
0005
fd6e
ff47
ffab
000d
ffd3
ff20
fef9
fff6
0025
008a
ff5b
0082
fd35
fdca
020d
00ea
0117
0228
00d1
00e6
0046
0035
feb3
0076
00b4
fe78
0207
001f
fdf7
feb2
ff69
00e0
ffa3
ffa4
fe29
ffff
01d4
fd7b
0022
0124
0063
0053
fed6
ff1a
fff8
ff4d
fce2
002a
0076
0097
ffdc
0052
0095
00de
0063
fe86
fe20
ff6a
ff3b
ff34
ff07
ff59
fdb4
fe9d
fe16
ff2c
fe94
fe40
fe14
fd6e
fe3b
0017
fed1
ff33
0081
006a
014d
01f9
00e1
020d
01d1
0111
0201
00c4
fda8
fe41
fde9
fec0
016f
ff62
ff37
0001
0112
ff17
ff1d
0071
fed2
ff75
fe9f
0048
01a0
00c3
fe59
fe5e
0051
00a4
ff4e
006e
ffd4
000c
0055
00f2
ffd9
0000
00b4
ff38
0005
ff8c
011b
ffd8
0294
ffb5
000a
011a
028e
ffd9
ff7a
002a
007a
ff3b
002f
ffb6
01fa
00e6
01fa
027c
0351
0024
004d
ff51
002b
010a
ffab
ff71
0341
0145
017e
020e
0296
0079
0003
ff66
003c
ff2a
fee9
fe87
0201
00ca
0028
00a0
0211
01c5
ff6b
ff76
ff5c
fd6c
fd5c
fec0
0190
009b
ffb3
fedb
ffcb
ffb9
0056
ff59
00a6
fe80
fe8f
ff5c
010d
ff92
ff41
ffbe
ffb7
0176
00bb
0160
0114
004e
feac
ff84
ffce
00ea
0034
0107
0171
0157
01a0
013b
016c
ffe9
feb3
fdad
ff09
fedd
0016
0038
ffcf
0227
0234
0146
00e0
0012
fd96
fe1f
fece
fd52
ff59
ff4d
fe94
feaa
ff80
0116
014a
ffee
fc36
fef2
fe44
004c
010c
0173
0050
ffc8
01a3
019d
00ec
fec3
fdea
001c
fef7
013e
00c7
028f
00da
01c8
00d2
02c5
01e0
ff06
008b
01c1
02fb
fe88
0164
0344
0200
005e
ff9f
00fd
0002
005a
ffd0
00bc
0247
fe49
019c
0274
0195
00a3
008d
015b
02e8
ffc0
fed4
008c
0249
013f
0337
01c5
0111
0238
008c
01e1
020e
0033
ff81
001d
001d
0265
0343
0200
021b
02ad
01aa
019c
012c
007b
00ee
00f5
ff98
0186
00ca
00e5
0061
006e
ff2c
fe27
00c6
00fa
0100
0069
febe
ff80
ff7d
ff81
ffca
fd6e
fd4f
fcb1
fddd
008c
0089
ff99
fcb9
fe07
ff66
fed1
fefd
fe34
fe5a
fdd1
feb5
009e
ffad
005f
fbba
fe71
fed5
00d1
017e
0014
fd4a
fdb3
fd37
fe84
ff54
00ec
fbe5
fb7f
fd23
fd08
fce9
fa5c
f88d
f913
f9f8
fb24
fd23
ff2a
00e9
fd68
fe4a
ff8e
01b2
0229
012c
feed
fd49
fcf0
fedb
0175
000d
04b7
061e
06eb
0680
0371
032e
0150
fb72
fcb0
fdee
ffad
017d
0236
050e
032b
043c
03a2
01fe
01c6
ffa9
fd85
fee2
fcfd
00dd
036e
03e1
031b
040e
03b2
0157
045f
0184
ff43
fcb0
febf
03a5
02be
0330
0362
0466
01fe
0399
0334
00b8
fde0
ff31
ffca
00f5
02f3
028b
027d
0385
0180
0226
015d
01d2
fd6f
ff68
0092
0092
0285
0245
0110
0272
01f9
0253
0184
ff1c
fdac
00ba
001d
004b
00c1
0041
00bc
0039
0026
0020
015e
fea8
fff5
ff14
fea6
ff5c
0269
0289
0231
01eb
0339
0177
01d8
01c8
0005
ff3b
ff53
ff97
029e
0222
03d1
0240
0380
034b
032f
034f
02e9
0138
007c
0169
0258
02e1
0387
04ce
0535
03b4
03f7
044a
05a4
0309
fdb5
018e
00bf
00b2
ff4c
026e
00bc
01d2
024f
02e8
0034
ff3b
fb78
fa3e
ff7e
fdb3
0002
016e
ff5c
ff68
ffce
ffa4
ffb5
0196
0126
00ca
fe7a
012a
0351
0288
0072
0432
03ac
03d3
042b
038c
0299
ffb4
0053
022f
0241
0313
033a
0485
04a0
07a4
067f
06ea
03be
0027
0204
0326
014e
021b
041b
01e8
035f
04df
055d
059a
0366
ff92
0235
0327
fffb
0244
02d2
04d4
03d6
05bb
03bd
0388
023d
fee2
0083
ff6e
007a
0294
0212
0355
0244
023e
02f4
01a8
fe99
fed6
fdb1
fe38
00b7
ff00
0002
000b
006e
011d
00f5
00e0
0014
fe62
fcb6
fde0
ff63
fe0a
ff5d
ffa6
febb
fd5f
ff2c
ff63
ff10
fc10
fda8
ff8e
fdf6
fdcb
fb0b
fc7f
fcb2
fd56
fc80
fe11
fc79
fb3d
ff7c
fe58
fef8
feaf
ff65
fe2f
fe63
fdbd
fd99
fc4b
fb0d
fb6b
00b5
0119
009e
006c
015c
fe58
fa8e
fa3c
fe7c
0020
ff75
ff17
fe92
ff4a
ffc4
00db
ffe3
00a3
ff6f
00aa
01e4
005e
00f3
0035
01a1
00d1
fff5
fedf
ff7a
017a
00cc
0199
010b
0088
ffbe
01d3
fea9
00cf
0104
004f
0097
fe5b
febf
fe81
fffd
00bf
ff64
fe48
fde4
fd90
ffa6
fc7a
fd31
fddf
ff93
feff
0114
0322
0316
00ba
0049
fe95
fdb8
fc55
fd41
ff60
00bb
00bd
018d
031e
0316
02e6
0021
001b
fe0d
fcbf
fdf1
01db
0167
0258
0343
02cc
03ee
017d
ffdc
0063
007d
ffaf
026e
0314
029d
02af
0338
0214
038e
02cb
fe69
019e
019e
0015
041a
031d
0419
035f
02ff
0341
0344
0241
00f9
0100
0234
019f
049f
04cb
05d1
04a1
0505
0553
03a1
0240
0052
005d
0165
03e7
04cc
032e
04f3
044e
0327
0386
016e
ffb7
0016
00b3
0356
010b
0301
022e
0261
0121
0130
0014
ff22
fe74
012e
ff9f
0301
0178
ff78
fe80
fccf
fe2e
fecc
ffb0
fdb8
000d
ffde
fe9e
0047
00b5
ffa2
fe8b
fd0f
fe0f
fe4b
febd
fe0c
fda5
03d2
051d
01f0
fff4
0262
0336
0201
005f
0103
0059
0072
011f
0255
0209
0254
01e0
02a7
0395
03ba
024c
027c
01b1
01c2
007f
02fd
0394
02e2
03bc
0350
0529
0371
03c7
026b
00ec
05a4
0362
03e0
065c
02c5
02e4
0377
029f
0451
0438
0288
0175
038d
025b
0612
0656
0343
03b6
03c4
02f3
03d6
040d
0192
002f
03b4
0341
06c5
03c3
ff10
01cb
021e
022b
03b7
0221
03b8
018b
021a
018e
0554
0330
0063
00ca
ff7f
ff4c
0187
ffb3
011b
fff0
ffec
0196
01dd
0030
fe4f
fd8e
fdf2
fe49
00f1
0086
fe33
fe12
ffcd
ff5f
0120
ffde
ff88
fc1a
fd1f
0012
0121
fe8b
fe14
fdcd
0020
fd64
00c7
ff17
fe03
fcd8
fdfc
fccf
fff8
0134
febf
fed6
0086
fe07
0235
fdfb
0102
fe4f
fff1
0025
0061
033c
01c2
0007
02fa
ff7a
00fe
fec8
053b
0255
fdb7
013a
fc70
0100
0118
fec7
0149
ff7c
fe2c
fd7f
ffaf
01ad
ffe7
00c1
0095
0138
0003
0193
010d
ff7b
fd7f
fd1b
fd36
ffb4
fffc
0173
01aa
0380
01ef
0163
00d5
ffab
fdf8
fdbf
fe41
ff41
fedf
00a0
01eb
019b
0178
0208
ffdc
0046
fee8
ff0b
ff64
fe07
ffbe
ff36
001c
ffba
fef7
00cd
ffde
0161
ffe8
fe29
0015
003a
fefc
ffe0
ffbe
fefc
fe76
ffe1
fe70
0100
0041
0177
fec2
fdd4
ff01
febc
fe0a
fe05
0004
fe99
fe8a
fff2
00da
ff6c
fde3
ff35
0037
ff4e
ff69
007a
0118
016d
0099
01e5
fe4b
0087
fe77
01a4
00ab
00ab
00cc
01d1
0189
00e4
0251
0180
fee6
fe6b
01ba
01e0
0305
0405
0408
03ef
031f
01b8
02df
046b
ff3d
ff32
fffc
03ad
0210
037e
0492
059b
034e
01cf
0346
02c9
fd16
fca5
fd5b
0087
0194
0355
03dd
02d0
02d3
0215
048a
0418
011b
0205
fe04
fea7
fdd3
fd38
00ae
01a1
052d
04be
0570
0362
fdc4
009c
01f8
0308
01a6
0079
00b7
009f
ff32
00db
0183
fece
014e
00c1
0270
01ed
0166
0220
02ea
01d4
01cd
0294
0119
0027
01be
0070
0040
0092
0116
015f
ff3b
013a
0002
00f6
018b
0092
011e
026b
021b
ff63
0084
fe9c
00de
005b
ff33
0108
0143
023d
025e
01b4
00c4
fee7
fc71
fe13
fd8a
fd4d
feeb
0016
00a4
01ec
0286
011d
ff0b
fdd8
fc3e
fd2e
fb63
fbc1
fe9d
fedd
ffd7
00bc
0086
ffc9
feda
fdd9
fd5e
fc64
fca8
faec
fce5
fe22
fefd
ffb8
fd85
fe2b
ff4b
fd87
fd93
fbee
fd0b
fc71
fd1d
fd3d
fe89
fef3
0040
ff74
fe67
fdbb
fc2e
fc89
fcb5
fcd7
fc20
fd99
fdd6
fe3f
ff4a
fe49
fdec
fd73
fad3
fc21
fc11
fe11
fe25
fce7
fe30
fceb
00b5
ffcd
fe18
fc4e
fc76
fa30
fc27
fec0
fecf
fec2
fee4
ff16
0027
fed3
fe86
fe0d
ff5f
fea2
fe75
ff12
ff21
fdae
fdc4
fe5d
0193
002c
ff7c
0045
ff76
fd1d
ff74
ffc3
fe0d
fe02
0180
001b
0088
ff7d
ffb9
0211
0061
0281
0095
ff7e
fe87
fdae
fdfa
fda1
feec
fe7d
ff90
fec0
fdca
fed8
fefa
fe7e
fbff
fa4f
fda9
fead
fded
fd76
ff38
ffd8
ffd1
0096
0008
ff67
fce2
fb41
fdf6
fd5f
fe96
fea7
fed9
ffe3
01af
00b8
01f9
ff59
fe02
fd21
fe9e
ff4e
00c5
ff1e
00a5
01af
015c
00ae
ff36
fef1
fe94
fd7b
fee2
ffdf
017b
0129
0180
0032
fe38
fe5a
ff89
fe76
fd6d
fce8
fe37
fff2
01cf
001f
feb7
ff14
ff29
ff28
fe40
ff01
ff1e
fe5f
feb4
fe40
01a2
0017
fde1
fedb
fe0b
fd4d
ff58
fe35
006e
0076
ffbc
ff73
00f5
014e
0132
007f
fe51
fffb
ff66
febb
001e
ff8d
fe75
0112
021f
01ec
02d5
025a
0072
ffd2
013b
0161
017b
01bb
002e
0059
0257
003a
0055
012f
00d6
02d2
01af
ff03
ff58
fde3
fdea
fe92
ffcf
0171
0276
fff2
feea
032c
03dd
01d6
01ca
02d8
0327
014e
02c3
0123
02b0
fe76
ffc2
01ce
01ae
010e
0196
0136
0077
fc25
00c6
0272
033a
0229
0250
01a2
00b5
023c
03ef
017a
0192
006d
0467
0662
0404
0359
01d1
0233
021d
02b3
0386
02c2
000e
00a1
02fa
066c
062b
0525
0441
0363
039e
03d8
03bc
0354
0175
0266
004a
04b9
03bd
0299
03e8
0309
02b3
01cd
02c2
021f
0352
0221
0074
036e
02e9
01cc
054d
0272
020a
02a7
027e
026f
047e
0359
0079
0248
00be
fffb
01f6
0075
0164
011f
0158
fe95
0000
00cc
fe9a
ff97
fe3d
fff6
00b0
ffa9
fed5
ffea
ffaf
fdeb
fde1
fddc
f9ab
fc11
fda9
00a9
ff19
ffd5
ffd1
fffd
0156
0092
0074
fabc
fe56
fd57
fd07
fe04
fc2d
fd9b
fe3b
ff9b
0034
0049
ff20
faef
0062
ffd6
0112
011d
ff7e
fedf
fdeb
fd76
ffee
ff20
fe88
0093
0102
0002
003e
ffa5
00e5
0144
00d3
008c
ff6f
00b6
ff75
00c7
013f
0017
0006
00b8
0132
009d
00d5
009f
0106
00ba
ffed
0166
ffa6
0140
0073
00f4
000f
ffe2
0053
002e
0078
0002
0085
ffe0
00b0
0067
0125
0139
0052
fff8
00b1
004a
0072
ff6d
00a5
0012
00f1
ff5e
0120
00d8
ff83
ff8b
0071
00e5
00ea
0043
002e
008e
ff74
00b1
ff8e
00fa
004d
0030
001c
0061
ffca
0045
00ae
0069
ffbf
0062
ffe1
0032
ff85
014c
00ec
00d5
ff60
0116
ffb3
0162
00f1
fffd
00e2
0032
ff54
00ce
0057
011c
ff83
00a6
0118
0014
008f
00a9
00c0
011c
ffa7
ff97
010c
ff57
ff77
ffa4
0149
009b
004e
ff9a
001e
00f9
00e7
ffc9
ffd0
00fc
005f
fff5
0096
017d
ff7c
00d2
0020
0126
ffb4
ffef
00ec
00b8
002a
ff6e
00b2
005d
008b
ffd7
0026
fff8
0037
0076
fffc
0059
ffb7
0064
008b
003f
ff42
006c
ffa3
0009
fe78
fdde
ffa5
ff6a
ff55
ff13
ff6a
00fb
fefa
fda9
ffd0
00b2
008e
ff18
001b
fddf
fcae
fc51
ff4e
024f
ffab
fece
fd9c
ff8f
017c
0195
ff75
000e
fee4
fdcd
fdbb
00e8
ff5d
fee9
fef7
ffbe
ff2a
0015
016e
01e4
0080
00f5
0096
0128
018c
00d5
0092
00b4
0101
0235
0251
0205
0250
028d
0208
0186
034e
0250
02e2
02ca
033a
01d5
035a
033c
02e3
03c8
03fd
02f9
00e1
036e
02f1
0368
03b9
0329
03bd
037f
03d6
0314
02c3
03b4
fe88
0136
0251
0225
030b
03e1
03a9
0454
03f8
03dd
0335
0298
ff28
0241
03e2
01bb
029b
037e
043e
03a2
03a2
02ce
00a2
00dc
0048
0262
0229
040b
01fa
032d
0335
0361
0274
01f8
0102
ff65
ff0d
0285
0090
0238
0179
019e
0227
02e9
0252
ff55
008f
fdf5
0370
fe7c
02ad
0296
ffc5
fe66
fe6a
fc50
fd32
fd3b
fe17
fe4f
0032
00f4
00f7
ff69
ff90
0130
002c
0136
ffb5
0033
ff64
fff8
008e
ffc1
ffee
0130
fffa
00a6
0072
ffde
0019
ff8c
0008
0057
0021
012e
00c8
002d
ffef
0117
007f
003b
0047
ffa2
010c
ff6b
ff8a
013c
00b8
0006
ff5f
ff8b
ff8f
ffa5
ff4f
00da
00c2
0066
00e3
ff5b
00b9
002d
0090
ffb0
0074
ffa4
fff9
013e
00c9
00ee
ffeb
0061
000d
ff6c
006c
0096
0045
ff87
0063
ff6b
ff82
013c
0073
0063
0028
012d
ff6a
ffc3
ffeb
004b
00ce
0129
000c
010d
00f2
003c
00d5
ffaf
001f
00df
ff95
00a7
0033
00f7
0077
012c
0112
010e
ffc5
002d
ff9e
0105
003a
001d
ffb2
ffe0
00ad
012b
003e
ff59
002f
fffa
ff66
00cc
ffa6
00eb
007b
ffa5
fff1
009a
0003
00a8
ffd0
fffc
fffa
fff9
ff82
00c3
ff93
0113
013b
0043
ffa9
0074
ffb6
00d1
00b9
0085
ff89
0042
ffdc
007a
0069
ffea
00f7
ff81
0043
0028
ffee
ffd2
000a
0116
0052
fefe
ff54
00a8
00d8
ff9b
00ba
00da
0121
ff70
ffad
ff5d
00d2
0152
0120
00dc
ff65
012d
ff97
0002
0108
0030
00a8
008b
00e1
ff4a
005d
00a8
0108
0108
ff58
0015
00a7
011c
ff8f
000f
00ce
0093
ffd6
ff77
008b
ff95
ffb5
ffed
0113
ff6c
00b7
0085
00af
ffbc
ff63
00e0
0016
ff89
00fa
00b0
0066
ffc3
00d2
000b
ff92
fffe
ff60
0050
00bd
003c
ffe3
ff52
ff93
00d7
00dc
ff5a
011e
005f
ffe2
ff9d
0115
0070
00c8
00ec
0118
00ff
0014
00ce
ff97
ff52
007c
005c
00c9
0030
ffea
ffae
0125
ff62
ff7c
009f
ffac
00ff
ffa9
0038
ff5c
003e
0067
00d2
ff62
0030
ff9f
ffe4
012e
ffcb
0101
0041
004f
ff7f
011d
ffdc
ff6c
ffd6
ffb9
00de
ffc8
000f
fffb
007a
ff17
0100
00a4
00b4
ffe7
ff20
0056
ff13
ffb7
00cd
010f
00e1
013a
ffaa
ffa2
0098
0174
01a1
0059
ffb7
0013
0209
0049
fe94
ff21
007c
017e
0145
0131
0193
0021
ffac
00c5
00d2
0080
0050
fe6f
0077
0010
004a
ffe9
ff1d
ff35
ff53
ff55
00fb
0151
008f
fcf6
fdb3
fd91
0066
ff20
fe9b
fe51
fdd3
fef0
0121
033c
0278
fdd7
fbdb
fdf3
003d
00e4
ffe4
ffb6
feb2
ff70
00fd
0116
0202
ff71
fd99
ff98
0093
0109
00c3
ffc7
fe88
fe14
0007
0185
02e5
00f9
0112
0119
008b
0112
00c0
fe3c
fedb
00b6
ffd6
ffef
0027
0035
0186
01e4
01cf
0052
ff0f
ff54
007f
0171
01ce
0040
ff04
0040
01a8
00ed
01b0
007b
0070
ffbe
ffb1
0090
008e
01b0
0381
ffd3
00dc
01fa
00a7
0109
01f3
0107
01ad
0218
019a
0204
03f2
fdeb
fe9f
fdff
000b
01eb
0156
0106
019f
010e
010f
02f2
04e4
fd8b
feba
ffad
fc75
fe78
fe7b
fd7b
0169
0109
0484
04c9
0458
feff
fe8c
fe90
0127
ffed
fe95
ff7c
ff5d
0121
ffe4
ffbc
00a3
fcc7
fe13
fe90
ffec
fee5
fd94
fc3f
fb4f
fc36
facd
fd09
fe27
0072
0087
fe39
001e
fe67
fd13
fbda
fb86
fc22
fdd2
fd8c
fd74
ffbf
ff46
ff9b
fd02
fcb5
fcf9
fdde
fce5
fcce
fd5b
fe43
fc95
ffad
006f
fe2e
fbdd
fda0
fcf4
fe4b
fe5e
fd01
fd23
fca5
fdf5
017c
ff94
fe3a
fb21
fe47
fe89
fefe
ff46
fcc0
fd46
fa33
fe11
fff9
fd11
fd0d
fa71
fbc8
fdaa
fd9a
fe81
fddc
fd50
fdf6
ff22
fc82
fc18
fc4c
fad9
fb29
fbcb
fd54
fdc9
fd0c
fccd
fda9
ff5a
fcd9
fee9
fec4
fb60
fc36
fc51
fdda
fe20
fd57
fc92
fd99
001a
0017
fee1
fccd
fcbf
fb65
fd69
fcd2
fbb1
fcfd
fd44
fbf6
ffb7
ff21
ff74
0022
fe42
fe55
fea9
fd2c
fb87
fc3a
fd97
fbb0
fda1
0142
01c0
fefc
fe41
ffee
fe61
fbaa
fce8
fdc1
fdd2
fdf0
fe98
ff05
fd2d
fe2d
ffb5
fec9
00ec
015c
0096
001b
0145
0073
006e
fff4
fd99
fdda
fd21
fdb0
ffd2
ffd3
ff61
0001
004b
00fc
00a0
ff65
fd81
ff27
fd89
fded
ffe3
00d8
00db
0016
0081
00e0
0008
feeb
fea1
0051
ffc7
007d
00c3
0044
ff6d
ff9f
0124
fff4
012b
fd8c
fdeb
005f
01b7
00b4
01a1
01ae
00fe
00e8
02bf
0198
008c
ff83
febd
ff06
01c0
01ec
ff91
00d7
00ad
00ed
0186
014a
ffe8
0172
0253
0329
029e
015b
ff82
0047
00d5
00bf
00c8
0154
ffec
015b
006b
0224
0088
00de
013e
ff7d
ffb1
00ca
0265
01a4
0158
0035
0014
000d
014c
00ed
ffb2
003f
0106
0193
01dd
008e
0107
0021
004e
ff5e
002b
00c7
0182
01f4
0289
0117
00eb
0193
02a9
00d9
fe35
0022
00c3
00cf
00f8
0264
00c3
01c2
0260
01f4
01c4
0028
0037
fee2
ffc1
ffe9
00b1
011a
0272
0241
010a
0228
0149
006c
ffb9
fd7b
ff6b
fe34
fe07
fdbd
ffc8
fe4d
fe63
fec7
0121
ffbe
fd7c
fcd7
fde3
fed7
004b
feb1
fef9
ff19
febb
fe1a
ff7b
0003
fb84
fdee
fe14
fe2b
008a
0023
006a
013e
005e
ffe7
fdb0
fe1c
fd3b
fed2
fe45
fe91
fe64
fff8
0016
0040
00bb
011b
ff27
fc9a
00c6
0086
0088
ff7e
ff65
0144
00f0
ff00
0080
005d
001d
feb6
0567
0115
ffc6
00a7
00a2
01a3
00e3
ffa3
ffd9
0070
ffd2
ffdd
ff65
0073
fe55
00c3
0138
009b
00db
001f
000d
0133
0122
feb2
fd36
ffa5
fef3
fffa
ff75
ff89
00c5
015b
0018
fe47
0162
fd37
fe9a
002f
0173
018e
ffaa
014a
0291
01a9
0089
ff02
01b0
fd5a
0048
0170
01e5
0131
017e
017c
0100
ff80
004c
0113
ffaf
ff0a
00dc
0127
02b6
0127
ff71
fee5
ff1d
fd88
ff46
feaf
ff0e
fc01
fda4
00a8
025e
fe4b
feb3
fce4
faa4
fa88
fb01
fcb2
fffd
ff55
fd09
fcc8
feab
0129
ffc9
fdc8
001e
0145
ff7a
ffbd
00f5
ffae
fc19
fb72
fa8f
fb9c
fd1f
fb33
fad3
fd2c
ff13
01d2
ff95
fc0e
fc74
fa5a
fc9c
fd02
fc55
fd9a
fdab
fd57
fdf3
0228
ffb7
fdf1
fd5d
fab7
fcea
fe5d
fe89
ff2a
0046
010a
fdf1
0123
0105
ff49
fe78
fbef
fd7b
ff9b
ffe9
001c
ffbd
ffe4
0031
033b
0141
ffda
feb7
0057
02ba
01b7
01bc
01b2
0106
0002
ff30
0263
ffe1
0285
ff7f
0270
042b
0174
0153
0010
00c2
0198
0130
028d
011e
01b4
0169
00e9
0161
0273
016a
0118
00c3
0096
019c
0098
fe97
0431
01ec
00bb
0034
0052
00e0
0072
0098
0053
0049
0286
000a
014f
034b
01f1
ffe9
009f
00da
0051
018b
00c2
0043
03da
00d0
00f9
0393
0297
0154
01af
ff1d
ff8d
01e1
0035
00f2
01ff
00d5
0088
00e2
01cc
0081
0130
02eb
0284
026b
ff80
fed6
fefa
01a6
06df
ffbf
ff68
ffdd
0150
00a9
fe6a
0022
fdae
fe9c
01bf
00b9
01d8
fe3c
fd66
ff21
00d9
ffab
ffdc
fec7
fffd
ff75
0063
ff81
0098
fd67
fd82
feec
00b1
005c
00d6
0046
01e2
0221
01ba
fe96
fed2
0025
000a
ff97
015d
ff8e
017f
01f9
0221
ff4d
fea9
fd75
fcad
fe0c
fda1
ff1f
0143
027b
024e
0218
00be
fef5
fe1d
fdb4
fdba
ffe7
ff1b
0001
0104
025a
00af
006b
ff42
fed2
fd81
feb9
fd95
0090
ff23
0045
0035
0125
002c
0058
ffb0
fe61
febe
0003
004a
0180
0147
febd
00f5
0196
01a4
01b4
01bf
005e
ff7b
0136
017d
019f
00a3
ffc5
00a6
00b4
00e5
0263
0081
013d
0129
01d6
0145
0147
00a7
ffe9
ff55
ff25
00a8
0167
0204
0064
00ff
023c
00a6
0138
ffd3
ff52
0052
fece
0168
019c
009d
0141
0068
00f6
014b
01d2
0240
000d
0031
ffb8
ffd7
00a3
0101
0090
fd48
fe85
fe3c
ff82
fee2
ff20
ffa8
01e7
0113
0030
0074
0158
0051
ff26
0105
026f
fe36
00da
016a
ff62
ff54
fe00
fe16
fe11
fe31
ff69
018b
030a
ff17
ffce
0142
fdca
fe5f
fee5
fb3b
fcd5
fe7c
ff8c
0016
feb4
fe25
0147
00ee
ffc5
010f
fe76
ff66
fef1
ff78
00b0
fd99
fe08
ff45
ffae
ffca
ff15
fe94
fc9c
fc7a
fe27
fd1d
fec3
fead
0175
ff68
005c
01a4
01a0
fd5d
fd57
fc00
fc81
fd53
fea3
ff37
00ac
ffd7
ff3b
0216
006a
fc7d
fdf0
fe31
0097
007c
008e
008d
ffe6
0127
fee9
01f3
0330
fdfc
fe61
fe61
ff7d
ffc9
ff31
fec9
01cb
0089
ff7d
ffa8
01aa
0231
007a
fdfb
ff36
00df
00f3
001c
0088
fead
0015
fee0
0053
0113
006e
fe42
ffa0
006d
00e2
005f
00bc
ff34
ff28
ff53
ff84
01ac
00c6
0068
02af
0180
0093
01e0
0067
fffe
fe21
ff71
00b1
00f6
01c3
0063
006a
0013
00f7
0117
fed4
0123
ff52
fee6
00ab
01f0
ffd7
00e5
004b
fd78
ff8c
0005
fe02
fe7e
fd4b
fdb6
fdc3
fd8b
fdc7
fe61
fff9
ff05
ff6a
ffe3
fe2b
ff7e
ffd0
00c2
0148
ffd8
fe8a
fedb
fea5
fede
fd01
0062
fe51
fdaa
006f
0277
01fd
019b
00df
feca
fd60
fcf8
ff77
fff3
fdfe
fc1b
02e9
03d2
03c4
0211
00f8
0006
fe9f
fdbc
ff62
fda6
fefb
fd4f
0308
01d5
03f1
0442
02b4
0306
003a
0035
00d2
fecf
fdd1
fbcf
02d4
030d
0558
05b6
0403
029d
006c
0197
00aa
ff26
ff7d
fd7e
01f4
0380
0297
0303
02b8
024d
0106
02b9
019c
fdff
002f
fc29
fe86
fdb8
014f
00f8
016a
0152
03d0
015c
01c5
0153
feea
fd63
fdf0
fe77
019a
fdd4
0024
ff78
ffad
0048
0098
01a8
0020
ff36
fce3
fd92
fe79
ffb4
ffa7
ff98
01ea
0148
0145
004f
0213
00e7
00e2
ffde
ffe9
ff07
00b1
ffb1
ffe0
0299
0140
ffc1
000e
fecc
0023
015e
fe98
fd92
fdf2
ff34
fcd1
ff7a
0002
014b
ff4a
fe8f
0140
0169
fdf0
fc8c
fd69
fcc8
fea4
ffb7
ff92
ff68
fe14
fe4d
0136
ffb0
ff09
ff69
fe6f
fe4e
fe55
01b9
ff7b
0145
fda3
0167
02e9
013c
014e
013d
ffca
ffdc
ff4d
ffa5
01bc
fff0
fe9e
02f2
02db
02c5
01fd
01b4
0015
ff57
003e
0043
0231
0120
ff7b
0008
0141
0144
ff0c
01cf
ff34
ffbd
fdd3
fe93
017e
ffe0
ff8c
ff62
0090
00fa
ff2b
feed
0000
fd17
ff9c
ff1e
00db
0187
ff89
0047
fef1
0174
ffca
fd91
fb76
fb6f
fe63
febb
fedd
004c
ffd8
fe87
ffc9
ff78
fd04
fb67
fbc2
fc87
fe89
001f
00dd
00a6
00d9
00d3
00b8
fe35
ff26
ff43
fef9
ffaf
ffb2
0197
0082
01dd
0165
011e
ff38
fef5
fe5e
0098
0176
00ef
00a0
00b4
01ad
01b6
01e6
fdb1
ffb1
fffa
011f
fff9
0179
ffef
026c
029d
fef4
ffee
fd01
fd79
feb4
fef5
ff92
febf
fee9
01f8
01b1
01db
ffcd
0099
fd69
feb0
fddd
fd10
fedb
ff43
010b
ff44
008e
0158
ff5f
ffab
fde5
fd6d
fdf9
0009
ffec
ff97
0083
00b4
01b0
007a
000f
ff14
fe9a
fdd2
fe8e
fdfc
ff42
00f3
01fd
0093
00be
fd1a
fe71
ffb1
fdc5
fc37
fd5f
fcb8
fea0
01a4
0199
00cc
007b
fd64
fede
fe00
fd47
fe1c
fbb4
fe4e
fef7
0048
ff09
ff1d
fe88
ff8d
fe76
0010
fd65
fdb9
fc49
fc8f
feef
ffa3
008c
0093
fecc
feda
fe72
ffe8
fe7b
0070
fea4
fe6b
ff96
ff7b
0131
014f
00fa
ffb5
feb6
0163
fe05
ff86
ff17
ff11
0013
0112
00b3
0178
01d8
01c2
0071
00d0
fdca
0091
00a1
ffd4
ff53
ffa8
ffcc
0018
ffc8
00e5
0065
0164
fd6b
ff85
fe6d
00a9
fe9b
fee3
0036
ffcd
00f5
016b
00bf
ff3d
ff23
ffad
004f
fda2
fe28
ff26
ff6f
0077
ffd7
ff39
feaf
fe93
0044
fef5
005b
ff5d
fd2b
fe44
ffb7
006a
ff3e
feff
fe45
fee2
ff75
0181
0179
00e9
fe16
ff33
ffca
01c1
01c8
01f2
007e
feb1
fe6a
ff3d
0079
ffde
0038
0168
0221
0267
0304
02ce
00dc
ff34
fe9b
fe81
ff05
fdf4
fda5
00bb
022f
0379
0346
027d
0168
fee2
ffbe
ffd4
ff4b
005c
ffc7
0135
01fa
01f4
0407
00e9
ff57
ffed
0012
0059
0101
01ab
01d5
0263
015c
0200
017c
00ab
fe82
000e
ffdb
0129
0061
0185
0267
01a2
02ab
0140
0063
004c
ff15
0163
fffe
00e9
00c9
01d8
026a
0364
02bf
01c4
01e9
ff86
0127
0163
000e
006a
ffe1
0233
02cd
0323
0209
0201
016b
0186
0079
00c2
fed7
fec3
ff73
00dd
01bc
01b4
00c5
0101
feed
febd
ff8a
fff6
fe43
feee
0034
fe44
ff9f
ff3a
feda
0012
feb4
fe43
fffe
ff44
ff8a
ffec
0030
009f
0024
009c
0145
00b7
00ae
00ac
fff3
009f
ff57
feff
ffc8
0113
fe75
fd5a
feba
ff7b
ff2c
004f
0022
0128
0012
ffd8
fee8
ffca
ffa1
feb1
ffa0
ff13
fe87
fd5c
fe84
ff6b
fd5b
fe87
ff1e
018e
ffef
002a
fe6d
0005
0038
0048
fcf4
0007
009b
00a0
00cd
0369
017f
01d1
0058
ff28
ffc6
feb2
fe65
fe87
feff
00c3
01f7
0196
002f
ff66
0025
ffee
fff9
fc5d
ff63
ff3f
feb9
010a
0039
018a
016d
00b1
ffad
0088
ffa3
01c3
002e
00d1
ffa6
0035
fdf0
004c
ff93
fff3
00a5
fe95
ff48
00cd
0020
014b
009c
ff57
fe4a
ff7a
ff95
fe2e
fe5b
ff58
fe52
003c
00f0
ffb5
0001
fe85
ffa7
fefa
0072
fe7f
ffff
ffa4
00ac
00ed
ff88
0054
0062
fda0
fe33
fe6b
ff2a
fd92
ff24
fe7b
ffbd
ff85
0177
00a8
fff0
fe5b
00aa
fe5a
fef4
fe19
fd8c
fee6
ffca
ff6c
ffcb
02ba
fdac
ff9f
fcdb
ff0f
ffca
ffc3
fde4
ff62
006d
ffcc
015c
0122
ff9b
fff5
00a8
ffa3
0003
ff71
ff2b
ff7b
ff5b
ff77
fec6
ff46
fee9
ffb6
ff89
fed8
0083
009b
0013
fedc
002b
0074
003a
0051
ff88
ff46
0014
fff3
ff4d
ff68
ff60
fef5
fee7
ff53
0081
0095
ff0e
ff06
ffaa
ff42
0041
ff5b
0026
ffeb
fedf
ff82
ff73
fef0
ffd5
fee5
0031
fee9
0075
ff62
ff71
ffa2
ff5b
ff3b
009a
feed
fff2
ff35
ff23
ff77
006b
0058
feca
0011
ff4b
fff9
fed2
ff4b
ff0b
ff36
0066
ff34
ff5d
0042
fefa
0048
fff7
ff42
ff96
ffbb
fed6
ff65
fec6
0052
ffb6
0068
ff8c
ffb3
ffd7
fed1
ff7b
ff2a
ffc0
0004
ff07
ff5b
0028
ff55
ff16
0085
ff4e
ff10
ff4c
00b0
ffa2
ff7a
ff36
fecf
ff3e
008e
ff3e
0025
004c
ff19
ff45
ff68
ffae
fedd
ff17
ff1a
fff8
000f
0042
ff5c
ff3e
ffb7
ff68
ff7c
0047
ff0b
ff2a
0052
ff4d
fee1
00b1
0079
ff38
0039
ff64
004d
ff34
ffb6
0090
ff91
00f3
fd99
ff03
fdda
0055
01b0
ff9b
0042
ffa6
fe22
fdbd
ff9c
fe5b
fede
0123
02e4
0121
0086
02eb
00f6
fe6e
00b5
fe19
fe4a
00ef
0000
fe9d
0077
ff89
0112
0178
ffb3
fee8
0085
fef0
fe57
fe22
ff30
ffb7
fde7
ff02
fe87
ff11
ff4c
008c
ff37
0064
ffb5
ffd7
0131
fe2e
fdec
fd0a
fd32
fbc0
fe33
01a7
fee3
febb
ff40
fde0
00b3
006b
ffcf
fd80
fef2
ff48
fda5
0059
fea0
fdaf
fffb
009b
0082
00c8
ffc4
fda3
fd31
fefc
004e
fec3
fddf
0017
ff76
ff59
003b
0078
00d8
ffc3
ff2f
fe2f
fe8e
00cb
ffa9
fb4a
ffcd
008a
ffb0
00c8
0176
fe2a
0017
00e6
00dd
000a
fee9
feaa
fdb1
00f9
0180
008e
ffda
0029
ff0c
01b3
0106
fe2c
0073
0068
fe86
fef9
ff65
008f
fecb
ff79
ffee
00ec
ffe1
0222
0179
ff44
020b
00a6
030f
0146
ffab
0066
0298
02f0
ffda
ffd6
ff15
ff34
0124
00ab
ffac
0126
010c
0079
ff9f
ffb1
0060
ffce
ff41
00af
00ae
001c
ffba
001d
ffde
ffcb
002d
005b
ff20
ff1a
0044
00b2
009a
fec9
00a1
0015
0004
ff5d
00a2
0005
ffc9
003a
0013
ff7b
ff82
ffe4
ff12
ffd6
00b1
ff84
ffd9
ff81
0036
00ad
ff0b
0038
fffb
ffa6
0049
013f
00d2
0071
ffd2
ffa2
0000
007e
ff9f
0103
ffb8
0064
ff09
ffd8
0033
00b1
0067
ffbd
0037
ff24
ff9f
ff0c
ffa8
ff7a
ff8e
0006
010a
0045
ff2e
0068
006a
ff1e
0080
001a
fec5
ffbe
ff20
00af
00cf
0089
0105
ff84
0004
ff92
ff0d
feec
00a9
0010
fec9
005e
00ce
0110
ff95
0008
fec5
fff1
000d
fee7
0088
0077
00d1
fed0
fef9
00c4
0040
0093
001e
ffc8
00a7
0033
ff2b
ff2e
ffb3
003f
ff55
ff9a
0049
ff73
001f
ff7f
0003
ff98
ff69
0048
feeb
ffc4
013f
ff04
fefd
ff69
ff4b
0032
ffc8
ffa3
ffed
0013
0057
009a
ff08
0071
007d
00ba
ffde
ff4a
ffb9
ffdf
0121
fed2
000a
ffc5
ff49
ff28
ff1c
ff24
0092
000a
ffe5
008f
ff0d
0035
ffe9
ff60
ffa9
ffac
ffcb
ffea
fff4
0031
ff4e
ffe0
fff9
ff02
ffaa
001c
ff5e
0011
fff7
009d
ffa4
0035
0048
fecd
0059
ffd1
0073
0044
0004
ffc4
009c
ff35
ffe7
ffb5
ff53
0040
0045
00ad
fee2
004e
0036
ff93
0061
ff98
fee7
ff06
fffa
0063
fee1
0081
ffd0
feda
ff9e
006a
ffda
ff0f
0047
ff85
0009
ffc0
000e
0063
00aa
feef
ff55
ff16
ff5f
fed1
007b
006a
ffb2
0080
fee9
ff7b
00c9
ffab
005e
ff20
ffba
ffa9
0071
ffe1
ff86
ffd7
ffc0
0068
feca
fec1
ff7b
0027
ffe4
0033
ffe4
ffe7
fef1
007c
0083
ff6d
ff14
008e
ffab
fec0
ff9b
ffab
0063
ff78
ff20
fec2
00df
013a
ff80
00f8
0088
ff98
ff8b
00a9
ffab
fe67
fedc
01d8
01ae
ffbd
fe4e
ffce
0019
fede
ffdf
01a8
0011
ffd8
0204
ff85
003e
000b
0136
002c
fe52
0068
ff13
ff66
00fa
fe0d
ffa5
0071
015f
fff8
00ab
ff48
0012
ff83
fee2
febd
013d
fdce
0080
0089
0011
0180
0063
01c4
ffe1
feda
ff1a
010e
015e
0027
fd88
ff09
00b0
000c
ff8d
fde1
0041
02b0
016d
0167
01f4
ffae
00d4
feb2
fff1
fffd
fea9
fef1
ffac
01e4
0193
0129
02f0
010f
00ab
fe93
fe9a
fedc
fc86
ff1c
0014
0137
01ba
026e
01fa
0134
00a4
00f8
00cb
fe22
fd0d
fdee
ff91
00fb
00b7
00a7
0105
0179
ffd2
ffcd
0147
ff7e
fea8
ff03
ffae
fec9
ffcf
ff00
0074
020e
0059
ff31
ffac
ff67
ff37
fee4
ffb2
001f
00be
0158
0245
0169
ff51
fef1
ff7e
ff15
fead
ffdf
fe27
0006
005d
ff8f
ff2e
00fb
fec4
fefe
fe4b
00af
0177
0140
012c
029f
00f7
00e9
ff8b
0226
00ff
ff15
002c
fee6
00d0
0035
0062
01d0
00ec
0312
ff47
fed9
0169
00af
0171
0242
fe2c
ff9c
00a8
0133
0151
ff09
00cb
ffc8
00bf
0070
02de
01f8
ffa6
ffda
003a
00b0
00f2
ff58
ff0c
fe9c
ffc4
00a6
00b5
fefd
ff45
fee9
009c
0015
0125
ffe1
01bf
008d
0022
ffbe
fe3f
fe3b
ff65
ff40
00f3
0172
002a
fd57
fcd2
0125
ffeb
01ab
0322
006b
fe94
ffd0
fd8f
fed9
ff3c
fc26
00b1
0106
ff2a
ff48
022c
0056
fe2b
0029
ff0f
002c
ff35
0067
0119
0325
fd6c
fe21
ff04
ffb3
02d8
00d8
ffa2
0067
004d
0135
fff2
03a1
0018
fdf2
fcad
ffe8
00d7
00e1
ffd6
ffb4
0176
00d4
006e
0094
0050
fce2
fe2d
000e
0059
005a
ff8a
00c7
017d
000a
01a8
00d7
fe58
ff28
029d
008e
0004
01b6
0245
00f8
02a3
ffce
ff92
0054
019c
ffaa
01af
00c8
024e
031f
0050
fe6a
fed0
0019
00b2
ff21
ffe8
fecd
0028
0098
0011
ff1b
0013
00a1
0031
0033
ff5f
ffce
005f
ff75
ff68
ffe5
0017
0062
ff48
ff98
ff26
ff2a
feca
0031
0033
ff84
ff8b
ff9e
ffe7
ff0d
ff98
ff48
0045
ff56
0026
0017
ff0d
00a5
ffa7
ffc9
fec0
ff77
fedd
ffb7
ff5c
ff81
ffdc
ffd0
fef0
ffb1
fef1
fef6
ff3d
00a3
000f
ff51
ff7f
0044
0096
ffaa
ffcb
ff90
ff62
ff0b
0049
ffab
ff9e
006f
ff81
ffb3
fee3
ff5c
ff7f
0084
ff03
ff11
ffc9
ff83
0053
ffc8
fed4
ff3f
ff21
ffb4
008d
003d
ffd9
ff23
0093
ff57
0072
0016
fefd
ffc7
ffc1
ffe0
ff06
fff8
0003
008a
fee2
ff11
0024
ffb8
ffac
0058
0074
0040
006b
0007
0056
ff14
ff3c
0057
ff10
0049
ffd9
0031
ffab
ffc5
ff5f
004e
fecf
0091
ff0e
007c
0098
0080
fec4
0038
ffe5
ff2c
ff55
ff90
0066
0098
ff85
00ad
ff01
ff89
ffad
ffdb
ff6b
009c
02d2
004f
ff78
fe9b
ff8a
fffc
021a
00f2
01a9
ffe6
015c
00be
00e0
fe52
fda9
fc2b
fd7a
ff60
0263
0107
013f
0136
fedb
ff74
00ae
fc08
fd38
fbe3
ffdd
00fe
00db
0071
008d
0208
ff15
fffb
0034
fea3
fd57
fdcb
fcac
ff08
ff49
ff99
ffb1
ffac
00c0
01ed
ffdf
fd10
fdf5
fdce
fd27
ff17
00c0
007a
0052
ffdf
fec4
0091
ff6f
fe93
fe8f
fe58
fd1f
feae
ff73
ff91
006f
00c8
ff5c
ff57
ffb5
feeb
fec3
fe1e
fe8b
ff1d
00e5
010c
00af
ffe9
00e3
00fd
008d
ffc7
fcac
fc79
ffba
fede
013e
0069
fff5
ff65
ff8a
0060
ff4b
fe0a
fae1
fcff
ff58
fe36
fef6
ff3f
fe94
fec8
00d2
ffc9
ffc5
fea2
fc25
fb66
fe41
ffe6
feb3
00cd
0093
004a
ffd1
00d6
010d
fe12
fc0b
fa93
fc8d
fe13
febf
fe06
ff47
fed2
00da
ff44
ff97
0077
ff6b
0152
ff0f
ff92
fea9
fec7
ff0b
ff4a
01ac
ff33
fefe
fff9
00d1
01cc
02c6
00ea
ff78
ff50
fe5b
0059
016d
ffb8
00ae
feee
0102
0134
0017
018e
ffb7
fe89
fd72
fd4f
feae
fd50
fe5d
fbfa
0104
0095
feda
fd96
01cc
005c
ffc1
ff28
0132
0036
0064
017d
ffa6
00b0
012e
fe5f
ff37
0124
fef1
fe24
027b
0094
ff7f
fef8
0236
ff0b
ff15
fe3a
fbd0
fd00
fde0
fefc
ff49
fec3
ffbe
fe83
fec7
fd68
fcd0
fb23
f96b
fdc3
0029
ffe6
ff33
ffe4
ff17
fee9
ff87
fd78
fe41
fd8c
fb61
fe0e
fef0
ffd9
006f
ffd3
fdf5
ff51
009e
0041
fe97
fede
fe21
fe3f
fe0e
fff9
ffc2
ffa7
ff81
ff98
006d
0096
ffac
00bc
00f7
fe82
00bd
000f
fee2
0127
fd6c
fcd3
fe8e
fecb
fed6
0024
01c7
0136
014c
ff5b
ffb9
ffd2
fddf
ffe4
0012
ff71
0070
0164
021c
0200
016c
fff2
fda2
00f5
fff2
fed6
0040
ff55
00c9
ffcf
ffcc
00f4
0152
013b
ff0f
002c
0186
021a
005e
feda
002b
ff18
ff76
fd9b
ff6e
ff5c
fffa
01cd
01cf
03c3
020d
04af
0124
0136
ff21
fee3
0100
00a3
00eb
024b
0211
0178
0085
ff44
fdba
ff2d
009b
fe96
feb1
feeb
ff87
0192
004d
0296
0081
feba
ffaa
fff6
fff9
00c3
011f
fffd
01ba
02a6
ffbe
0115
fef3
fea6
0144
ffd5
005c
00a3
01bd
00b7
0102
016f
fffd
01a1
fd04
fed5
ff50
fe40
0088
0020
ffa7
ff72
fdbd
0045
fe9e
00d7
004a
ff7c
ff69
ff44
011e
0123
0086
fee3
ff3b
00ea
00f2
ff58
00c9
fde1
ff8b
ffd7
fee8
009b
0010
0189
0275
00a4
ff40
fe06
fd9a
fc46
fdb8
ff88
fe38
febf
ff02
00a4
00b9
fef2
003e
01f3
ff7a
0063
ffa6
ff62
ff8e
ffe7
ff9f
fdca
0216
00ee
0049
02ca
0150
00fa
0089
fed9
fdd6
005c
fff1
01b2
0108
ff66
ffaf
0058
005d
0175
014c
0026
ffae
008a
00ad
0045
ff28
006b
fd87
fff6
ffdc
0121
ff68
0018
00dc
fff2
00f6
011c
00c7
00eb
0202
fef5
fcf4
fc22
fd62
fd90
fcdd
0006
0015
00d4
feed
00b2
0270
ffc8
fd2d
fc99
fcee
fcc6
fc32
fd63
fe29
fe16
fce0
009d
028a
fedd
fdc9
fe7a
ff0a
fe37
fe2e
fd4d
fde1
fdd6
ffad
0035
010e
fe95
ffad
fe05
fe9e
fe6d
fbf0
fd0a
fd34
fdc0
ff73
00a9
0118
fdb0
fd47
fd6e
fc1a
fcbe
fc8c
fd1d
fd31
fe90
ffbf
0082
fdb9
fd9a
f9d0
fc81
fc96
fcd0
fd88
004c
fe5a
0053
01af
0026
fde6
fdc2
fa7e
fbcb
fd05
fd12
fd48
ff7c
ff31
0053
ff9b
ffc2
fd64
fb9a
fa97
fc3c
fcb0
fd1b
fe38
ff45
0098
ffe3
ffb3
ff51
fd08
fd09
fd1c
fdbb
fd67
fed2
007a
011c
00d6
01d7
01e9
fdf3
fecd
fdfa
fe27
009f
0013
ff69
0071
0107
027d
02b2
012d
0033
fdf2
fd9d
fdf1
0151
ffd7
ffaa
007b
0238
0262
0304
00ef
0127
ffd7
00fa
0113
01cb
001b
ffe8
0100
ffc2
ff35
fe76
ffda
003e
ffe0
015d
00d0
0034
ff74
ff74
ff14
0007
00c0
ff1f
feab
ff91
02e6
011c
00fd
0035
003b
00b5
0057
ff29
002b
0090
ff5d
00f6
007c
016e
0081
0147
0093
0035
016e
fff6
ff34
006e
fee5
00ae
0184
fffd
ffbf
fee1
ff36
0039
0001
028b
00a8
0103
ffcb
006f
01a2
00b7
0031
01cb
0109
00ae
0136
0204
01b0
ff60
006c
ffb9
01e9
0389
02a1
035d
00a5
00d5
02df
017f
00d6
fe94
ff37
ff3b
0211
031a
000b
01ac
0143
ffc5
0035
ffd9
0081
000e
fdeb
fcc2
0122
0005
ff01
0166
0119
ff3f
0015
fdef
ffc2
fdd4
fdee
ff2a
007d
ff60
ff49
00a9
0171
0123
fe90
feda
ff94
fd90
fda3
fe6e
015d
004f
ff50
0084
fef0
fd32
ffdf
ff99
fd62
fee8
0096
fe30
01fb
0059
00f2
ff4d
fdfe
fdc0
ff4a
ff9f
ff62
00ef
016a
0159
fe40
ff90
fe1d
fe99
ff2c
008d
0008
ff15
0079
ffcc
017c
fe3e
fe9f
0007
006e
013d
00e3
00ec
01ca
009c
ff7a
ffa4
0116
0282
fdf5
00a6
fff8
007f
0082
00fc
ffb3
0175
002a
001e
0070
ffa5
ff9d
0198
020b
01f2
0195
01eb
00b3
00c4
028f
0137
01a4
0193
007d
02ce
01fb
033e
00f9
0067
0165
0202
02a4
01de
023f
01da
0003
029e
0339
0248
026f
005d
00b0
00cd
0172
01e7
0126
0093
01ad
01a7
01a3
01a3
00d2
0081
001e
ff5b
0200
023f
01c2
fff4
001b
00c2
0159
0119
01db
0063
ffcc
002d
0338
0131
01cc
ff6e
0141
0122
0154
0092
021a
00ab
0112
0215
01a2
0181
ff89
001f
fdbd
00b5
01bf
0221
025f
01c0
01a8
020e
0074
0214
feea
fdf8
ff2c
01c8
0205
0246
010e
016e
01c6
03c9
02d1
00ec
001a
feb0
fec9
fd9c
fe0f
fcc9
fd0a
fb5e
fe1c
fff2
0056
ff72
feec
ff4d
0011
ff51
ff68
fefd
ffb1
ff7b
0195
01d8
fffc
009e
0091
fe75
ffc7
fe3e
fe12
ff9b
fe14
0000
0173
013c
0000
0172
00bd
ff40
ff05
ff44
fde8
ff09
fe7e
ff00
00b1
00a6
ffe7
015e
0136
000c
fed2
ff36
fdea
ff65
0042
01d1
0087
021a
00fb
010b
009f
003f
001a
fe0c
feb3
ff92
0084
00f5
ffe2
0270
01f5
020a
0111
ffb7
0205
ff19
fe21
000f
00a2
010e
0130
02fc
01c4
01d6
006a
fffe
0054
ff14
fff5
01e7
01a5
01fc
0214
0387
03dc
01c3
0140
ff96
01df
0122
ff82
0137
0152
0265
01c5
0261
0240
02bf
00eb
0199
024a
fff2
fe90
008a
00af
0044
ffad
0123
01f7
017f
fff9
016b
019c
fffc
ff72
ffd7
0148
ffc4
ffee
001c
00a7
0008
008d
ff85
ff29
fece
0070
0036
0153
0016
015f
ffa3
0028
ff92
ff7c
001e
00a3
0031
0023
00fc
fff4
0117
007e
0007
0018
0042
ff43
ffbd
0269
ffe3
005d
ff21
0143
fdd9
fd7e
feba
0006
ff37
fdf5
fe12
026d
fe4b
fce9
fd83
ff3f
fcd1
fc4e
fd01
fdf9
fe99
0138
0236
01db
fe1f
fdf6
ffc2
fef0
fbc4
fd89
fcb4
fee0
ff96
0197
0066
0080
fe95
fee9
ff01
febf
fc86
fd90
ff30
fe61
fddb
00f7
010b
0040
fca1
fe7c
fdae
fed8
fe68
fdb4
ff64
fe39
fe8d
006d
01b0
ff3a
fe38
fe4b
fee6
ffc2
ff31
fe28
fd49
fdf8
fe23
fea1
0070
ff2e
ffa2
fe8e
ff63
fee6
fd57
febe
fef8
fec4
ff14
fed7
fe10
fffc
ff7c
ff60
fecb
fef3
fe58
ff13
fffa
00f4
ff6a
ff69
feee
002e
002b
feec
ffc0
ffc0
fe6d
fea6
fe50
ffa4
ffb6
fe18
fe9a
02a2
006b
fee9
ff21
ff5b
00d1
0004
ffa8
003e
ff11
ffd2
fc6a
0194
0036
fe07
feed
008b
00d7
002c
ff14
ff16
fec3
fe2b
fe97
0044
ffb3
ffdf
fe75
0122
0083
ff93
ff89
00d6
ff6c
ff80
fdc2
007d
ff35
ff73
00c4
01a3
00d6
0164
fe74
01c2
0173
ff67
0049
fec3
01ab
0402
0524
032f
0115
01f3
013c
00a5
fdeb
fca5
ffb8
ffaa
03f0
0305
040c
036d
0438
024f
00dc
012d
005f
ff51
ffa3
003f
0155
015a
0183
0405
02c3
0271
025a
022b
0102
fe90
000f
ffd0
01d3
00df
0108
02d1
0215
01cb
02e1
02b6
017e
ffc7
ff87
013b
025f
01cc
0252
0271
0299
03e6
036c
0430
0153
ff19
fe51
ff98
00a4
0174
026f
033a
0470
03ea
0458
03ce
0129
00e4
ff5f
fec1
0080
019f
03b9
04f9
0588
0504
0364
02da
02a0
0162
fee6
ff88
01a0
02cb
03a7
0499
0487
04a3
032f
0298
02ee
019b
ffcd
ffa9
00c8
0106
02f2
0368
01c5
0253
029a
0191
01c3
00dc
ff93
0053
00e5
0242
0154
0234
0185
00da
008e
0167
0077
0033
019a
ffc3
fee1
fe50
feb7
0026
0099
01e7
01cb
0071
009c
01bf
ff34
00e1
ff49
0077
001f
ffdf
ffe6
0055
fedf
fec2
0037
ff7b
ffcb
0035
0094
fef6
ff39
ff52
00a5
ff87
ff2f
ff63
ff08
0077
0094
fef7
00fe
fff9
000a
00b1
ffe5
0001
ff6c
00b1
ff12
ff39
fec6
ff16
000e
ff0c
005f
ffff
0076
ff44
0023
0084
ff20
fed3
ffeb
0075
ff96
006e
0022
006f
ff21
ff4b
ffd1
ff10
fefc
ffc6
0082
0008
0070
00ac
ff56
0056
ff85
001c
0002
0040
ff20
ffaa
ff37
ff18
0077
fed9
ffa6
ff2a
ff4d
feda
ff65
ff52
ff9e
0002
ff76
fec8
ffb0
003c
ff3f
008c
fece
0085
ff99
ff09
ffc2
ffa8
ff5f
febe
006b
ff4e
0027
ff4c
fffb
00ae
ff00
ffd5
ff9c
ff51
ffb2
0057
ff61
0001
00ae
ff35
ff5c
006b
ff34
00ab
fed9
0043
0080
ff06
0077
00a6
ff9c
ffa4
0022
ff18
ff36
fed6
008f
ff51
004c
0034
0092
007b
ff0e
fef8
feff
0086
fede
fedf
006a
ff0e
ff42
feda
ffa9
fcfa
feee
001f
fcd9
fdc0
fe29
014f
023a
01a7
01bf
0174
feaf
fed9
0175
027c
02ac
04a4
0449
0430
02fb
017c
ff6d
01c1
ff53
0173
0193
0260
0166
023c
032c
02c4
01e3
01a2
0019
001a
ff24
0074
0051
004c
00fa
006a
02b2
0063
ffd2
01ab
013f
ff58
0044
01d6
01eb
01a5
02d4
00e6
0146
0078
00da
ffd8
01bf
00a4
0087
0182
01d7
032b
0283
ffc0
010d
00a8
01e2
00a2
01c9
0135
01b0
023b
019f
fff9
0057
00d7
ffa3
fffc
0076
ffe6
019d
00d0
ffb3
0056
ffa2
ffe2
ff81
0066
ff6d
0023
ffd5
002c
017f
0008
ff11
00f9
ff50
ffc6
fe17
ff29
fe23
ff37
ff12
ff6c
01e7
fdb9
ff90
ffd7
ff91
ff93
fed6
fee7
fe53
ff04
fe62
0024
026c
fded
fd22
fe73
007f
ff86
ffd6
ff37
fee2
febf
fffa
0017
025a
ffb7
ff1a
fecd
fe70
0152
00b1
0001
01bf
019f
0192
020c
01d1
0044
ffb2
fefb
ff48
ff72
ffea
ffc7
0058
ff00
0046
feee
ff56
ffd1
001e
ff79
fff1
fec2
ffbe
ff3c
ffb8
ff3a
ff7b
0058
febe
0048
ff7d
fefb
0076
ff37
ffeb
ff56
0091
003b
ff2c
fef4
ff62
ff11
ff50
ff70
ffd5
ff59
ffbf
0096
ff53
ff97
008f
ff98
0079
0031
ffba
fef1
0058
ff23
0053
ff92
feed
ff4d
ff4a
0086
ff9d
006d
fff5
00a8
ff5f
0073
006c
006f
fee9
0031
fedb
ffa0
fec2
fedd
fef2
ffd4
0015
ff44
fedd
0011
fef1
ff27
0019
006b
0021
fefc
00aa
0002
ff7a
007a
fee3
feef
ff38
ff72
ffd7
ffa1
0071
ffcc
0067
feef
0026
ff1a
0068
ff9a
ff1f
ffb0
fefe
ff29
00af
ff85
0008
0046
fefd
001c
0008
ffb9
fee0
fedb
0025
0097
0019
fed5
0086
0037
ff1e
ff78
006d
0105
00fd
ff7a
0080
0099
fffd
fecc
ff8f
ff3f
ffdf
ff01
001c
0000
00a9
ffc8
003b
00af
0010
ffdc
ffec
0061
ff49
0079
ff7a
ff20
ff99
ffb9
fed7
0036
ffd7
0020
ff81
ffe4
ff40
0073
fff7
0004
006c
fefa
ffa7
ff7f
ffd8
ffb1
ff5f
ffe9
fef3
0046
0017
ff34
fefa
00fa
002d
ffac
ff22
0077
ff4c
ffaf
ff48
003c
0012
003d
001a
fee9
fec6
ffa6
0064
009f
ffed
fecc
0050
0026
ffb4
fff6
ffa6
0045
000d
ff75
0016
0092
ffab
ff11
ffb3
fef9
ff63
ffbf
ff6d
0073
ffad
ff61
ff45
0084
ff85
001c
ff82
ff8f
ff53
ffe4
004b
fee5
ffcf
ffc6
fff4
ff31
006c
fed7
ff0c
ff9e
fef6
ff83
fee4
fecd
0005
fee5
ff63
002c
fed6
005c
003a
ff15
fee8
ffe3
fff0
005d
ffb5
ff98
0035
ff78
ff0c
009d
ffd9
007a
fef6
0044
ff4a
ffd7
ff00
fec0
00b1
ff18
ff8b
ff7c
0038
0033
ff81
fedd
fed3
ff47
ffed
0052
ffdd
fe6b
ffec
ffd5
fec8
ff82
0024
0069
ff1b
ffed
009a
0054
001d
ff92
ff5b
fe99
fedf
0063
017d
013b
0197
00f8
fff0
ffaa
fe01
0172
000d
fecb
0071
0212
0301
027e
0154
0078
00a1
ff15
fee7
fedb
ff03
0075
00ba
003e
01da
01ac
0046
00ec
00ff
ffc7
ff14
ff3c
00e1
0112
004c
018f
0071
ffaf
008a
00c0
01b7
00ab
00e4
00eb
005b
ffe9
006e
013b
0204
0063
00e6
0071
02bf
0150
ff12
00db
017e
0037
0065
0132
0299
009d
ff3b
0009
01de
0181
ffd5
0107
0130
01d8
00e8
00e2
00de
0057
ff29
ff83
027c
03b0
00b3
0163
0304
032b
0261
ff76
004b
ffe2
ffa0
002d
0155
02c7
0339
0071
015f
014a
0079
fff1
0119
00cd
01d3
0217
0235
01d6
027d
ffb1
fe99
0002
0097
ff82
fff5
0012
0094
01c0
0265
01cb
01e8
0051
fe7a
0017
006f
0007
00f2
ff81
ffd1
ff68
fec0
fe55
feea
ffcc
023c
fffd
ff29
fec1
ffd5
ff2c
00b1
fdc3
006c
0170
fe32
02d5
01c1
0131
003b
ff4e
fd7e
fe3a
fd0f
fddb
fe96
ffd9
00f9
fede
0144
03ce
0361
01d4
0081
009c
fe7f
fed3
ff80
ffa9
0063
ffa2
0233
0679
0461
02c3
029d
0119
ff08
0042
ffdf
008a
0102
017b
0346
0400
0449
038f
035e
028f
00c9
0172
0027
016a
00c3
01b9
01f2
0097
02f0
0364
0430
040a
01b2
021b
018e
0224
0317
00f3
00ce
0265
0264
0281
03b8
01f3
0200
0315
03c4
027d
029d
0187
0217
030f
04cb
02d5
02a2
02d6
022e
0376
03c5
01fb
015c
000e
ff7a
007d
019c
0201
0179
022c
017b
030f
0256
0234
01cb
ff56
0007
010f
00d6
027d
014c
0146
0173
02d7
0406
028e
01c1
ffb5
0107
ff2f
01ef
0145
0165
02f9
0195
01ac
0123
00fc
0213
fe82
ff5e
ff4e
02e1
0204
0104
01d0
0171
0156
006d
004c
035a
01b2
01c4
00ba
000b
00b4
0142
01ba
0033
01a2
02d6
01ff
0140
feea
fff5
feed
ff39
fff0
ff55
ff3d
0088
00a0
feca
ff6c
ff11
ffb4
ff80
0042
0066
feee
0060
0051
0080
004b
007a
ff8e
ff7d
ffee
ffe3
002d
fff7
00b1
fed4
0013
00ad
ffce
ff32
ffb3
fed7
fff5
0032
ffe5
ff6e
0002
ff85
0086
ff23
fee2
ffcf
006f
fff9
fef1
0095
fede
ffa0
007d
ff32
001f
ff13
0045
fef9
0089
ff8c
ff2c
ff27
000b
ffbb
0088
ff14
ff91
ff90
ffce
fedd
0080
0010
ffe7
fed3
0027
001f
ff06
ff6c
008a
ff80
ff32
00b1
ff15
ff55
00a8
009e
ff9f
ff92
ffa9
ff24
ff37
fede
fee7
007d
ffd7
ff7d
ff2d
0092
0027
0057
ffcd
ffd2
ffd3
fff0
ffb1
fffc
ff7f
fed5
009d
0074
005e
0045
0040
003f
ffc8
ff7b
ff74
ffe4
007d
0052
ffdf
00ab
0011
ff5c
ff5d
ffa0
ffc3
0081
002a
fff0
00ac
fffd
002b
fec9
009f
ff0d
0002
ff3e
ff21
fed1
ff37
ff9f
ff44
fffa
030d
0277
00a1
fd3c
fd11
fd0d
fc82
fdca
fe69
ff19
ff23
ff83
0286
004f
ff8e
fd6e
fddc
fda2
fe63
fe67
fe74
fe09
fe45
fef2
0171
feeb
0013
ff23
0029
fef3
fe86
fecb
fe9e
fe73
fe47
0099
013d
fe82
fe6c
fea5
ff4d
ff77
fcd6
fc7c
fe10
fea7
fc91
001e
0380
fedf
fe75
fd8d
fe93
fd98
fd37
fce4
fdc8
fe30
fde3
0067
01c8
fde5
fe54
fe3c
fea9
fcea
fb8b
fdd4
fcef
fd71
fe21
01a1
0150
fc9a
fe76
fded
fe33
fb3e
fb83
fc25
fd25
fe19
fdc3
ff37
ff97
fe19
fe30
ffce
fdcf
fca2
fc9b
fcc9
fd41
fdc1
fed7
fff2
ff5d
fe72
ffda
00a0
ff90
fe9c
fefd
ff0a
ff57
fff3
0055
0055
fff4
feb9
00b1
00d7
00f4
ff0e
ff5c
ffdb
ff23
ff64
fe99
ffd6
ffb7
ffe5
008a
0048
0056
009c
010b
ff55
fdf9
fcdb
fce6
0086
003f
ff90
fef0
ffef
ff24
0111
016d
00b6
0114
fead
fe2e
0100
0078
ff3b
0261
021a
017f
0065
0214
00a9
019c
fe89
fe42
ff08
ff5e
fdbf
fce2
ffdc
00c7
029a
03a9
02b0
0177
0065
fed4
02a4
fe30
fed2
ffda
008c
fff3
00fd
0292
01f6
0110
0093
015f
01c8
ff8f
fe04
fd63
fe9c
fe9e
fd04
0048
0117
00b4
016c
0322
0030
ff63
ff67
fd65
fcbf
fd1b
fe28
fda7
ff4d
ff59
017c
01ec
0149
fe4c
ff4e
fece
fec7
fd90
ff2d
fef0
ff8b
0029
010e
00f5
ff1d
002c
00a4
0008
011b
0025
fed1
ffd9
0021
ff9e
0129
00f3
ffb9
0080
017a
00a1
00d3
ffe8
fe1d
fee1
ff66
ffcf
ff60
ffb6
004c
0002
ffd0
011e
ffc3
00de
00ce
005f
ff92
ff60
ff52
ff5b
fe66
00a9
004a
0150
007c
0011
00a2
014b
00f5
ffb0
ff2b
fe1b
017c
011b
001a
0099
ffe5
0256
02be
00ed
0198
ff32
fe9d
0004
01a5
00b5
0148
ff75
fda5
00e1
007a
009d
0159
01c3
0082
00b0
ff4f
0633
009e
0086
0028
00d0
0064
ffda
ff6e
0004
ff7c
00a0
006a
ff43
0084
008d
0076
ffae
0099
008a
00b7
0010
ff29
003d
ff4d
00b3
0014
ffec
ff3b
ff88
ff2d
00f1
019b
0159
012c
fefe
ff37
007e
ff02
ff35
ffab
ffb9
0055
ff05
00f3
00bb
00b6
fff4
ff02
fefc
0030
0094
ffd8
ffa8
006c
0047
004c
0037
000b
000c
fff8
0021
00c9
00aa
ff17
ff51
ff77
0082
008e
0075
0090
ff1b
00b8
008f
00e8
ffa7
ffd8
0036
00d0
0005
feff
ff80
0028
0010
ff90
ff8c
ff67
0059
00e2
0023
0004
ff7d
ff62
00b2
ff4a
00ab
ff95
ff7d
0020
ff87
00b8
ffb6
0042
ff8b
ffa4
ff6f
ffd5
00da
007a
ff8c
ffc9
000f
0021
fffb
000a
fef9
ff32
005b
000a
0003
ff9b
0096
0065
0097
ff47
ff34
ff1f
ffc9
0017
ff1d
ffff
0034
004b
ff82
ffc5
ff5a
0100
001b
0000
0018
00d3
ffd7
ffe8
00af
ff6a
00f1
ff48
0085
ff30
ff1e
ffdc
ff0e
ffe0
0013
ffbb
ff4a
ff1d
ffb9
ffe7
003d
009c
ff58
001f
fec3
feef
0084
fef5
ff17
fede
fe80
ff97
ff96
feff
0047
003c
ffff
fff4
0063
003c
ffb3
ff52
005c
003b
ff77
0043
0021
ffb8
0056
ff8a
0016
fed8
ff21
feaf
002f
ff6d
ff8e
ff4c
ffa9
ff0a
ffab
feb5
ff96
fedb
009a
0071
ff52
ffaa
0017
ff5e
009f
0006
ffb7
ff54
ff08
ffe9
ff0c
ff95
fef9
ffe3
ff51
000e
ffa2
003d
ffb8
ffa8
ffc3
fee0
ff58
fecc
ff02
0063
ffc6
fef0
ffc1
ff2d
fff8
0051
fe94
fec3
00a2
fefa
ff53
ff45
ffdc
0028
ff3f
0035
fef7
ff0c
0018
008d
ff79
00ab
004e
004b
0014
ff85
fef6
003b
ff89
0089
006a
fef1
00a9
ff13
007a
ff5b
005d
febe
0022
fefa
fecc
ff83
ff70
003c
ff40
000b
fff4
ffe2
0004
002e
000f
0029
0020
0058
ffc1
fead
fef8
0032
0063
ffd8
ffc9
0067
fea3
ffca
ff4a
0046
fee1
ff03
ffc2
ffc3
fe7d
ff8e
ff52
fe68
ff4a
ffd2
ff44
ffff
ff26
0017
fed4
ffeb
ffb2
0093
feaf
ff38
0065
0030
002e
ff97
fed0
fefd
fe91
fea7
003f
ff2b
feaf
ffd8
0030
ff30
fe8a
ffcc
fe73
0023
ff8e
ff4a
0023
005f
fe69
ff6b
ff35
ffc2
fea1
fefd
ff01
fe82
ff79
ff94
ffa6
fe8f
ff47
ff06
fec7
0048
feda
fec4
ff71
ff2a
ff69
0025
ffab
ff48
fedf
fff5
ff9e
ffd7
ff41
ff14
ff38
002e
ff7d
fed7
ff32
ff55
ff8c
fef3
ffd7
fff6
ffb9
ffda
ff01
ffcb
fedc
ffb3
fec8
ffce
fe5d
003a
ff2c
003f
fff8
0054
0042
001f
fea6
ff9b
006f
ff8c
ffe3
ff2f
002e
0028
0012
fec1
ff4a
0051
002f
ff47
0048
fe8b
001b
fe81
fed9
ff47
ffbd
ffda
fe9e
ff40
fea9
fe70
feab
ff2a
ff14
fe93
0052
fe9d
fee3
ff56
fec6
005d
ff8a
feb6
ff9d
ffdb
fec1
ffa5
fe84
ffca
0022
fe62
ff0c
ff16
feb3
feef
fe79
0016
0076
ffd1
003e
fedd
ff02
ff29
ffb7
ffc2
ff17
ff4e
ffac
008c
ffa8
feb0
fee7
ff26
ffcc
ffb3
ffee
ff10
0019
fea7
fea8
ffdb
feb5
000d
001f
000a
fe6b
ff3b
ffac
ffc2
0023
000e
ff49
ffa3
007d
ff4a
fef0
fe91
000e
0081
febd
ffe7
ffc1
0004
fef4
0023
fef4
fede
fee0
ffbe
0071
ff9c
ffb9
ff36
002d
0007
0022
ff80
fead
ff14
fed7
0006
fed7
ff83
ff5f
fed1
ffb0
febc
fef9
ff48
0017
ffb7
fed9
fedb
ff67
ffea
ff60
ffad
007f
ffb6
fe6c
ff4d
ff44
ff99
00b7
008a
ffd7
ff1d
ff93
fff4
ff6e
ffd4
fec9
ff0c
fe6a
ff26
ff0b
ffbf
ffb8
ff96
000e
ffd4
ffdb
ffd1
fe8a
0021
fed2
0038
feb0
0007
fe63
0006
fed6
ff18
fead
001d
fec6
ff20
ff22
ff0c
003a
fff2
fe6e
fe4c
ffdc
ff4c
fe57
ff5c
fe6e
feba
ff39
ff0f
ff49
ff3b
ff8c
ff5a
ff89
ff84
ffd9
ff5c
ff01
ff53
ff29
ff0e
0065
ff80
feb9
ff7a
ff92
fefa
0066
ff3d
003e
ff79
00a5
0088
feb0
0061
fffa
ff95
0012
004d
ff40
fff4
004b
fed9
0063
ffe2
009e
fefa
0077
ff4d
ff87
ffc0
000e
ff60
ff7c
ffa5
ff14
ff4e
feb9
ffb5
ffdf
ffbc
0073
fedc
0070
0091
ff35
fff1
fff2
006a
fef5
fee8
0084
ffc7
feaf
ff6d
ff18
ff8a
fe96
0079
ffe4
0083
ff43
ffd3
001e
fed0
fef4
ff50
009c
ffda
007d
feb2
fed1
ffea
fec3
fedf
ff78
ffdf
0045
0042
fffa
0009
ffea
00cc
ffe9
fef8
fedb
ff66
ff71
fec2
0018
ff42
0073
001f
ffd8
ffd5
0065
fed9
004e
fef1
ff0a
feb7
ffe7
ffea
feb5
ffea
ff4b
004a
ffb0
006f
ffcb
ff9d
ff61
ff17
ff3b
fef0
0014
fedc
ff53
ffc2
0052
ffdf
ff97
ff8e
0081
feca
feae
ffc0
ff22
fed0
ff4a
ff78
ffcc
00e7
00ff
00a2
0117
fff8
00ce
00a7
004e
0053
0047
ff4c
ff2b
ff85
ff4b
ff13
ffb7
ff80
00f3
ff8d
0083
0064
ffb1
ff34
ff4c
00a2
ffbe
0006
ff5d
ff8b
001a
ff70
00d6
003a
ffd0
ff3b
004c
ff1c
ffc8
0018
ff14
00f2
ffc8
ff95
00c4
0050
ffb3
0023
00cc
0092
00d1
ff0f
ffa3
007a
ff74
ff37
00af
ff48
012d
ff90
ff99
0013
ff8c
0075
003f
0073
00b8
ff4d
0005
00dc
00b2
ff85
ff0d
00ac
00d2
002e
0023
ff20
0075
000a
ffa4
ff70
003d
00cf
00a2
00a6
00f2
ff35
ff43
ff40
00c7
00aa
ff58
0063
000a
ff08
fffb
00f9
0088
ffbd
ffb8
006e
0066
ff9d
009b
ff0c
0014
0058
00a6
0083
ff35
006a
0043
ffe0
ffe7
ff63
ff10
0084
0072
0073
0011
008d
00e7
0088
ffbb
00d9
0041
0002
00d4
00e4
001f
ffa1
ff06
ffca
ff5f
ff1b
002a
ff46
00ce
ffa2
ff52
000f
ff56
00a3
0007
feaf
ff17
0005
ff9a
fff5
ff8e
005a
fe9b
ffb2
ffc2
fecb
00c8
00d7
ff1f
005a
ffcd
ff4e
ff3c
ff1f
ffa4
fffc
ff6e
ffb1
008d
0178
014b
0074
0027
ff96
ffe2
fffa
00f9
000a
0069
ff3c
fef8
ff46
ffa8
ffd7
00b0
ffd9
0155
ffbc
ffd2
0021
fefa
ffb8
00e8
ff8e
0124
007e
ff3f
ffe7
006d
001f
ffb9
0137
febe
ff7b
00c6
ffb5
0014
00c7
006e
ffe8
002d
ff80
ff7e
ff9b
ff1b
0010
000e
ff8a
ffb5
0063
00b2
ff2a
ff7f
0040
ff84
feb4
ffe9
ffa4
0196
011d
ff2b
ffec
0022
fed8
ffef
005b
0012
0123
ff35
00b7
0134
0103
0069
ffcc
ff92
ff19
ffa6
0036
0002
ffd9
ff16
fea0
0088
ffe2
0050
ffd6
fea8
ff04
0037
0124
0075
00be
002a
ff11
0067
001c
fec0
ffbf
006f
00bb
ffd0
010a
0101
fefe
ff50
0113
0039
0163
007b
0153
ff3c
ff18
fec8
ff41
00b4
ffb4
ffb1
0043
ffab
006b
012b
ffc4
011d
004f
ffbb
004b
ff91
0090
00ab
0118
00c5
0009
00cf
0122
005a
001c
ff5f
0042
ff6b
00c7
002b
0109
0074
001e
002d
ffdb
ff59
00f8
000b
012a
0134
ff49
0040
00bf
ff4c
ffa2
ff83
00c2
ffc3
ff59
010a
0012
00d5
00a5
ff03
0132
0002
00b5
009f
ff77
009c
ff9d
005d
0115
00df
ffed
00c4
008f
0030
0111
0039
00bc
ff54
007c
ff78
0085
ff63
0036
fecf
0145
ff60
003d
00a5
fffd
ff9c
00d7
fff1
0133
0125
ff19
fff6
ffdb
ff65
0134
0098
003a
ff62
ff9f
00b4
0115
00fd
00cc
0043
ffd7
ff03
ff48
00a8
0140
0054
ff8b
002d
005a
0039
ff2c
fee8
ffe5
006b
0025
009f
0055
00f2
fffa
ff7a
00f7
0034
ffcf
ff00
ffe1
ffdd
0134
00f8
ffde
ff53
ff98
0043
ff9d
ffa0
00a7
0088
0053
ff83
0081
ffe2
00b2
ff90
006d
002a
00e2
ffc2
ffe3
002f
0035
fe8a
ff92
ff52
ff1d
fee2
0037
fe5d
fe55
ffca
feb1
feed
005d
ff22
004d
ffc9
001c
0036
ffdb
ff72
001e
0007
fff1
fe65
ff38
ff87
ff2a
0077
ff9a
0091
0051
ffa4
0045
0052
0074
fe88
ff21
0028
ff20
002d
ffeb
ffe9
00ce
ff9a
fedc
000e
feec
ffa6
0023
ff94
ffb4
0057
0007
ff8f
0085
008b
0083
001c
0024
001c
ff4b
ffa1
feea
feb4
ffc4
ffd9
fee1
feca
fef6
ffc4
003c
ff2d
ffd6
ff9c
ff02
ff26
0041
ff77
ffe5
ff0e
ff27
ffbd
feed
ff06
0079
ff94
0053
ff86
fe79
fe92
fe69
ffde
ff7d
00bc
ff54
0026
ff27
006d
feff
feeb
fff8
002b
fe90
ff09
ff16
0001
ff6a
ff31
ff33
ff4a
fefe
fe76
ff78
002b
ff63
ff4c
febd
007b
fffa
ffd7
ffa6
ff9c
ffca
ff1c
0010
ff57
ff34
ffab
feb6
feb8
ff20
ff01
ffd6
ff7f
0080
0023
fed2
ffac
fffd
0066
ffc6
ffb7
fff6
0025
ff70
0141
00ef
0027
0037
ff71
ff76
ffee
fffe
ff65
002a
00f9
00bf
fff2
0090
ffce
fff4
00a8
0080
ffa9
0039
0039
009b
001a
00ac
00e9
0095
00a5
005c
00af
013a
000d
00da
ff84
001a
00a0
00c4
0092
0067
00a2
fff0
ffeb
0049
ff5e
0090
00ac
0026
0079
ffe0
ffc0
fff7
fffe
ff75
0121
012c
001f
ff52
ff6c
00df
0103
ffca
ff69
ffcd
0094
ff6d
0053
ff9c
00cc
ff6c
ffaf
00c9
00bb
0016
00f7
0106
fff9
ffa7
0055
00fc
ffc3
ffeb
0083
ff81
0040
ff8b
0075
0004
0135
00c3
00e3
0044
00e5
013a
013c
0041
00c4
ff0e
010f
001c
0132
00c7
013b
00ab
00a7
013b
0063
0075
ffb4
ff50
0140
00c2
00c5
ffe8
ffcd
007c
ff95
0047
00ce
fff6
00ef
011d
0087
ffb9
ff9f
00c6
00d3
005d
00bd
0132
fff1
00b3
0067
ff66
00af
0020
0118
0009
0048
0044
00a4
011e
00d1
ffde
ffde
0092
0029
ff94
0070
ffb0
007b
00f8
ffe3
00cc
ffc2
ffa2
005c
0079
00be
00f7
ff62
0096
ff74
00b1
00f4
ff7e
fffa
00ca
013f
ff9c
00b4
ff9b
ffc1
fffa
ffe3
ff5d
ffc4
0134
004f
ffde
0007
ff8a
ffad
010c
ffbe
ff99
ffb8
0114
ff81
0087
00c5
ffc1
00a1
ff4f
0023
ffdf
0034
005a
00d3
ffa9
00b2
013c
0077
ff98
0140
ffe7
0036
008b
011f
0141
ff8c
0047
0112
0130
007a
ff96
0107
0107
00fa
0053
00a8
0117
ffe0
ffbb
0019
ffa8
fff0
00fa
ff5c
ff5f
ff60
008b
0142
00db
ffa1
ffbd
fffd
007e
ff60
ffe1
00eb
000d
010e
003b
000f
ff4e
ffd0
00ab
00c1
ffbf
0084
00cc
0058
011a
ffe3
ff72
013f
000a
0068
0130
0090
00c5
0080
ffad
0105
005d
ffb1
ff80
fff6
003b
ffcd
fff5
0001
ff8e
ffd6
0139
0008
ff4e
0119
ff93
00fc
00ee
0037
ffc9
00e3
0044
fff2
0136
0101
ff77
fef5
000c
ffd8
ff4b
ff79
ff21
ff78
0012
ff49
ff34
fea8
ff0e
ff14
ffc5
000f
ff15
fe89
febc
ff49
003d
ffa0
feae
002b
ffea
ff4f
00af
feba
ffe6
fff1
fe51
fefd
feff
ff93
ffda
fee7
ff53
ff46
ff81
0034
003c
fe96
003d
ff09
0020
fe9a
ffb0
fed4
0033
ff0f
0064
ffa0
ff02
ff9e
00a0
ff8b
ff6b
fe8a
ff38
fe9d
ffd7
00bf
ffe2
fedc
ff18
00bb
ff8d
ff79
fed2
0019
fec0
ffdf
fffd
ff71
fec5
fee5
0008
00a3
ffeb
ff85
fedf
ffb1
ff7e
ff8e
ff08
ffb3
ffcc
0044
fece
ff94
fed2
ff34
ff4c
ffd8
ff4b
0038
0031
ff54
0093
ff1c
0014
0013
ff86
ffdb
ff01
00c1
fe90
fee4
0024
ffdd
ff1d
ff37
003b
ff8e
0006
0076
fff5
ffd6
ff87
006a
febb
0007
febd
ff6a
ff05
001b
ff08
0033
ff0b
ff5c
ff45
ffa1
ffcf
000c
fe7c
0053
003f
ff9a
ffaf
ff9a
ff4f
003e
ff20
005d
fed6
0074
0090
ffc1
fefe
ff26
0013
0024
0003
fef3
ffbf
ff93
ff4b
0017
009d
ff2b
ffff
ff05
00d4
ff8d
ffda
ff77
ffd6
ff6f
003d
002d
ff62
ffd8
ff64
ff25
0116
0053
00fe
ff11
ff56
001a
ffbc
00a1
ffd9
0022
0055
ffd1
ffad
005f
ffff
ffa7
ff08
ffca
febf
0087
ff24
00a7
ffc6
ffe8
0073
ffc5
ffbd
fec6
ffa6
ffc3
ff68
0045
0049
ff1e
fee0
0070
0085
001d
ffb0
ffc1
ff2b
ffbc
fff9
ffe3
0018
fed4
0039
00cd
ffe1
ff59
0085
0069
ff64
ff13
0075
000b
fff2
ffe5
ffa4
0044
00a3
007b
0053
0005
003d
ffb6
ffae
fffb
0089
0064
0052
000d
ffc0
0010
ffa3
ff8f
0092
00cf
0048
0043
0055
fff5
0078
0055
003b
fee2
0051
ff01
ffb1
ff29
ff61
ffe4
0081
ffd5
ffc1
fedb
ff3c
ffe3
ff01
002b
009f
ff79
ff67
ff2f
00bd
0094
ffa5
ffd5
ff5c
fed0
001d
008d
feba
0059
ffd8
ff02
ff63
ffe1
ffdb
0058
ff4e
fffb
0009
002b
0059
ffae
fed3
0072
0040
0081
ff83
0047
000c
ff2f
0011
fecf
002e
ffe0
ff9f
0051
ff54
ff8a
006e
ffbf
001c
fed8
feb4
fe94
ffc9
ffd3
0003
006e
fee0
fecf
ffd9
ff7c
fec8
fef3
fece
feec
ff29
ff5b
ffd1
000c
006d
ffd1
ff28
003e
ff16
ff42
ff23
0032
ffc9
0018
0006
ff63
00be
fec7
fec7
ff70
ff40
fee3
00c2
feeb
ff30
0036
ff2e
008f
ff55
ff89
ff0b
ff95
fefb
0052
0065
ff32
ffb9
ff1f
003e
fff4
ff4c
ff73
ffb0
ff7b
0086
fef2
00a5
0075
006a
ffbc
ffb6
feef
00a2
ff8e
ffc2
feff
009b
ffcc
ff4c
ff3b
fef3
0047
ff40
002f
ff8e
ff0b
ff1d
ff57
ffc6
000d
0089
fed7
ffda
ff20
ff04
ffc2
fff8
0082
ffe5
0040
0085
fee4
feef
ff20
ff0e
0029
ff28
ff0e
ff63
feea
fe7a
ff06
feb9
ff43
feb8
ffc7
ffd1
005b
ff49
0038
fe56
feb9
ff62
ff73
fec7
ff39
ffe2
fedf
fe68
0038
00bb
0061
fffc
ff9c
ff38
ff4e
0041
0196
ffd1
ff94
ff95
ff85
ff9c
ff63
ff29
0088
0043
0088
007c
00a9
ff43
ff9e
ff11
ffc9
ff66
0110
ff56
0092
ff9d
feb4
003b
ffe4
ffba
ffce
febf
ff52
ff6a
017e
fec0
0079
ffb1
ffeb
ff82
fffa
ffc4
001d
0032
feed
ff04
007d
ffe0
ff0a
fea6
ff4a
001c
ff6b
fed9
00a2
0016
fea7
fed7
002b
ff15
0074
003e
00c6
fec7
008c
ff9a
ff86
ffd5
ffb0
fedf
ffe9
0080
00ad
ffb9
fed2
ff25
0056
fec5
ff1c
ff63
ff57
0047
ffb3
ffb2
0061
003b
ff5d
ff63
fee9
feae
ffb5
0067
ffc9
fffe
017a
0040
001e
ff1a
004c
febd
fed6
ff66
ff61
005d
ff44
fec0
ff3e
ff13
ff41
0000
0004
000d
ff15
0072
feef
0007
fee0
fe95
ff0e
00a7
0051
ff2b
ff84
015b
ff08
feaf
0028
ffa9
000e
ffd8
ff07
ff40
ff97
ff59
fed5
fec3
ff39
fee7
ffb3
fff5
ff1c
ff20
ff51
ff42
fef6
ff95
ff09
ff35
fe75
ffaa
ff49
fed7
fea9
fed5
0063
0056
ff30
003e
fe92
ffe2
ffa4
ffff
ff02
fe8f
ff4b
ffe6
ff66
ff33
ff93
fff6
ff60
006e
ff4c
004b
ff43
ff06
ffa2
ff5b
feb8
ff9e
0054
fe93
ff8a
0084
0035
ffed
001a
ff9d
fe9b
fefb
0082
002e
ff86
0055
ffb4
ff1f
0020
001b
fe9c
ffc2
005c
fe88
fef5
0017
ff31
ffd9
001e
ff55
ff91
ffc9
ff49
fffb
000c
ffe4
fea0
ffb4
ffb7
008d
ff28
0018
0037
0074
fedb
ff19
ff62
feff
ff65
0045
0099
0023
fe84
003e
0017
fed9
fecf
fe9f
ff42
ff9b
0001
ff79
002d
0017
fec3
fee9
ff03
0029
0043
0063
ff3e
ffa1
ff00
ff75
ff97
003c
0041
feac
febd
0009
0046
ff8c
004c
001e
0019
005f
0055
ff22
ff46
ff0a
ffba
ffd9
005c
0054
ffb9
ffdf
ff25
fec4
ff04
00bb
0083
ffc4
ffe7
00ea
01be
0090
ff7a
ff5f
fdd2
fe3a
0034
fda8
fd20
fe61
faf7
fc20
fd1e
ff52
00b4
00ed
feb0
fefe
0006
ffb7
fe1c
fe7d
fdf2
fd69
fd02
ff31
0021
ffa3
ffc8
00a8
feea
fd49
ffcf
ffcb
005e
fd34
fcb9
fe34
0136
ff2a
fdf7
ff04
fdda
ff01
ffd7
0049
ff6f
ffba
ff9f
fe31
00e5
fe4c
fe4c
fc98
fcec
fefc
ffcc
ff92
008e
ffdc
006c
fe9d
ffa6
fe9f
fe86
fdbb
ff01
0170
0012
0178
0124
0000
012c
00e2
fdca
fcfd
fd34
ff96
0355
0237
0082
0105
ff3f
fe49
fdd7
007a
fdf8
fc62
fe41
ff63
00a9
ff52
fc13
fdf6
fbe7
faa0
fb49
fdcf
fdbc
fd98
ff4e
ff87
fef1
feb7
fdfa
fc88
fc74
fa1d
fa75
fc44
fda9
fe14
0016
fe52
ff12
fd46
fd46
fd53
fdff
fde3
ff50
ff52
00f9
fefb
fee5
ffea
0074
ff05
fdd0
fd86
fe5f
fe93
ffc8
0005
ffb9
0000
02a1
ff60
015b
00ab
fecd
ffe9
ff5c
fef6
ffd2
ff84
febc
00bd
007b
00d9
021d
0265
00e2
0122
00c0
004a
01c2
016b
01dc
feec
00d8
00c1
01e8
005d
014d
ffe8
ff56
0233
0186
03b4
0243
0081
fe54
feb1
01d3
01a3
0271
02ab
01e1
01f5
03c4
0413
0408
0341
fe9e
ffbf
0040
01c0
019e
0342
020a
0296
04a1
0454
04ae
0239
fc3a
005c
0040
0214
0304
03bb
03d7
042c
04ad
041b
04e8
01da
fcbd
00a5
0219
0442
046b
0507
05c5
051c
0307
0396
0465
0277
fee1
0000
01a9
03a0
043c
04e3
0445
0326
0476
0371
037b
011f
fe5e
00f5
02bb
01ed
0376
030b
0356
036d
031a
03c1
0195
02b4
ff3e
0015
01a1
0184
0198
0333
026f
0232
02b0
0319
0313
02ad
0100
fee7
fed1
fff9
01b6
ff55
fec7
ff62
0081
0062
ffc8
00ac
ff75
ff22
ff0f
ff1f
fe0c
fcf7
fc41
fdcb
feaf
fd70
fff6
013d
005c
015b
0144
0037
018e
0244
01ec
01e6
00a9
ff73
ff60
00a4
ffd6
01f0
01b1
02b4
0390
033c
02ce
02d6
0142
ff4a
009a
00d1
007c
0203
0190
027e
02f9
0227
02a7
03b9
00f7
0230
00c6
011e
002c
0107
fea6
fe9b
00b3
ff9b
001f
019f
020a
0187
0118
0062
020f
0060
01cb
febe
0026
000d
0030
01a3
0084
0051
0132
0195
011f
00fd
01ae
004d
00f1
0137
01d1
0067
0003
00e0
001f
ff5f
022f
0197
016d
0225
01e7
0222
0255
01db
ff60
ff95
0191
0312
0202
00ca
015c
0280
0230
0363
01de
00bb
ff2e
004d
0279
02b1
0176
014e
017b
01da
0183
0176
0050
ff51
0007
0087
01b4
01e9
01ce
001c
012e
0239
0016
0015
ff8c
006e
ff28
00fc
0097
0164
033b
fe5b
feba
fe30
00a7
ffb9
ffb1
003e
0039
000b
0049
03fd
01b2
fe96
00da
ffe6
fe24
0010
fe10
00f4
ffd7
0098
0097
0296
002c
00a7
02b2
02e8
0517
03df
034e
02bc
0148
fe88
0116
01ff
01d8
0048
0140
00dc
024a
025c
01e5
0080
ff95
0047
0092
0007
007a
ffe4
fff0
00e0
02c9
00ba
024c
0100
007b
00d0
00bd
0124
ffae
0116
0007
0151
012c
0176
001b
ffc9
ff36
ffd7
ff99
0113
ffad
00ce
0071
ffc1
0131
ffaa
feb8
fce8
fecc
fde4
ffa5
00e5
0209
0099
006f
ff50
ff28
fec5
fe07
fda0
ff0b
fefc
ff38
00bf
0013
ff5e
ff7d
017a
0056
fddb
ff60
fe0f
fe76
ffc0
0123
0097
0054
ffa7
ff5c
ff88
ffa1
ffbb
007b
ff3d
ff72
0051
00e4
0185
0056
ffcd
0059
003e
0105
019d
0103
015b
ff7a
0023
007b
feb6
010f
0042
011d
01c8
0315
004d
009c
0015
00d9
ff20
0024
00b4
016c
00be
ffed
00e7
fff5
ff80
fee9
008f
ff7b
ff86
0021
ff84
022b
0411
0101
0057
0080
019f
010e
fffa
ff98
ffc9
0134
ff22
ffce
00a4
0148
ffcb
ff2b
fe6e
ffbe
003c
010e
0175
ff79
00f9
ff80
ff57
0000
0012
fe8f
fd96
fe4d
fda9
fe7f
fe69
fea4
ffaa
005e
fec8
fe56
fee4
fcd8
fd9a
fece
fe18
fe25
fec3
ff9b
ff5e
004c
feb1
feab
ff30
006c
ff07
ff78
fdc7
fee5
fec4
ff37
fe45
005f
fd42
fee5
0065
0071
ff35
ff56
ff54
feb0
ff84
fe64
fec7
ff85
ff34
feac
febf
000b
ff90
ffc1
00ec
ffa4
ff54
0024
ffca
0001
ff9a
000d
fe6e
fffe
00a1
01fd
00cb
0150
010b
ffbd
ff5c
00be
0098
00e0
0044
0032
00a8
fffe
0120
013b
0036
fffa
005c
025d
0177
0169
01dd
ff46
011f
0099
0115
ffad
0080
fee7
ff33
0007
00f4
0199
005f
00da
ffa5
0150
00ce
ffff
fec2
ff02
0022
0064
ff55
00b8
00b8
00b5
0017
ffe9
00bb
ffb4
00e3
0058
00a9
ff0e
ff88
ff9d
00ef
00a0
0026
ffbd
01ea
0186
005c
0062
007a
0084
fedb
0170
ff72
00be
0030
0195
0053
02fd
0208
0058
009a
fe29
ffab
00fe
fda5
ff8d
ff7a
0076
fe79
fece
001d
0038
0028
fe8d
009d
fff8
fe6c
fe32
feef
ff5b
0205
019f
fff1
ffaa
0066
fea3
fe36
00a3
ffe8
0169
020c
0042
021b
0349
0164
fffd
ff78
006d
fffc
012b
00bb
00a7
00a0
009d
028d
022d
01fa
003c
00b3
007a
ff4c
ffef
0077
0209
ffca
0131
016c
01d2
0216
0061
01d3
006c
ff63
0155
030f
0277
016a
0055
017b
00fc
0153
00f5
014a
00b1
00a7
0009
ff63
00ea
ffae
ff07
ffba
019c
ffea
0120
0096
006a
ff47
00fd
febe
0112
fff0
fece
005b
0098
0058
025e
0283
0108
ffc0
feab
ffe6
005e
ff0e
ff13
ffb4
00ba
0292
013a
01a9
01ba
ff74
0187
ff61
ffc5
0060
ff0a
0073
ffd9
0242
01d5
019a
001f
00a8
00e1
00c9
0197
00a1
00d1
015d
009d
01d0
010f
00fc
017c
ff71
00bc
013a
0077
fecf
002b
0178
fdfa
003c
0063
038f
01d2
febd
00d3
029c
0466
022f
0119
0126
ff62
0019
012c
0039
ff71
ffa3
00e2
0396
024c
01f2
00bf
0034
fd42
fde6
fe5f
023a
ffce
ffa4
ff9e
0204
019e
01d7
ffe9
ff3c
fd28
fcca
0085
0247
0058
ff7f
fdb4
ff7b
ff99
ff4b
ff4f
0009
ff28
ff4a
00fd
03a9
001c
ffdc
ff1f
ff66
fe66
feed
ff5b
0007
ffcc
00e6
ff99
036d
fec0
feac
ff0d
0146
ff5a
001e
fe65
ff88
ffb3
ff4d
fff3
01a6
ffe9
fffd
008d
011f
ffac
ff4a
007d
fed1
ff68
ff75
fec0
0176
00d5
ff43
ffb8
0079
000e
ffc9
ff24
fff1
00e0
ffa3
0060
0245
0158
ff69
0018
ff9e
011f
00e7
ff31
0021
fe4b
ff8e
00c4
003c
01f4
ff7b
00f4
00c4
0170
019c
0093
0057
ffff
0018
002b
0142
0159
00de
00cc
0009
00e8
ffe5
007c
0189
015b
002d
009d
01a4
ffbc
003f
ffbb
fff1
ff7e
0003
ff99
008f
ff27
0012
0065
ffd7
fef6
ff60
fffc
fec5
004f
ff39
ff0a
ff5a
0030
ffcb
0019
ffb4
0079
0016
0015
000c
ff6d
0087
ff41
ffb3
0003
fecc
ff0e
ff8c
00a0
fff0
fee9
ffc0
ffcc
ff72
0073
ff51
0022
ff60
fed4
ff7b
006a
fef9
ff69
001a
0001
fef8
0069
fffe
00ac
ff7a
00ae
fefd
ff9a
ff86
0075
004e
0025
fefc
ffdd
0084
0017
0079
ff0b
00a8
006b
0050
ff7d
fff0
0040
002e
0003
ffd0
0023
ff44
ffb7
001e
008c
fef0
fece
ff49
004b
ffbf
00a7
004c
ffb5
ff86
00a7
0038
ffd4
ff3d
0031
ffb5
ff89
ff55
ffdd
feda
ff55
ff03
feea
ff8b
004e
ff08
fed8
005c
0089
fee6
00a2
fff0
002f
0098
0025
0002
0065
009e
ff7a
ff88
009f
0017
0039
ffb7
0000
000e
ff85
ffe1
ffc2
ff44
ff63
0070
ffe9
ff0d
ffe6
ff24
ff59
ffdc
ff1f
003a
009e
004a
0121
01d7
0003
0100
026e
0193
014e
fed2
ffc8
012f
fefb
0062
015e
00b5
0180
ffb1
ff4d
00e4
0116
009f
00c7
ffc0
ff33
0011
0079
00b2
00f4
00e9
ffb9
0043
feca
ff4f
fede
ffdc
ffb2
fce0
fcbf
fe25
fe15
fd6f
fb90
fd30
fd43
fe3e
fe45
0069
ff45
fdde
fc36
fc69
fe01
fdf9
fce5
fd8d
fe53
fed1
ffb1
003b
fdf3
fddd
fd0a
ff07
003d
ff96
ff08
ff5f
fee0
00fa
01e5
010b
fd97
feaf
fe15
fed1
0051
ff74
0163
00fb
009a
00ef
022b
00fc
ffaf
fdab
0042
ff04
000a
ffc0
ffa2
0009
00a9
0124
01f4
0082
00da
fe77
01cc
0034
fff0
0077
00f7
00f7
017a
012a
0136
0113
003c
ff2c
018e
ff9f
000e
002e
014c
025e
0207
00e8
0071
0045
019e
007c
00f3
00d9
006b
00c6
028b
02bd
0139
0173
fff9
0098
ffc6
0072
00ce
0076
fede
0095
0114
0059
0096
ffe7
0093
0150
0066
ffb6
0029
fec7
006e
ffda
ff44
ffce
fef6
ffbc
fefb
0055
0039
ff60
0003
ffaf
000d
0008
ffb7
0037
0105
feed
ff0a
005d
ff03
0006
ff90
0002
fed9
ff07
ff82
008c
ff81
ff57
00a4
0032
feca
0008
fece
0033
febf
fefe
fec4
ffb0
0086
ffd1
008a
ff28
ff6d
008b
ff34
0066
005b
0014
0010
ffc8
ffb2
ffa1
fff6
ffb5
0084
ffaf
ffd5
ff5e
fefd
0074
ff42
ffd1
0067
0055
fecb
ff4f
00ab
ff20
008e
ff66
fffb
ffd2
ff47
ff2a
ffa5
ff4a
ff40
0032
ff11
ff09
004d
006a
0016
ff3b
ff37
ff6f
ff13
ff9e
ff4d
009f
ff1c
fff3
ff72
0059
003f
ffac
ff02
fef4
ff8a
ff1b
ffed
ffef
0044
004d
ff9f
0056
ff3a
ff93
ff97
ffaa
006e
ffa5
007c
ff22
ff8c
0033
fff5
ffe9
00a2
ff33
ff3e
ff12
0046
ff60
ffbc
0073
ff08
ffeb
ff61
0011
fff5
ff68
009e
0084
ffc0
fee1
005d
fed7
fef9
fff9
ffeb
ffb5
ff30
febf
fece
ffbe
00a8
ffe0
ffe9
ff5d
006f
0085
ff3f
feca
0073
0052
ff79
0068
ff9b
ff83
ff03
ffe0
0099
0056
feec
008e
fed4
ffd4
00ea
ffe6
fefa
ff17
007e
0084
ff27
ffce
ff43
0074
fede
001e
fedc
ff22
0028
feea
feff
ffd8
ff66
0007
ffd2
fff2
ff78
feea
ffa6
ff7c
fffb
ff4f
ff63
ffb7
ff26
fed9
ff99
ff71
006e
ff3a
ff30
ff6a
008e
ff1c
00a8
ffa6
ff7d
0049
ff46
ff38
ffc8
006a
ffb8
ffd2
ffd5
ffae
ff22
ff56
fec4
ff2a
000c
fedb
ffe9
00a4
0096
ff80
ffda
0035
fff5
0029
fecd
00b2
0042
007a
0079
ff99
0061
ff63
fff5
ffc4
003f
00a6
ff30
fef2
ff45
fff1
ff15
ff23
ff3a
ffae
fece
fff0
00a2
ffb1
0080
ffd9
ff9c
0073
ff39
ff29
ff52
ffa3
ff4e
009a
00a2
00a8
0090
ffbf
ffa9
ffd1
0061
00d3
0034
00ac
feeb
fe92
ffdb
ffec
fe75
0052
015f
0211
fff9
007c
004d
0015
0079
00a4
012b
01ae
ffe7
005c
016b
0131
0091
ff6c
ff83
0027
00ed
00be
012a
0123
ff6d
006f
fece
ffa8
0065
0097
ff87
0069
014a
0041
01af
0256
ff65
ffbf
ff4e
ff79
ff83
ff65
00d1
0125
00d4
00e1
02aa
025d
008a
01e5
01b3
0243
0245
0190
00a9
0172
00ca
00e1
023a
01ca
ffb5
036e
02e3
0115
0097
00eb
ffca
0072
006f
ff37
ffcc
027e
feef
ff96
00ab
feb0
ff9a
febf
fe0c
fdd1
fdfe
fe8d
ff93
002c
ff5c
0121
0006
fd4f
fe3e
fef1
ff2f
ff32
fe7b
ffff
0065
fee6
ff1f
ffde
003c
fe49
feb0
fede
ff28
fef0
fdfe
fffe
00d6
fe56
ffd4
008b
ffc4
ffbf
ff8f
ffa2
ff21
ff5f
ffaa
00e2
0022
ff7b
018b
0110
0074
00da
01cc
0256
01f6
00e7
0175
002b
0119
0105
0120
013c
0413
02d6
037c
0408
0158
009f
fdfc
fd25
ff58
fd47
010b
00fe
ff26
fe45
feb2
fe90
fe12
ffc0
ff58
00b7
0170
028f
00a3
0135
0026
fd94
fcaf
faba
fc06
fbb0
fe39
0008
fed9
0044
0127
00c5
fdb9
fbe4
fa1b
fad6
fc03
fa2b
fcf3
fe6c
ff1d
fe2a
0195
feac
fd0d
fb74
fcd4
fb85
fcb2
f9ff
fccd
fdf5
fe2a
fd76
ff95
fcde
fd68
fd95
fd4c
fe3e
fc87
fc53
fb2e
fc51
fe5f
fdb3
febf
fcb6
fda0
fb0a
fb59
fa7e
faa3
fa81
fbc0
fd8c
fd8a
0076
fee2
fccc
fb63
fba6
f98e
f8c7
fa1d
f961
fa72
fb1f
fb98
000e
ffd5
ffbd
fd5c
fb1b
fb05
fa0a
fb65
fb35
fa43
fa2e
fc33
ff92
fe90
ff4a
fb06
fac8
fc01
fb67
fb4e
fb95
fb28
fbaf
fb2c
fe84
ffa1
fedb
fc3e
fc29
fd23
fdbc
fb9d
fb65
fa6f
fb99
fa88
fe8e
0117
0070
fea8
fe17
ff04
ff57
fd1d
faac
fc44
fdd9
fcd2
ff36
0040
00a3
ff27
fe04
fe12
fdce
fd06
fd08
fdcb
fdc6
fe18
fdbe
fec8
ff49
ffc6
ff2f
0034
ff66
0070
ffa2
ffe8
ffe7
fff3
0009
ff31
0025
00a7
0054
006b
0093
ffb6
006f
005d
ff82
ff9e
fed8
003b
ff47
ffcf
ff8a
ff83
ffd1
ff66
004f
ffc3
ff00
0001
ff15
0090
0033
ff75
0048
ff75
ffa1
007b
ffb3
ff39
ff0c
ff37
ff0d
ff47
0027
ff1e
ff3e
fed6
ff02
ffa3
fff9
0051
ffd2
0014
0088
fff6
0083
ff91
ff54
003a
0056
fec0
0098
0049
0037
ff38
ffb7
fe8a
fff2
ffd3
ff2a
ffeb
feeb
ff85
fffa
fefa
fece
ff73
0030
00ab
fed7
ff30
0049
ff70
00a4
005e
fff6
ff4d
0016
febe
004b
00b2
fee5
feaf
ffbf
0092
feef
ffc9
ff5a
fed4
ff4d
ff67
ff34
008a
fef1
000d
fefe
ff75
fff3
008d
0056
ffc4
0011
004a
ff67
feff
0090
ffb2
0024
ff2f
feee
0073
fed3
0087
0020
ff50
ffbd
ff80
0024
ff07
0024
0096
006a
fffe
ff1f
feeb
ffb4
0042
ffe2
fed7
ffb7
0105
ffa1
004d
ff56
ff5f
ff74
0002
0054
00ff
01da
fe96
0086
02a8
0235
0035
000e
fe21
ff19
005e
00ac
fff0
01a4
ff80
00a1
02b6
01dd
00f4
ffa6
ff33
fe87
001e
0178
ffba
ff47
ffac
007e
0038
0015
ff21
ff7e
fe9b
ffc1
00fb
00bd
ffde
ffe5
ffab
00d8
ffa9
fe05
ff9c
006d
ffe0
00b6
00df
0198
0103
0124
0096
feba
fd96
ff1c
018b
0137
01d0
0247
009e
01d4
019d
00e5
0018
fee7
ff15
005d
0096
fff6
01e1
0276
00c3
0250
00b7
0006
fdf3
ff37
fe9f
00af
00c9
01e2
0148
01bb
0046
01d4
0147
0099
ffb2
ffcd
0068
0237
0103
033d
022b
0292
01fc
029a
013b
006b
00a5
00ae
007c
02b3
01f2
0213
01e4
0305
01c3
0117
0013
0016
016f
0056
0170
02ff
02a6
01f3
017b
0226
005c
0263
01c4
00a7
ffa7
0058
0269
0247
032e
02e5
00dc
fd61
ffce
0123
ff4f
00b5
ff7e
007a
00e0
0220
01e2
ffa4
fcc8
00fd
ffa8
0193
0288
fd6f
fe87
0067
0122
01ec
007d
00b5
0194
0106
00d7
00cd
01dd
fd05
ffac
013b
0155
00ba
0107
01c5
01a9
0071
ffc2
0049
ff03
fe92
0124
ff58
ffd0
00b1
0009
ff02
018a
fecc
fd1d
fec2
ff81
fcdf
fe66
ff5e
ff9e
0092
0069
fe2c
0029
fe2a
fec7
fe4f
ffcb
014a
fd99
0054
ffe2
fff0
0056
0043
009e
ff5b
00c8
0154
0015
00cd
fe9f
0044
ff69
00fd
0011
0035
0106
0051
ffb9
0121
010c
004f
003d
fea0
fe8e
ffc3
ffcc
fed2
ff20
ffb8
018e
02c1
021c
01b1
ffb0
006f
fe16
fe91
0035
ff5e
fde5
ffb2
00a8
0286
00e7
0134
ff94
0038
fead
fe6d
0037
0175
009f
0166
007f
00e5
00be
00d4
013a
ff3b
ff49
ffde
0028
01a2
00ba
01fd
00ea
fec6
003f
0078
01f8
002e
016e
01ac
0191
0213
016a
027c
00bc
007a
ffe8
ffc5
fa3c
0048
0035
ffe8
ff4a
0277
02a8
0120
01a6
01e9
0049
ffcf
fdc5
0006
0098
fe60
ffe4
0216
000c
020d
0142
ff44
00e4
00bd
fdd1
fdde
001b
fee7
0123
ff96
fe04
fd7c
ff45
0065
0098
0155
01c4
0096
ff17
00ef
0243
ff4f
fee4
fe79
fca2
0056
fdde
ff4e
ff75
0035
0193
ff9c
0222
0377
0193
0188
01a2
ffb9
ff66
ffcd
003c
03dc
01e3
0124
01aa
0268
ffca
0220
01dc
0095
fe9a
01a7
ff04
00ba
007f
0029
0169
ffc4
febb
fed6
ff20
fec8
ffe4
0223
0172
feb5
ff14
ffb6
ff87
0154
fd1c
fee4
fde1
fcff
fea3
ff27
ffca
fdb2
0042
0051
fd12
fe14
fe85
fc52
fd92
febb
fe88
fee6
ff60
ff27
0116
001f
ffe8
fde4
feb9
fec8
fe2e
fe57
00b2
ff8a
ff1b
ff4e
00c6
0219
01a9
0199
044e
02bb
0115
fed1
fe08
fd9f
ffb0
0100
feaa
011d
ffa1
00b9
02dd
01af
00ee
fed7
fed8
ff84
fdeb
00c1
0032
012f
01d8
0293
ff38
ff34
fde7
fe87
fdf1
00a1
fd9d
00d4
01f1
011b
00a1
0215
0192
024f
00d7
ff26
00dc
fe70
fd92
fdf4
0065
0203
01c3
0092
ffeb
fffd
fc6a
fc01
fc63
feb8
ffe4
fef4
0137
0194
0255
0137
0082
fe5d
fe2f
fbf3
fa77
fc0e
ff48
00ec
02f0
01c3
0458
042e
003d
00fa
ff88
ff8e
fbdf
f9f2
fc47
ffa2
00f8
0271
064e
06bc
025b
0078
ff5b
ff56
fdfe
fcf8
fd07
ffac
003d
05f2
05c0
04ea
0154
036b
00bd
00f2
0081
fe6f
fe7a
ff12
ff79
0421
03ea
03b9
032c
0352
01cb
02e5
ff6e
fefb
0062
ff50
fd4b
fe36
0170
0402
03e9
03b0
03f4
022f
018e
ffe1
feb4
feec
fe7a
fdec
00b8
0090
004d
008e
0337
0375
fe70
ffb8
fe8d
005c
ff67
ff2d
fd49
fe47
ff80
031a
0311
019f
0089
ff90
017d
fda4
0008
0081
fede
fd57
006b
0087
ffca
ff1b
fff3
fd8c
0218
febf
fe0c
fe1e
02d2
026e
02b0
0104
0003
ff09
fb16
fd8e
ff73
feb4
ff7f
00f8
0323
023e
0225
0163
0001
fd61
fa2a
fcf7
fc4b
00c5
00fb
03dc
0282
03da
051b
044f
044e
fd58
fb46
ff30
fbb8
0008
029b
029c
ffb4
05a8
0381
04b7
007d
fe83
fb25
ff76
00a1
ff16
01e7
00d2
0247
02be
01ee
01aa
ffc9
023a
ff8f
fd7e
ff0f
ff65
ff9a
ff17
01a9
019b
ff7e
ff32
fcd7
01e3
fe70
fd26
ffa1
fe18
fffc
ff0e
02d4
014f
fedf
fea6
ffeb
0244
0077
006d
039f
ff6b
00fc
00fd
01c9
007f
fed6
ffde
010a
02b4
0307
ffe3
0283
00dc
018d
0473
0235
ff8b
fd49
009b
0424
032f
0212
fddf
0354
007d
00b1
0152
ff54
ff4e
ff5b
016c
0412
027b
0400
046f
05ef
ffc3
0259
ffb7
01a3
00ac
0382
0114
0320
0319
0475
04a2
036f
01c4
fea0
fe8e
00b0
00c9
0314
0295
01bc
0473
0592
0562
023c
fed6
0305
0208
006a
0201
ff27
fe7f
fe55
fe81
fdb1
fe28
fe22
034a
032d
01f4
012a
ffaa
feb3
ffe9
ff45
fdfe
fe4e
fea8
ff8d
02c0
0342
01a5
0293
ffcd
00b3
ff67
fe16
fec6
fe62
ff1a
018e
03e9
02d1
01a1
0178
0133
011f
0093
001c
00e3
0074
0161
0212
0354
02f1
007e
046f
029d
0158
0083
0005
015d
0089
fefe
00a0
02b8
019e
01f7
03f2
02b5
0368
002a
ff55
0045
0066
0113
0326
0196
fe99
0058
00e7
028d
007f
0208
01ed
ff84
ff17
01d8
0437
0199
fe72
ffb6
022e
01b8
032f
03cf
02e1
013b
fee9
ffb2
01fb
03b7
01d5
004e
ff89
0340
03f2
04e6
0484
0197
fe75
feae
ff11
0122
0002
fef2
fe41
016b
0443
04db
03ee
03f8
fff2
ff76
fe88
fe30
ff91
feb2
ffd1
02b5
048c
05b3
0340
01c7
0273
ffad
fe6a
fe75
fe1a
fd75
00dc
01a8
0515
018d
016b
00c3
00ef
fe96
fd98
02d5
00af
fef0
ff43
ffb0
023f
0415
02a9
0223
0336
0352
00fe
0077
fef3
ff36
fe68
002c
014c
00e0
ffdf
016c
017b
0208
00b6
00b0
ff08
fd88
fe0e
fe0d
fec3
fd79
fddd
003b
0012
0104
00ab
0250
fe24
fda7
fe8c
ffef
002f
fe58
fd2c
fd6f
fced
feed
0082
0254
fdcd
ffe8
fffd
0130
ff03
fe94
fdf7
fd29
fcac
ffd5
fe79
022d
fd8b
ff08
ff73
fef9
fe5c
fd73
fdea
fe40
fa34
fe12
fc87
00a8
fe20
fdf5
ff71
ff0a
ff9a
fe30
fe66
fe2b
fb98
fc45
fc85
ffe6
fc98
fdc4
fe30
0154
00d4
feaa
fd2a
ff6c
ff73
fca4
fcd1
00b5
00a7
ffe0
0028
009a
0203
ff05
fdea
ffe3
ffa9
ff2a
fed5
0167
0142
0079
01d8
ff26
ffd0
ff2f
fea0
ff10
0127
0044
0041
0018
004c
fe05
016b
00b5
ff77
0073
0063
0003
00da
00af
0127
fff2
fef7
fec0
fe01
feb2
feca
fedb
fe56
ff66
010a
0095
004a
00f1
0097
0094
018a
0118
03bc
002a
0025
fe52
01f2
018e
00f4
0141
ff57
00e8
004d
fe8c
fea9
0099
ff4a
005d
ff48
ffce
ffc9
0032
fff1
00a5
0113
fdfe
fb42
fe32
002d
fe51
fd33
fe32
fd90
0089
ff2b
010c
030d
fd9c
fd07
fdfc
ff74
fe5d
fcb9
fe26
fddf
0186
00e8
0049
02f5
013b
00fd
fe34
011d
fe4f
fffb
00cb
fec8
ff3c
00a3
0101
0249
02ae
0236
0340
0174
01e3
023f
0112
0017
ff7a
fffa
ffc6
ffba
0013
0386
0324
027b
01d8
0175
01a9
00e5
010c
ff89
fe98
0040
fe94
025c
0125
ff83
00cd
0171
0062
0055
ff25
ff3c
00e8
fe92
fedb
0306
0150
0075
00fe
006d
fe9b
fec7
0044
fe7b
ff84
fd41
fe70
0004
02d1
0118
02a5
0205
00ee
ff44
01c6
fe47
00bc
fef3
fe4f
0001
0201
01a4
0258
01fb
00c5
ff50
0004
01c9
fe89
fe14
fe39
ffe4
00a3
0115
ff46
00c8
ff38
fe8b
ff76
ff19
ff6f
ffeb
ff05
016b
00f9
fd58
fe60
fe95
ff72
ff04
ffaf
ff88
fdac
fc5a
fe9d
00b9
0044
fe88
0130
02a1
0154
fdc3
ff68
00da
fd19
fb61
fca2
fda0
0124
fe2b
fe0b
fed5
fc45
fcce
0088
ff61
ff95
fe24
fc78
fe91
ffac
01c2
00b4
fe85
fe4d
fea5
0097
ff4b
005a
0096
fe3a
00e7
0069
0096
fc6b
fdd8
fd49
ff8a
03f1
014f
ff69
00b2
008f
002c
fff1
fde8
fc74
fe06
ff16
0149
030d
00cf
ff40
fd9f
00a4
01a0
012f
fe6d
fd61
ff61
00e0
fcf8
00f9
00b9
fec6
fed7
0535
0379
0049
ffeb
009c
0266
fecb
fe0c
ffbc
00bd
ffc4
0213
018d
00fe
008f
006e
0188
02bf
00b7
016f
01f6
03e7
02af
0193
00cf
fef6
0068
ff9b
0142
0275
040a
0408
ff3e
027f
035a
0272
fdfe
ff10
0131
ff94
005f
0265
0576
08d9
fe3b
fed9
fe92
fb7b
faaa
fffc
ffa8
ffcc
ff81
016c
027d
0070
000b
ff56
0065
004b
004c
ffef
ff88
0088
ff4f
00d9
ff29
fef8
00d6
00d5
0015
0078
ffd7
0106
0104
00a8
ff68
ff4a
ffba
feeb
00cd
00ea
ff7f
0002
ffe7
ff59
0021
0151
ff9a
0017
fffa
ff25
ff8f
ff23
0023
ff29
ff4f
00e7
00d2
0094
ff77
ff37
0075
ff17
ff97
0007
0035
0089
0049
0024
0054
0060
ffd5
ff4b
ffaf
008a
0052
0102
00a6
ff0c
001f
ff5e
ffcc
010d
ff40
ff3d
fff4
ff1b
00ea
0031
006d
ff7b
00f3
00a4
0030
ff93
00a5
ff63
008d
007a
009d
ffa4
ff78
0008
0030
ffec
0046
ff5c
0037
ffb7
ff7b
ff87
ff7c
fee1
007e
0021
00fe
00c4
00ba
0090
0057
0076
006e
004e
0046
00e1
ff6e
0077
ff90
ff92
ff6c
00e2
ff97
000f
ff1b
ff46
0121
0065
004b
00b6
ffa8
00e0
00e4
0074
00c9
007f
ff22
ff27
007a
0078
0044
0020
fef8
00eb
0062
ffd2
ff41
fffb
0046
00c7
0143
fec1
0108
fd93
fd6c
0105
0300
011a
fe5f
00a9
fff0
fb77
fdb8
fda9
fcb5
fbf8
fc05
fe0c
ff85
029a
0017
ffeb
0039
fdf9
fd1d
fca4
fcb8
fcea
fbe4
fd53
fe8c
ffde
007a
fe11
fd1d
fee7
fd35
fe71
00a5
fedf
fc62
fcc2
fc3f
fcf2
febb
fea1
fd6c
ff17
fd36
ffee
01e0
0206
00ad
fca1
fb22
fc04
fb95
fc2c
fb98
fc08
fd2d
ffd8
000a
02ec
02db
ffb4
fb30
f9b9
fba3
faae
fcd0
fbf6
ff83
00d6
0172
02fe
02ef
025b
ffae
f7f0
f8f7
fb86
fe08
fdb9
fe16
ff1b
00df
0254
0389
0359
0375
fee0
f9c9
fdde
feb5
fe71
fe3f
ff9d
ffa8
0212
0480
0302
0214
017c
ff06
fe25
012f
ff03
ff58
0177
fff4
00d5
02a6
007a
ffde
ffab
ff8d
0096
ffc4
feb1
fdfd
ff6e
fe66
fee5
00d9
ff32
fbcb
fdff
ffcc
0018
fe07
fec6
ff54
00a5
fef2
fe79
fec1
ff61
fd0c
0016
ff8b
fe35
fdeb
0168
005b
000b
0014
007e
ff7c
00dc
008f
0047
ff4d
ff4c
fff4
0080
ff30
ffeb
ff7a
008c
00cc
00d3
00bb
003e
00a3
00e0
ffff
0133
007a
008f
ff83
0103
0098
000a
ffa0
012f
ff93
000e
ffb3
ffe0
00ce
ff42
ff71
ff62
0092
ffd2
ffe0
00d9
00e7
ffb3
fff8
0086
ff75
0084
00b7
fff0
00dd
0135
ffae
ffed
0026
ff9f
ff7c
ff75
00c3
ffcf
ff29
005e
013b
0043
ffb1
003a
ff33
0023
009b
ffcb
00dd
ffc2
fff4
00b6
00c6
ffe5
00c8
0063
0111
ffdb
0036
00ea
ff5b
ffb4
ff93
0006
0051
00ac
00c4
001d
00f1
007b
00b5
0082
ffff
ffe6
ff6b
ff58
0027
002c
006f
00bf
0111
0031
ffb6
0110
00d3
ff48
fee3
0071
00bf
00df
010f
00fd
ffff
ffb5
ff9f
ffdd
ff4d
ffc3
003c
008b
013a
0080
ffb4
008f
ff77
008d
0055
0058
ff2e
000d
ff89
ffd8
ff75
0037
00cd
011f
0088
00aa
ff75
ff37
006d
00e5
003d
00c0
0132
0117
00ad
005b
003d
0099
ff99
00ae
00d8
ffd3
ffe1
0094
0007
ffe2
00af
ffe6
0121
010d
00b6
004e
00cd
00da
ff5c
0083
0134
006e
00eb
0068
ffd3
009c
ff59
0124
013c
0007
00e4
00b6
ff8d
ff77
ffef
003f
0068
ffc1
00d2
00d7
0030
0048
ffc7
0055
0032
ff54
0009
0128
004d
ffc9
00b0
0084
ff83
ffee
00e8
005e
0068
ff6c
ff7d
010f
00fe
00ab
fff9
ff54
011b
ffcb
ff9e
ffee
004e
010b
ff6b
0093
010c
003d
ffe9
006a
ff4f
ffff
00c9
0016
ff66
0065
ffa7
ffb9
00a9
00b7
00d4
ff5f
ffa0
004d
ffc2
00bd
00ac
ff7d
00b0
0034
ff78
ffff
ffac
012b
008d
0124
ffd8
0138
0109
0130
0121
00af
0007
0126
ffdb
0039
007e
0053
ff75
ff8e
0001
0044
00cb
00e3
ff63
ff76
ff84
ff50
ffdb
ff88
0086
004d
ff47
0021
0083
0095
0026
0141
ff96
0071
006f
015b
0032
ff1c
fe49
fdf6
ffce
fd75
fdab
fe43
feba
0079
fe90
ff52
0177
ffec
fe9e
fd92
fdb0
fec3
fea0
fde8
fe0a
00a7
ff33
fc07
ffcd
ff6e
fe8c
fdc4
fe19
fd4e
fe5b
fe3f
ff87
ffda
ffe3
fc53
0099
016f
ff5e
ff68
fefb
0048
fd98
fdab
fe6b
007e
ff6e
fed1
ff08
ff29
ffdd
ff8b
01bd
011a
fdee
fcdf
fcef
ffeb
ff61
ff13
ff69
fd6c
fe5f
00b2
0092
011a
00c0
fda1
fcd9
fe39
ff73
003c
01ea
fea4
fd1a
ff6e
0059
00df
026c
ffcf
01d6
0118
0061
020e
00c9
ff07
fef7
ff0b
ffad
00f1
0303
0303
0040
0283
0173
036a
0256
012b
00cc
0065
0046
fff7
003b
0084
00a3
018b
0102
01dc
02cc
03dd
0368
0191
005a
ffd3
ff50
feca
fdae
fe2e
ff32
017b
00d4
008a
0174
0199
0107
ffba
fea8
fdcf
fab3
fad6
ffae
032c
03a3
0245
01b1
0009
fe8e
0020
0034
fe6e
fdb9
0032
0015
ffda
fff0
fdcc
0143
01fe
0122
01dd
019a
ffdc
ffa3
ffbc
012c
ff25
fd87
ff2d
0301
01b6
ff2b
01b6
0237
014f
ff58
fd69
ff4f
feb4
fee9
032d
0605
029c
0086
0032
fec2
ff1b
0009
feb7
ff67
0116
0117
0346
047f
017a
fec0
0035
fe8d
fdb2
feac
fecb
fe94
003e
0313
033e
03af
0126
ffc2
001b
ff1d
ff2e
016a
fea0
fe3b
fe34
0072
0019
033c
fef3
fde4
fe0c
fec9
fef9
027e
0140
ff93
005b
00ae
0279
02a8
feb6
fd19
fda2
fcb0
0052
016a
0131
0064
fee8
0050
ff69
ff63
ff34
fecb
fd2f
ff26
00b8
005d
00e3
00b3
fe0d
ff1f
0053
00ba
ffc2
ff9f
0132
0139
0190
fc77
ff00
0098
fe9b
feeb
00a8
fee2
fd14
ff58
ffcd
0170
ff9d
fcb8
fe35
0047
fd5f
ff6f
0062
fe8f
fee5
fe28
ff2b
0139
002c
feea
0009
ffc2
ff5d
ff89
ffb7
ff6e
0023
ff6a
fefd
0009
feb9
fd5f
fe97
ff31
00a8
01cb
0117
fe5c
ff48
ff9b
fead
fef5
ff5b
0042
004b
0139
0331
02f7
00f0
00b3
ffb4
fff5
009b
00cb
ff0c
ff65
0153
008a
00e2
017e
01e3
00f3
00ea
ffad
0085
ffe7
ffc2
ffd2
013c
0150
fda1
fdc0
00da
00e4
feee
ffa4
ffcc
003b
0098
0079
00d0
009d
fd74
ffa7
0012
01b1
00ad
002a
00cb
0090
01b2
00d1
01d4
019d
01bb
030a
00c8
00a6
0147
ffef
00a5
0045
01f7
0178
0101
0209
0115
ff2d
ff88
002b
ff92
fff7
0064
006c
00b8
017a
0274
ffcc
0269
0098
0016
02a0
01ab
ffb1
fff3
00f1
ff4f
0007
01c1
024b
038a
01af
ff7f
026b
0158
ffaa
ff78
ff42
fe0d
ffac
ff1a
00f0
027f
024a
ffbd
ffcc
ffbb
ffd1
0079
00c9
ffec
ff08
fe79
00ad
00dd
029b
ffe6
ffc2
ff5b
ffc1
007e
0000
fe58
fd93
fcfb
fee9
ff9f
ffc6
ffea
0115
00a9
011f
ffa6
ffd0
ff5d
fd30
fe50
ff5e
023b
024b
01c8
0016
fc42
fca5
fe78
004b
0039
ff0c
0147
0156
016e
03c6
029c
0128
0013
fe5a
fd8b
fec3
fdb5
fcfd
01fd
ffa7
0276
043d
03f3
016b
0178
00cf
ff10
ff4e
fb86
fe95
00db
fff6
016e
042f
034b
0535
02e4
0095
0028
fe43
fdc0
fe69
0029
fe2b
fe57
0116
0296
034a
02e2
0036
010a
025f
ff43
01d0
ffaf
00da
fda5
024a
0138
0069
029d
02c3
0287
02e3
0224
03c4
0032
0017
fe01
fcd8
ff34
0055
00a5
013b
024b
0331
0120
010d
fd92
fdf1
fe2a
fbec
fcb8
fde3
fe9b
fe38
ff2a
030b
024a
0151
fe99
fe9f
fecf
fc7b
fd62
fd6b
fb94
fdb0
ffa8
01d0
03c0
fefb
fe92
fe54
fda5
fdb9
fe89
fc1f
f9b8
fc6c
fe9c
0176
02fb
ff72
0017
fe59
fc12
fc5a
fe68
fbba
f956
fb35
ff73
008e
004d
ff67
01a8
002a
ff39
fe76
ffa5
fb37
fc40
fcd5
000c
0006
ffe4
fbce
01a6
ff71
01b9
0484
0375
0247
0071
008a
fd5b
001d
0034
0179
ffa3
ffdc
fe1e
fe64
fe24
fd36
0057
ffee
fff8
01ac
fe21
001c
0013
ff8a
fc61
fbd1
fb4d
fdc8
fe02
fc0c
fe7c
ff62
ff06
ffe8
fcb1
fecd
fe22
fd90
fb93
fca1
fd6e
fdea
0029
fe93
fed5
fdfe
febc
fe89
022e
0122
ff30
fb29
f7d2
fc01
fe10
ff40
0092
fd84
00af
feb0
014a
037c
0349
fca6
fab4
faeb
fb2d
fd5d
fd1f
fe51
fe87
fef0
feda
01c2
0172
fe72
fd84
fd38
fa28
fc34
fb82
fdc9
ffb6
fe80
fee2
01b9
ff9c
fec7
0185
ffee
fde7
fbd3
fc5f
fe44
fd6c
fe6e
ffda
010c
00cb
010e
0289
035d
00da
ff47
fea1
fd06
fb6d
01c9
0151
022d
0295
00db
002d
0074
00d1
018a
ffe7
fe04
fb81
0069
0226
0128
02d7
00fa
fe9c
ffac
ff15
00fe
0024
fca8
fcf5
ffd0
013b
0071
ffab
ffad
0041
fe70
fdd2
006c
00da
0070
fc5e
f9bd
ffbd
0004
ffd8
fec2
fe69
ff9d
008d
ff71
ffb8
fff2
ff4d
00bd
feb3
ffc6
ff11
fffd
ffd8
0034
0074
008e
0002
0056
fef7
0083
ffa3
ff5e
ffed
006b
ff02
00f0
ffee
00af
0025
ff64
ff81
ffbe
000f
000c
ffe3
febf
003e
ff15
ff02
ff86
ff2f
fee0
ff66
ffef
0037
0073
0090
ff77
0018
ff7d
00ca
ff5b
ffb6
00aa
ff08
feca
ff75
fee6
ff2a
ffd9
003e
ff45
ff64
ffbb
00ac
00b7
ff08
ffd2
ff57
feb4
0018
0077
fefc
0028
ff04
ff9f
ff3c
ff37
ff8e
0058
003f
0051
0018
fe93
0030
ff29
00b2
ff74
ffd3
ff29
ff17
002e
00c2
005e
ff56
ffd3
fef2
0097
0024
0022
008d
0052
00d4
fefa
004c
feec
0037
ff21
ffe5
ffcb
000d
002c
ffc3
009f
ffb7
fffd
ffe1
ff7f
ff1c
008d
ff3e
fff3
fefe
fee4
fe60
0056
0099
ff06
0098
0063
ff43
ff59
ff9e
ffd1
0021
fed9
ff10
ff00
ff4b
009e
ff9f
fff2
fedd
ffc1
ff67
ff22
ff42
ff22
fedf
ffec
feb7
ff7c
ff93
0077
fee2
ff2a
0030
fedd
003f
0080
0038
ff8a
ffb3
001e
fed5
fff8
ff89
ff31
0083
ffd4
ff33
ff4f
008a
004d
007c
0008
ff3e
fede
fff9
ff2d
feba
ff6f
fff7
ff33
001b
00a7
0086
003e
ff26
ffa1
ff9c
ff77
00a3
0076
ff58
ff19
000f
0068
005f
fe8b
ffca
ff5f
0094
fec0
0043
ff70
fef4
ff10
000d
0019
ff14
000e
ff86
00a0
0071
ffbf
003b
0008
ffb1
004e
0024
ffc4
fec2
febd
0051
ff3f
ffa3
ff94
0064
fef9
0089
ff20
004d
fef9
ffd8
fec3
ffb0
ff23
ffe2
fedc
005c
fef5
ffaa
fecb
ffcd
ff07
009b
ff1e
ffaa
0099
000b
006b
0035
ffaf
003e
ff41
ffd8
fec0
0008
ff41
ffc3
ff7c
feee
ffdb
ffce
ff02
ff42
001b
0040
fead
0070
ff8e
ff6b
003a
0058
005b
ff8e
001c
ff20
0015
ff6d
ff56
004d
fea1
fff6
febe
ffa2
0094
0037
feac
000f
ff0c
0036
ff27
007b
ffae
0007
0092
0093
feed
006b
0006
ffab
fe90
ff2d
0006
fefd
ff10
fec5
ff6e
fee4
ff6e
ff83
000c
fec1
fea8
fffa
fef9
ffe8
ff87
ffdc
ff77
002a
ff24
ff05
ff93
ff9f
ff45
ffaf
ff4b
fe81
feba
ffa2
ff41
fe77
ff1f
ff0a
fea5
ffae
febe
fff1
fffd
0050
009b
ff7a
003f
0052
0059
ff92
ffac
fe7b
fedb
ff41
004f
0058
007c
0057
ff5a
003d
0085
002a
ff46
feee
fff6
fec8
ff7b
0051
fece
0073
001a
003d
ff8c
000d
fea0
fee5
0020
ff8f
ffe9
001a
fef3
0027
008e
fee5
0051
ff45
ff88
feb9
febc
ffcf
0040
ff16
ff29
fed9
006f
0022
ff95
0085
ffbe
febc
ffc3
fea3
ff56
ffa9
ff87
fe6c
0087
ffe9
0018
febb
004e
007b
0041
ffff
ffb3
ffaf
ff0b
ff1d
ff88
ff03
ffa7
fefc
ffd0
0049
00a5
feca
ff6b
feb5
0006
0080
ff0f
ff43
0074
ff88
ff7e
ff49
fefa
ffad
feb0
ff8c
0090
0002
0034
fff3
ff6b
002d
fee1
fee7
fe5a
fe7c
fefa
fec9
ffa9
fef6
ffb7
007f
ff81
ff3f
ff42
ff87
ff70
fee9
ff6e
fee9
fee6
fef0
ff65
ffff
ff3e
0054
ff87
ff9f
fff1
ff02
fff8
001a
000c
ff1a
0014
ff79
ff68
0059
ff1f
fe9e
002b
ff04
ff6b
003a
ff83
ff7b
fec3
fecc
fef9
0028
ffb4
fffe
febd
fff0
fffb
ff2d
ff6b
ff79
0040
ff38
fe9e
ff54
0003
008a
0055
fed9
fec1
ff1a
0077
ff8b
002a
0070
fede
ffbe
ff27
feed
fee9
feb5
ff86
ff2e
ffab
0089
0054
0015
feed
ff24
fff4
0052
ff86
ff81
0033
fec9
ff8a
ff22
ffa1
0076
ff31
fef4
fee5
ff74
ff75
0086
0059
fed9
fed8
ffda
0058
ff11
ffca
ff51
ffda
ff6f
ffa9
ffdc
ff90
fffe
ff8b
ff9d
000a
ff92
ffea
ff12
ff56
feeb
ffec
0015
0033
ff2f
00c7
0017
ffc6
ffbb
fe4f
fec9
ff0c
0013
ff35
006e
ff66
feef
ffd9
ffab
fe9b
002d
0040
ff46
0060
000c
0031
0055
fe92
ff82
0063
ffc8
ff5e
fe9c
fec4
0073
ffb7
fff3
0083
ffda
ff2c
fecb
0025
ff75
feb4
ff0c
ff4f
0008
ff20
001c
ff27
fea0
0014
0042
fe9c
ff88
fec0
0045
ff24
feab
ff2b
ffb1
fe9a
0015
fea5
ff89
ff1d
fec2
fe93
0012
001c
feb7
ff4c
0081
fee1
fffb
fec8
ffd5
ffbc
fed3
fed4
ffc0
fea9
feee
feaa
fee6
fef3
feef
fe9b
0052
ffda
ff79
ff61
ff3a
fec2
fedd
ff47
0081
ffd5
ffd9
ff30
ff1e
ff83
ffd8
0014
ff9b
ff6d
0063
ffa4
ff47
ff61
ffc7
ffb5
ff9e
ff28
ff85
006a
0081
fff6
fed5
0034
ff0a
ff3c
ff5c
ff87
0009
ffe5
ff44
0058
0064
fed1
0050
002c
0062
fec6
fef1
ff36
ff2e
007d
fee5
002e
ffd4
fee4
fef8
feda
ff39
0081
0015
0067
fed5
fea2
0004
002e
ff89
0139
ff69
0090
005c
0005
0001
ff70
003d
ffb1
ff6a
fffd
ffbc
ff77
001b
00fa
ff32
0079
ff93
00f2
ffec
fff7
0074
ff6d
00d2
ffda
0029
0019
0024
fff1
ff76
0090
0027
000b
0009
0124
00b2
ffe2
ff29
ff77
00c9
000b
00b1
ffe6
002b
013e
0076
00bc
ffd8
ffcf
ffdb
ffd6
ff2a
ff85
002e
ffd5
00df
00f5
ffc5
00bf
ffeb
009c
ff90
0050
ff3b
0060
ff56
0098
00da
008f
ffe8
ffeb
ff7c
00e2
ff14
ff4a
003b
ff09
ff32
ffc6
001c
ffee
004d
ff2d
0028
fec8
0082
0083
0069
00eb
ffbf
ffe4
ffa8
0132
ffde
00b0
0059
0068
0044
00a3
00bf
0080
0097
ff61
00c9
0032
ffbd
ffac
ffd3
ff44
ff5c
ffa9
0054
00f4
ffad
ff4d
00b6
ff85
ff70
ff55
008f
002d
ff8f
0036
003c
002e
0040
ff23
00dd
00c3
00ab
00d0
003e
ffb5
00bb
ffb6
0079
fff9
ff75
ff5d
0009
ff8f
ff31
003b
feab
fff9
0005
0032
fff0
0054
ffc6
fef9
005e
fe85
ff58
fefc
ff14
fea4
0048
ffa6
ff6a
00cc
0012
0081
00a3
ffe6
fff9
009a
ff07
00e5
00e4
ffc0
ff7e
0012
ffc5
ff6e
00c8
005c
fee7
0082
ffc2
ff79
0015
ff34
007d
007e
001b
0064
002b
003f
ffd3
00f1
005b
0025
ffb8
006d
ff5d
009f
00b9
00f4
001e
00bc
fee6
ff8e
ff8f
ff69
ffdb
00f8
ffa9
ff7d
ff6d
ff72
0073
ffce
0043
ffc6
00a2
0021
0057
0004
0092
ffc3
ff8b
00a6
ff7f
ff12
feb9
00b0
006a
001c
008a
000e
0032
ff40
006f
ff51
003e
ff8e
ff70
00c7
ff51
00bf
ff64
ffc1
ff2e
0015
ff4c
0009
ff78
007b
ffc0
ff41
ff90
0059
ffee
ff06
ff97
00cb
ff1f
ff35
001b
ff03
ffb0
ffba
fed5
fece
0061
002c
001f
ff8f
004e
ff8f
ff9a
ff4d
007e
007a
0094
0054
005a
ffe9
feeb
ff41
fe78
ff50
000e
0061
ffa5
ff60
0038
00df
0110
0064
00e1
ffb6
ff76
00df
0127
009d
0033
0097
00e3
ff6e
00d8
fff2
0128
ffe1
00b4
ffe7
0001
00b8
0060
0033
010f
ff70
0024
0126
0004
0124
ffce
ffea
00eb
ff4f
ff5c
ff8a
004a
0093
ff7b
00bb
ffbc
fff4
00b2
0042
0014
ff87
0085
00e4
0129
00bc
ff9b
ff57
0104
00d1
0071
00ea
ff19
00d9
ff55
ff95
ff38
ffd3
ff5f
003e
ff25
fff3
00c4
00df
ff49
ff3a
00aa
ff6f
ffbd
ff9d
00eb
ff80
ff42
011a
0088
007d
ff3d
ffca
0104
002c
ffb7
ff9c
fffc
fffc
0145
ff2f
ff84
ffa3
0050
0045
ff90
ff81
ff7b
000c
0076
0138
0062
ffe1
00af
ff31
00b4
ff19
00b6
ff5e
ff8b
00b1
ff81
000f
ffd6
00a0
0064
009b
ffcc
ff53
ff72
ffec
00bf
ffae
00b4
ff6d
0124
0056
004c
fffa
ffd6
0084
007c
ff93
0010
00b4
ffdf
00c4
ff20
00f9
00c5
007d
006a
0063
0051
ff84
fe59
ffc1
fe73
0017
ff82
ffc0
ff69
ff07
feea
ffed
ffb1
ffe2
0079
ffac
ff4c
fe89
ff36
00aa
fff9
ff11
fe71
ffc2
feb2
ffb5
fe9c
fea2
fe86
ffe7
00d1
009f
fffe
ff62
ff4c
ff13
fe73
fe94
0057
0062
fe98
0061
ff2a
ffc6
feb0
fefd
fe9c
00be
ff95
ffae
ffb7
fecf
fee5
ff59
0024
ffe6
ffa7
ff23
ffeb
0005
ffac
ffbd
ff8c
003d
ff91
0000
feb3
001e
ff5e
ff53
ff57
002f
ff36
ff00
ff48
fea0
0019
ff0a
ff5b
fefd
feb8
fee1
ffc5
ff42
ffb0
fec9
0005
ff35
fe6e
ff24
0035
fe4e
fe90
ff07
ff4b
feab
ffef
ff69
fedf
fffe
000e
ff6f
fffc
fec5
0014
ff9f
ff63
0023
ffcb
fee3
ff8c
ffaf
ff78
fec1
00a9
00c4
ff7f
fe7e
fedd
ff31
ff47
ffd5
0008
ff03
ff2d
0080
ff1b
ffb4
ffe6
ff2a
fec4
ff47
ff1d
ff60
ff07
ff41
001c
0002
ff0a
ffb6
ff6f
ffcf
0067
ff73
00db
00e7
ff7a
009c
0006
ff23
ffdc
007f
00ec
0015
ffbe
0019
ffb4
0102
00f6
ff18
0056
0000
fec3
ff71
00e1
0070
ff2e
008a
ff9f
ffb3
ff22
fefd
0088
004c
0083
fef7
0104
0091
001b
00e0
00aa
ff8e
ff7e
fff9
ffee
ff61
007d
ff4a
ff6d
ffed
ff29
00b0
00af
0090
ffe0
ffc5
00e5
001b
0091
00bc
ffd7
ffe1
ff0f
00f8
0056
002c
ff75
0042
001d
00b2
00db
0077
ffee
0118
fff9
007b
ffdf
0143
ff92
0040
009c
008b
006e
ff8c
0112
ff99
ff02
00a5
00af
00ec
0088
ff0c
004e
00cd
002d
00ab
ff93
0031
ff6f
ffcd
ff85
0065
008b
fff3
fff2
00c1
fed8
0142
00bd
00cf
ff82
004d
00a9
0025
0109
00a1
ff59
ff24
00f5
005d
ffb6
ff74
ff7b
0062
007f
00a8
ff13
006c
ffbd
ffaf
0053
fed1
ff78
ff88
004b
ffac
0112
ffa7
00cb
0132
00bb
00a0
ff3c
ffb2
001f
ff5e
fef2
00b0
ff23
0133
0104
ffd2
0096
0004
00cd
004d
008e
ff9e
012d
005b
00d0
ff76
ff77
005c
00bd
0104
0061
0052
009a
001f
0069
0042
0052
003c
00fb
0044
fffe
ff82
0032
00dd
005c
0138
ff5a
00dc
005c
ffa3
00e0
0101
ff87
ffa3
ff9f
0006
0014
fff2
00aa
ffff
0028
00b6
001d
0074
0035
004b
fee3
00ab
00ff
ff9e
004d
0048
004b
0122
ff9d
0104
ffda
004e
0090
00ec
0001
0078
ffa1
ff73
0130
ff88
00b3
ffeb
ffc4
00f9
00ab
011c
0093
004a
0032
ff5a
00a3
ffa2
0083
00b2
000d
0025
00d2
ff60
ffc8
ff8f
004e
0103
ff73
0139
00d5
ff89
ff9d
ffeb
0015
0103
ff94
fee3
ffb1
00f1
00ac
0056
0092
ff8a
00e4
0070
ff95
ff7f
ff5f
fffe
ff57
0128
00e9
0014
fffe
006c
ff7c
0067
ffc3
ffba
0026
00ed
ffd6
ffc8
ff5d
ffac
ff59
00bb
ff32
ffbe
ff5a
0045
ff88
ff78
ffd7
ffa2
ff1d
ff9e
ff20
ff3e
000b
ffa6
005c
fed1
ff33
fee0
fff5
ffa7
0061
008a
00ac
0009
ffa2
fec6
0024
004e
005a
ff05
ff10
ff73
0041
ff85
ff33
0083
ffc5
fef3
fff2
fe70
fe89
fe70
fe6f
ff51
ff04
ff60
ffa2
ffa8
ff0e
ffaa
fecd
ff91
003a
ff36
ffa1
ff13
0020
ff5b
ff0b
000c
feea
ff26
0004
0055
ff00
008e
003b
002c
00b7
ffc1
0075
ffe9
0047
ff97
ff68
ffb4
fef7
ffcc
fff3
0002
0083
ff03
fed3
ff64
ff03
feba
00e2
ffe5
ffff
001f
ffeb
ffc1
ff97
ff31
ff8d
0039
fec1
000b
003d
0032
ffec
fea6
ff08
ff1b
ff2f
005c
ff1c
0098
ff1c
002d
0085
0042
ffbe
ff89
0065
00c2
fee1
0039
ff7d
007a
ff81
ffce
ff25
ffe3
ffa3
ff9b
0050
ff23
009a
fec9
ff0b
000e
ffb6
ffd7
ff92
0061
005b
fef8
fffb
001e
00a6
ff5b
ff4c
0021
ffe4
0032
00c2
ff0a
ff4c
feeb
00a5
ffc9
ff04
0014
ff6f
ff2e
ff45
ffe2
ff69
ff5b
ffe2
fe9b
ffe2
ffb7
fe93
fee1
ff6b
ff38
ffa7
ff32
0034
0041
fff8
ffdd
002e
fedd
001a
fe94
ff62
fe93
0082
000b
ff95
00b6
ffc6
0054
ffc5
ff38
fe9b
fe5a
0079
feb4
fead
fec0
ff5f
ffb3
feae
ffb0
ff69
fe56
ff54
ffd2
ffa3
ff4c
000d
0073
0033
ff81
ff01
ff7f
ff8e
ff1a
0040
ffc4
ff0f
ffee
ff87
ff0d
ffc4
ff87
ff87
0052
ffe3
fff9
ff13
ffc2
ff91
fef0
fffe
ff23
ff24
ff3d
ff41
ffac
00a4
0020
ffd7
fe9c
004c
ff31
fe4b
0038
ffc5
fee1
ff53
ffe5
ffa3
0030
fed7
ff14
fea5
ffc4
fef9
ff56
ff6b
ff4c
feed
001d
fea9
ffef
fe9a
ffd3
fed7
001a
004f
ff5c
0012
ff70
fec0
ffcb
fe80
fef7
003a
0020
fea9
fe94
0055
000b
fe92
fecb
fec9
ff28
feed
fe42
ff77
ff0e
fee4
007b
ff13
ffab
ff50
fec3
ff39
fea8
ff1e
ff95
00c8
0055
00cf
ffbb
ffe7
ff41
003e
ffd8
fff0
ff16
0026
ff34
ff2c
00b1
fee1
ff17
00b8
ff6e
ffa4
003c
ff61
0080
00aa
ffb6
00ea
00bd
ff42
ff7c
ff70
0019
ff9f
ffc5
ff0e
fedc
ff7d
ff53
ff51
0092
00af
fff9
ff07
00b9
ff9a
000b
ffe4
0016
00cf
ff22
0068
ff5a
00c6
ff8a
ff02
ff07
0038
ff1e
ffa9
000c
007f
ffe5
ff0f
00b3
0095
ff59
008a
007b
ff40
ff1c
ff60
ffe9
ff12
ffdc
ffab
0011
0005
ff81
ff9f
00bb
ffb5
ffa0
ffc3
ffb2
ffff
ffef
ff0c
ff71
00c1
ffa3
0090
00a6
001a
0006
003f
0076
0041
00cb
0010
fee4
fef7
ffa2
ffe4
0053
ffb6
0007
0023
fed2
0089
00e8
ff03
ff93
0071
0021
ffeb
ff74
004d
fff2
ffad
ffd4
ff05
fff4
ff52
ff49
0036
000d
ff65
0075
ff44
00cf
009b
ff61
ff4d
ff55
0040
ff21
feff
fef0
ff11
000a
ff57
0098
0077
0038
ff4a
ff9e
000e
ff8d
ff8a
fe95
fe4c
fe57
ffdd
ff41
fecc
0043
000b
0061
fef6
ff7d
ff56
fe9a
feb2
ff6a
000f
ffc2
002f
ff5b
ffd1
000a
0043
ffae
ff61
006a
febd
0031
0015
fffd
ff02
ff42
ff95
ff21
fe94
004d
ff26
002d
ff4d
0019
ffcf
fe96
00f8
ff4f
ffd3
feae
ff40
004a
0079
003d
fec5
fefb
00f7
ff3e
ff8c
0054
0049
0077
fee8
ff68
00a4
0037
ff63
fefd
001d
005c
007e
ff0f
009d
fedc
fea7
fec0
0010
fea2
ff93
fea8
00f4
fffe
ffe0
ff1c
006e
ffc4
fefe
ffa7
005c
feaa
0011
005e
0050
0049
ff22
ff1c
fff4
ff03
feea
ffa5
ff1b
ffc4
fea5
00a4
fee8
ff43
ff8a
005e
ff45
0003
0057
fec4
ffda
ffe7
fe9f
006b
0043
ff6a
ff35
fea3
fffe
005c
001e
fea6
00da
feb7
fff8
ff76
0046
ff03
ffb8
ffb6
ff42
feb5
fedc
fe88
ffa3
fe98
fe96
ffae
006a
00a2
ff10
fefe
0041
0017
003d
ff25
ff8c
006c
0018
ff35
ff24
ff0a
fefd
fee4
ff7c
004e
ff20
ff24
ffb0
ff8f
fecb
004a
fff5
0076
fe9c
0068
feba
fff5
fed1
0028
00a1
0032
005f
0076
0034
0076
0021
003e
ff9c
fea1
ff4e
ff79
fff0
001e
febd
fee5
fead
fec0
0042
fed4
fec8
ff19
fed3
fef8
ff7a
ffb7
fff7
ff83
ff2c
fee8
0008
0056
007c
ffaa
0099
ffd4
ffe0
0011
ff28
0059
000b
0025
000e
ffce
ff93
001d
fefd
0060
ff89
ffdb
001e
ffd3
fffb
ffc3
ff8b
000f
ffe2
ff5a
ff2c
004e
0006
ff8d
ff15
0084
ffb0
ff33
ff94
fff9
ffcd
fecf
ff61
0015
ff97
0016
ffd6
ffbf
ff79
fed1
fed1
0022
ff46
fecc
ff7e
ffea
ff3a
ff85
ff29
005a
fefc
0089
feb5
feeb
ffab
ffa6
fff1
0073
007b
0097
ff1c
ffd3
fefe
0090
ffe5
febb
003c
0027
000f
004d
009b
ff60
ff8c
ff88
ffbd
ff7c
ffb7
fee1
ff5b
ff5d
0024
fecb
0157
fda4
fe02
0031
0030
fecb
011d
01fb
02d0
00c1
00de
0158
fff7
ffd9
0167
007e
00f5
fe2f
00ce
ffd9
007d
ffb1
0053
0046
0085
01cc
0272
011b
014e
023f
02f1
000c
0134
011c
0225
ffc7
00f6
fff2
0058
fea1
01b9
042c
0317
feac
fdb2
008f
02cd
fe75
ff47
002e
fefb
fee2
01e5
0156
ff93
ffa2
fdc8
005a
02fb
005d
fec5
0048
fec9
ff18
01c1
0173
0020
feef
febd
ffdd
01c3
000d
003f
0046
0012
00c1
0220
027b
016a
01b4
0219
febe
0271
fd41
ff7b
ff51
0026
01bb
013b
0153
029b
022c
0386
0199
0462
fe87
ff2a
ff76
fe8b
01e2
003d
0127
02b0
0267
0119
fffe
03c8
fcba
feb3
ff78
fee6
fe3e
0129
00ed
0166
019b
000b
fee2
00e7
fcbc
fe2c
fe7e
fe42
fdda
feb9
0050
0066
ff04
fd46
fdaf
fd90
ff89
fe0e
fda7
0054
007e
006c
00d5
002c
004b
fff8
0096
ff64
fe4a
fe25
ff8a
ffc2
0089
ff17
ff73
fe4a
ff3d
fe60
ff81
fdfe
fe2e
0025
029c
01c8
0065
02f9
01d2
0216
019a
0329
0108
0093
fde1
ffbd
0175
01c4
02d6
0466
04a2
0307
048b
0414
0135
ffdc
feaf
0032
01f5
008d
0335
0590
0619
0410
02be
02b4
02bd
0166
fef1
fed7
0133
0381
037f
0442
0530
046b
046f
0412
02e0
01f2
fddb
fee8
ffe2
0362
0451
0403
05b1
0264
03b6
04b6
0392
01df
fe5a
fe96
fdcf
00e8
0351
039a
035c
01aa
03ef
0427
034f
01b5
fd8f
fe9a
ff0d
ffb2
0294
02de
0266
032b
0316
03bf
0349
0188
ff03
fe6b
ffc0
005c
0160
02f1
0296
01de
023f
039d
0327
0053
fe1a
02b8
01c6
ff85
0006
0273
029c
025d
0202
0134
0240
006d
fe1b
ff94
00af
ffe4
00fa
027a
0192
0150
020a
015a
ff7c
fdac
fdfa
ff96
ff1d
fee9
016d
00c5
0081
017c
02a2
008b
fe8a
ffd1
ffcc
fd81
fcfa
fdb6
fda9
fb7c
fcf7
fdb0
0049
0169
013a
016d
fe67
faff
fb87
fe0c
fd68
fc1c
fb55
fcaf
fef9
01bc
000f
0001
ff49
f92d
fb5c
ff2c
fed2
fb80
fc65
fb75
fd21
ff4f
011a
ffcf
fd43
f9d4
fde9
007d
ff1f
fe66
fcf8
fcf9
fc6c
fdff
ff5e
002d
fcce
f991
fe73
0071
fe06
fdf8
fd7c
ff3e
ffb8
ff75
fee3
fe18
fe1f
fb3e
0209
00b7
fe96
ff00
fcc9
ffee
ff0c
fe5c
fe94
ff00
00a0
fdc2
0081
fec4
00e7
ff86
fd84
fc7e
fc8d
fbf5
fd52
ff4e
00f1
fe71
0078
ff8d
0215
ff5d
fb77
fc6e
fa69
fac3
fc6b
00c5
0240
0019
fef2
0116
00df
ff67
fbb5
fabd
fb55
fb97
fd99
fffb
032e
0273
0065
ff88
000b
fff7
fd43
fab1
fb80
fd2c
ff6a
fc40
03c2
0228
0072
0141
ffb2
ffb6
fd68
fce6
fc42
fba4
fd50
fc4d
0285
0345
00a3
025a
012f
01a0
0102
015e
ff2e
fe9d
fd0e
fe33
fcfc
fe63
fcf6
fa93
fb81
fc44
fc8e
fede
fdbb
ffea
0097
0286
fe7f
0036
ff9c
fe44
ff31
ff1c
fe2a
fd22
ff30
0092
0189
0201
feff
ff55
ffb9
00ac
ffc1
ffc1
fd9c
febf
fdcb
fde0
001b
ff45
ff37
ff5f
010b
009d
00e6
028e
ff7f
febb
fe49
fe29
00e1
ff91
004d
0021
0106
ff07
fee7
0143
004f
001a
00aa
fece
0050
ffae
02ea
ffb7
01b3
002b
fe2c
ff67
0103
0086
0151
0204
ffef
ffc1
01ff
0195
0214
ffa7
fe3d
ff33
fefd
febf
0161
ff81
ffb2
0090
03d8
010e
fffb
ff6a
fee6
00d2
fe8d
ff37
ffd2
fff8
fead
fcbe
0495
031d
016a
005e
005f
0139
ffef
00f6
00ef
ffe0
ff9e
ff42
0352
025a
011b
0305
ff31
009b
ff04
0018
ff52
008b
ffd8
ffbb
0117
0278
0026
0082
ff46
ffc4
fe29
feb5
00b2
0138
009e
ffe4
01e8
052a
03e6
030d
0253
01db
01b8
040d
0340
015a
ffd1
0382
01a1
fe5a
ffeb
00c9
00e0
00c4
ff94
ffa1
ff0c
fdf2
ffe8
ff01
fef4
ff74
ff25
00d3
0250
000a
0019
008f
00f9
ffd8
ffa8
fdb5
ff12
ffdb
00ee
01c5
00eb
ffab
021a
0316
00cd
008c
00c1
00a4
ff3d
ff7a
0043
01b1
0020
0074
01bf
025c
0167
00d9
00c2
00ea
ffd7
004b
0121
02f6
01cd
02e2
027b
0141
0064
010d
00a4
0212
005a
00a4
0080
018a
034a
031c
0258
0177
0251
0247
01f6
0146
00aa
005a
009e
0119
021d
0223
026e
03e2
0304
0382
0235
0099
00fd
ff1a
ff62
011c
0334
0351
0376
04ad
039c
0319
00a0
014d
fea2
ffc7
fe5a
01b9
01f6
03a7
0486
05b1
0622
0314
0171
004a
ff93
ff56
0037
0009
0220
034a
04ff
05f5
0550
037e
01b7
0099
0060
ff41
ff5f
ff02
00e1
00e6
02c8
02f4
04bf
039b
00d5
fe92
fffa
0036
ff12
ffba
ff92
002c
00e8
0267
02b8
019c
01c8
fdfa
0250
ff4e
ffd7
fd78
fda5
ff12
ff1c
fc6a
fe37
fe4d
008f
0114
ffde
0141
003f
0089
feb9
fead
fd0f
fc38
feac
ff4d
ff8d
00a9
01e7
0227
fe2b
feac
fecb
ff8a
fef3
fe21
fe03
fe42
ff1e
ff04
00d8
014d
fedc
fec1
005a
ff69
fe5b
fe8d
ff12
0039
ff79
ff03
0341
022a
00c5
fe49
ff77
fcac
fe52
fd3a
febb
0088
ff26
fff9
002d
0254
0008
0008
fe77
fdf5
fdcc
fc90
fe6a
0042
fea3
00a0
01d5
018d
ffa3
0069
ffab
fe23
feab
fe38
ffb6
008f
ff86
0080
0032
ffc8
fd06
fe8f
ffd0
ff03
fd23
fd88
ffe9
ffb1
0024
ff0d
feb9
fdd4
fd50
fe62
fd79
fe4a
fd98
fed8
fd50
fe82
fe55
feab
ff0b
ff65
fee5
0078
ff47
ff34
fec4
fe82
fd49
fd75
fd77
fe98
003e
0168
0169
016e
ff3d
fe7c
fd7c
fcfb
fede
fd49
fe24
00d1
010e
01ce
ffce
fedd
fd32
fe57
fddf
feab
ff3f
ffd6
0114
fffd
fe7b
fcc3
fe23
fd50
fd7f
fbcf
fd23
fef6
fe10
00c4
fda2
fec6
fd0a
0087
005d
011c
0204
02af
0212
0072
ff8b
0282
0246
ffa6
00e4
0359
0268
044d
04ef
01fc
023c
0265
036b
03bf
041a
038e
0148
0373
038f
01cd
00b0
01e1
0124
03c7
0075
ff97
010c
00fb
0283
018f
ff61
fed8
0063
ffb0
01f8
01db
0085
fe25
003e
0162
018a
02ee
00e6
02b6
0287
0162
02ed
013d
029e
001c
018a
0331
0571
0673
02fa
045c
0390
02a7
02e7
02bb
0442
01a3
00cd
0324
0512
03bc
03f6
038a
0382
0367
02b0
024a
01a5
ffb0
ffa1
016e
0301
027e
034c
0467
0312
037b
023c
03ea
0230
ffd4
001a
fec2
031d
0566
04d8
0298
03ce
0302
02da
03da
01a6
0156
002b
fff5
017c
042c
049d
0425
04d4
0322
031b
01e3
029b
01d8
fe00
fb45
015f
02e1
012c
0111
0212
01b8
0187
01b4
0132
fef7
feb8
fd87
ff59
0029
ffd4
0118
ff82
ffc8
ff5e
0068
0011
ff5f
00d2
0096
00ca
0105
ffc6
002d
ff37
ffb4
ff1e
0109
0085
ff2f
00ae
fffb
ffe3
ff65
008b
ff4f
ff4a
ffc7
0042
0006
006a
ff66
ff03
002d
fffe
0105
ff0a
ff3a
0082
0096
0107
ff58
00b6
ffc5
00be
ff71
ff82
ff94
ff0d
ffcc
00f1
0067
008f
ff96
000c
ff7c
fff9
0043
ff79
0030
ffa9
ff90
ffe0
ffcd
ffce
ff6e
ff03
ff42
00c5
00f1
0051
ffda
00d4
003c
0048
00a6
0024
ffb1
fed2
ff7b
feec
00ee
0036
0121
005c
004b
014a
ff76
ff0b
011f
0053
0068
0061
002c
00e1
ffea
0068
0033
003a
fffc
00db
ffb3
ffa9
003a
ff5c
00d3
ff77
ffc5
ffd5
ffe8
0132
00b6
0066
00e4
ff84
0034
0036
ff9a
0127
0016
ff8e
0101
005a
ff53
00d2
0055
ff66
0080
ff68
ffc6
ffb0
ff7d
00b1
ff85
003a
0011
ff62
ff3d
00c5
00b7
00d9
00f8
0040
00f5
00a2
0029
0322
0186
00d0
00c1
0036
0203
021a
0020
ff4e
fe5e
ffc1
ff4d
00d2
0198
0084
ff98
ff86
ff13
017c
0254
018d
fe3e
feb4
fff4
0014
02e7
ff7f
001a
006a
ff01
ff4e
0262
fe96
ffcc
ffb5
fede
00d5
017e
01fa
0008
0210
011f
fece
0254
fdb1
0091
00c1
ffa4
0039
00d0
00a1
00ca
ffc2
01cc
ff8f
0215
fe87
ff01
0145
0149
008a
0044
01db
0047
017b
01cb
0155
0384
ffe1
ffd8
00c8
01dd
024f
0231
022d
0168
0192
00ef
00b4
012b
00a9
01a9
fffe
0206
0254
01e5
000f
01d6
02af
01aa
ff15
01bb
01f6
01fa
0011
ffa6
02c8
01cf
00f1
036a
01b3
01aa
ff9b
024e
008a
00d4
0067
ff79
00b6
0203
02af
0364
0197
00ea
ffa5
01c4
01fd
012a
ffb0
00db
0100
030b
029d
0308
01dc
0085
fee4
019d
0018
ff6f
014d
007f
ffe4
ff95
005a
014d
00a4
00e7
01f3
00f3
00cd
00df
ffa8
ff75
000a
ff16
0067
ff85
0095
0035
fff5
004a
00cc
ff1f
ffb8
00da
007a
ffab
00e9
ff6e
0073
00ad
ffe9
00bc
0182
ff6e
ff34
ff0b
ff6d
0099
001b
0081
ffbb
ff8d
00e2
ff95
0005
012e
ff4c
fff5
ff5a
ff24
0009
ffc5
ffec
ff46
ff41
0009
00a3
009f
0018
ff93
ff2c
0003
ff6e
ff73
ff6d
0056
002f
ff77
0092
ff40
0005
ffb7
002d
0090
0052
0038
0028
0083
ff55
00d2
008e
ff74
ff81
00e4
004c
ff20
00d8
0018
00d9
ff33
00b8
0040
005c
ffff
00ba
0019
ff70
0028
009d
ffcf
ff58
ff6c
00c5
0066
014d
ff14
0020
00f5
ff6a
ff73
ff1d
ff38
0054
ffbb
00fa
ff7f
ffbc
ff89
0037
ffc4
ffc8
ff16
0018
ff07
0081
ff8f
000e
0046
00a3
0028
00f3
ffc2
00f8
ff0e
ffcd
00aa
ffd5
ffb2
ff29
ffb7
0094
ff3a
ff7b
ffa3
0058
0063
ff35
0051
0066
ff81
000b
fee2
002a
ff4c
ff99
ffe1
ff61
ff23
ff16
0047
002c
013a
008c
0075
ff6d
ff86
ffc3
00cc
ff63
ffea
0098
ffc0
00f0
00e4
0036
000a
ffc8
ff4c
002f
ffb1
ff2e
0051
012d
0004
012d
00d7
ffc5
ff93
ff1d
0004
ff56
ff5d
ff0b
ffbe
ffb1
00cf
0085
ffc1
ff0f
0087
ffc2
00aa
0063
ff84
008c
ff62
ff61
0037
ffa0
ff30
00a1
0053
00e3
ff12
0038
00de
00ed
004b
ffe2
ff6e
00c2
0075
006b
0080
fffb
ff56
ff46
005a
00d5
ff84
0056
008e
0091
00c0
ff87
ff35
0038
ffc2
004d
ffdf
0052
ffb0
00e8
ffdd
005c
00f8
ff75
0005
0034
ffbd
0007
ff59
0054
0029
ff8c
ff0f
000e
ff0d
0088
00d5
0018
ff7c
00ab
0080
00a1
ff68
ff1d
0078
007b
ff99
ff18
00c8
ff36
ffc1
ff3a
00fa
00b0
0077
ff4e
00bd
ff6f
fffe
003b
ff36
ff8f
0015
ff9d
ff47
00ec
004e
ff2d
00a7
ff81
fffe
00bd
ff1d
ff0b
fec6
0178
01fc
0176
01c2
00e6
008e
0023
ff7e
ffee
ffb7
fffd
ff15
ff6b
ffe5
01f2
019e
0099
0168
0019
0044
004b
0092
00b7
01ae
0133
000d
0083
00fd
0100
ffc1
0002
ff87
fef5
002d
01c0
029e
02ee
007b
001f
0213
00d9
ffb9
ff66
ff12
ff77
fe7b
026f
03a8
03bb
01f4
01d3
03e6
02f0
0164
ffac
ff3e
ffb0
0098
01aa
0508
04a6
027a
01b1
024e
0027
0129
00bf
fef1
ffaf
0179
0195
02aa
0341
013b
ff9e
ff1c
fe8d
ffdf
feba
fe9c
fef3
00d9
01f3
0298
01d6
0271
ffdf
fe4a
fe91
ff6f
feab
ffc3
fff4
006a
0274
01fe
01b5
000a
015b
0071
fe60
0005
00ac
0073
ffb4
ff16
00cb
0220
00b2
0089
003d
008d
0072
00db
0035
0231
00cb
00a4
005d
018f
020e
018d
0157
0116
0106
007c
0115
0151
0180
ff8f
0124
ffab
017c
014d
ff3e
005c
0111
ff7a
fffa
0147
009e
fd9f
fd6e
fe88
fff1
fece
0013
ff46
011a
00c4
0060
fe79
ff3a
0193
0061
ffba
0285
0181
00f8
0030
ff14
fee9
0031
ff6e
ffc1
ffd0
ffc5
0080
01c6
019b
fef9
fd32
fe1b
fe98
0025
00aa
01d7
018e
fc94
00dc
01a4
0087
fd65
fe70
ff42
fe3c
fffa
0020
0283
0048
fbc2
fcc4
00e3
ff74
fcea
fe88
fe82
fe34
fd30
ff4b
ffe5
011d
fc77
fda8
ff5a
fe0f
fee0
ffb9
fdff
ff1c
fdf4
007e
ffc0
fff1
fde2
0115
fee1
fe79
fc8c
fec2
fe00
fd62
fdff
ffda
011a
ffe0
fead
00f8
fede
fc63
fc4b
fe3f
fe82
fdc0
ff23
0114
0188
00b5
fe71
fff0
ffac
fe7e
fd90
fe8a
fd2a
fe86
ffb9
0132
0003
0148
ffb8
ff3d
ffa8
ff9b
ff16
fedc
ff61
ff5d
ffd7
0076
ffea
0076
0044
01d8
003f
feed
feb7
ff3f
0048
ff4d
004d
0087
004f
00a8
0103
0163
fd37
ff98
fe53
ffe6
fe7f
fe6d
ffe0
01ed
ff70
ff05
0046
01ef
00f6
0013
ff97
006b
0140
fff6
0093
008a
00ac
0034
01d0
02ef
022d
00b1
0153
0182
0107
00c1
003f
fff6
00c6
00d6
0169
02ff
0108
00b6
0212
00ce
00dd
ffe4
ff8f
011a
0017
01ef
0107
0128
007b
ffa4
011d
0129
006e
ff51
ff4c
ff47
0013
004b
ffa7
00a3
0066
fe67
ff69
fe79
fee5
0005
ff91
fed7
0021
020c
01cb
020c
0172
fe28
ff07
fe87
fee6
fd8f
fed0
ff00
ff76
0031
01b6
0212
ffa3
feb7
fe74
fd5d
fc80
fe1e
ffdb
ff4a
ffb9
014b
0027
01f6
006b
00f0
fe80
fd7a
fe78
fe17
fe8e
ff90
ff6e
ff6a
0105
0011
0067
0057
00b7
0010
fef9
fe31
fe75
ff48
002e
0031
01ab
00be
00bd
0197
0229
0020
0013
0030
004c
010f
ff8b
ff90
0095
013a
027f
011a
018c
ffce
ff75
00d2
005f
0029
004e
ff44
0005
011e
0177
00f0
012f
ffb9
011b
00ce
007e
fffa
ff97
0022
0019
ffff
fe96
fe5e
0076
ffb7
ff42
ff57
fdae
fecb
ff08
00ec
0288
0227
ffe0
00e5
fdaa
fdf3
fd38
fe14
fd34
fdb5
ffa5
0070
03e7
00fa
fe74
fe61
fcd6
fc3a
fc60
fd56
fe0a
fce3
fca5
0063
0214
fff2
fe9c
fee6
fe33
fc56
fd4e
fdc3
fead
fe23
fd15
0100
0144
fde5
fe17
fe62
ff53
fd72
fd99
ff14
fe08
fdf3
fdf9
0188
0022
fdce
fc14
fc28
fdae
fdd4
ff89
ff81
fe2b
fc01
fbc8
01b2
0016
ff46
fb47
fc7e
fe32
fdf8
fd6c
fd05
fc2e
fd92
fd49
010d
ff50
feea
fe0c
fcff
fbac
fb78
f9a1
fb18
fd0d
fd84
fd4a
007d
00d3
ff88
fea1
fe0b
fb08
f964
f8a8
fb9c
fbf8
ff33
fffc
ff9e
ff41
fffb
fee4
fce2
fcaa
fad9
fa99
fc86
fd37
fd9c
ffe8
013c
00cf
0099
ffd6
fd97
fcc1
fdb0
feb6
fc36
fda8
fd2d
fcaf
ff38
ff79
00ef
00c6
00e8
fef6
fd4c
0066
00bc
0022
ffd3
ff82
fe23
0139
007b
030e
01fe
00d0
ff82
0137
02ca
fe92
0113
0461
0007
01cd
03d2
0214
0268
0190
015a
01ec
0071
000c
00e3
0250
02a5
01ee
0586
037b
029e
01f2
0246
028d
0018
004c
fff3
011e
00a7
0139
0294
030a
010f
018b
01b6
0233
0135
011a
ff99
0059
fe01
00f7
027d
0280
00fa
ff21
001e
0096
001a
005b
ff5e
fd9c
fe11
feda
0282
0305
0229
025f
0139
ffa8
fedf
0275
018f
fdd9
fcaf
01a2
0204
02ae
02ee
033f
00c2
feb7
ffa2
01e2
01b5
fe85
0002
0265
0271
01e2
02b0
0239
01b1
0031
ff17
022d
00f6
fffc
ff48
0315
027e
0019
01a3
019e
0089
008e
ff5d
fe5e
0081
ff96
fef6
00d9
0359
015b
010b
ffb4
ffe3
ffb3
00c8
fe27
feca
ff33
fec9
00ac
00fa
0148
0193
fea2
ffaf
00af
ff79
0107
00ef
00f2
0090
0231
02e7
01eb
0264
0176
00fd
0135
0228
0300
021f
0249
02bf
f98b
0012
00fc
fe99
fe32
0007
001f
fdc0
fef2
019c
0263
011c
fe7c
000d
ffbc
0098
00d3
ffc9
0062
ffa5
ffb1
ffa7
00fe
00dd
ff33
ff10
00ee
0192
002e
fdd8
00b5
00c0
0075
012a
025c
00d8
01d4
ffd8
0145
00d5
0201
00fb
011e
004e
ffaf
0049
0231
0293
037e
009c
014c
0235
0190
fff6
002f
00ab
016f
0143
0222
0427
0485
001f
0122
01e7
00a5
0077
0287
014b
027a
0096
021b
021e
050f
0000
ff09
0111
ff2d
009d
0270
021d
0396
02de
0240
0161
05e9
017d
00d0
0121
00ef
019c
0188
033c
035e
01ad
025b
0004
0479
02ac
0229
009d
02d8
016d
01cd
0108
0218
00f2
0201
005b
025d
01d3
0137
01c6
01a4
0202
000c
ffa5
ff08
febb
0070
ffd4
fee4
fdff
ff79
fe2c
0109
fffa
fd34
fbfb
fb25
fe1c
fe5f
fe84
fca2
ff1a
010d
021e
feac
fc55
fbc6
fbc3
fcd9
fc89
fe55
fd17
00aa
00b4
ff8c
fe46
fd37
fcc7
fd60
fda5
fe79
ffd3
fff5
0116
ff06
0149
fddd
0034
ff52
fdd0
fe4d
fd5b
fe6f
ffac
016b
00bd
0030
028e
0070
0025
ff58
fc45
fc8a
ffb3
ff1b
ff2a
ffa1
ffe0
ff29
fff5
fffc
ff11
fd2b
fe54
fe25
0096
00e9
0152
0130
ff34
0010
003d
00c1
004e
004f
ff00
00b2
004d
0235
01b3
01b6
0286
0210
fea0
fdbe
ff7c
0050
01a9
024c
0344
026a
01e7
026e
01b0
02da
0119
fe7d
ffd5
005f
026d
023b
0403
0308
02b8
02c0
01cf
01c7
0300
0359
fd71
fed3
fee5
014f
026c
0173
004f
0128
01e8
010d
02a6
034d
002b
ffd3
fec1
021d
00a8
0151
fefa
0165
0186
ff32
ffc7
ffd5
0110
fffc
0088
0257
0410
0153
ffcf
0048
fd77
00d0
ff2b
0047
fff1
fff3
0249
0102
0196
ffe3
fefc
fe72
0041
ff5c
ff7c
011a
ffb4
ffac
fe1f
fe57
ff22
fcb3
fee4
ff87
00c1
00d5
ffe6
002e
fdfb
007e
018a
0165
fec1
fe63
fe8f
fe28
fe96
fd83
ffc1
ff32
fe2e
00cf
0223
0347
01cf
026b
0115
ff37
ff7a
0078
fe24
0319
0304
058c
03a5
02ba
03a5
0230
021e
0065
ff6f
fdac
01b7
0247
0124
0757
04c8
0361
04ac
037e
031a
01e7
ffe1
fedc
02a1
03ab
0304
021c
024b
00c5
022c
0361
0311
ff91
fee9
fffa
ff9a
04ad
0355
0085
007c
0119
00e1
0438
01c1
ff9f
0151
ffca
ffa0
0130
011a
feb0
fefe
ffb3
fe29
025f
0036
fe76
0146
ff32
0036
0060
fe07
fdf3
fd52
fcde
fd27
0128
ff9e
fe2a
0020
ff42
028a
0070
fc8f
fbd9
fdb6
fc95
fbb5
ffc2
fd22
fda6
0011
ff16
00dc
fe4f
facc
fab0
fe9b
ffff
fd59
ffa4
fd2a
00b7
007d
ff6b
02ea
fe6b
fb49
fbf6
fc64
01f4
0229
0090
0098
0264
0027
ffcc
059c
fbd1
fb43
fdd5
ff37
0144
0099
040c
01a4
0153
ff21
01c7
0097
0177
0236
020d
0369
04a8
039b
0268
012d
fe30
ffef
fcfa
020f
ff22
0080
02b3
0467
02cb
0427
032a
02dc
00ad
fffa
fe62
021c
0240
025f
0303
0405
04e8
03d7
03c4
02c4
0093
020a
ff3b
0427
0322
0357
024c
00f1
0160
0386
020b
0057
fca7
0107
0187
044f
021c
0071
0195
fcf2
ffb3
ffd7
ffc9
fcc9
fd04
ff76
0285
03ae
004d
02c9
ff8d
fcad
fc80
fcf4
fc6e
fdc8
fcff
ff24
0161
00c0
ff74
fd88
fcc9
fb5d
fab2
fac6
fcb0
fe04
fcb6
fe8e
0049
fecd
fe26
fce0
fb90
fbad
fc5d
fd91
fdf6
fe50
fd5c
00b8
0149
fe68
fdae
fc7b
fccb
fc90
fe84
fef6
fe55
fedf
ff93
025e
0145
fffa
fcd4
fcfb
fe43
ff5f
0050
01c5
01d3
028e
021f
0242
0224
015b
ff6e
fede
ff0d
00f2
0335
02e6
036b
0361
0265
024a
0098
fd69
fb2f
fe3c
00da
022c
00f5
039a
03c8
0469
00fd
0050
fe3c
0267
ffac
ff8f
0055
ffe2
ff63
00bc
ffae
00a0
0023
00d8
003a
ffd3
fdc1
fe80
ff33
0091
ff71
ff43
fe48
fe34
fe31
ffef
fe80
0198
fe5f
fca8
fcbb
fe9e
0162
ff96
ff54
ff37
ff55
fd91
fe4e
fde9
fd26
fd53
fd6d
00a7
0090
ff9d
ffb7
ff62
0001
fe85
01c3
fe1d
fec2
fe0b
ff68
0021
008c
012e
0193
00af
ff83
007e
0341
fccb
fe43
fecb
ff7c
ffae
ff94
ffbc
021f
0226
0242
00ea
032b
fdb1
fd90
ffe0
ff5f
ff56
ffb3
fe2c
ff2d
00eb
00a4
011a
0149
fe8f
fdde
ff4c
0163
febe
fe02
fca0
fdef
ffcb
00cb
fff8
ff4a
00e2
fd96
fe2c
ffad
feaa
fcd1
fc34
fb54
fd80
ff44
ff04
fd9a
fea7
ff24
001a
febe
0086
fd69
fda8
fc4c
fbb6
fde5
fe4f
fd67
002c
ffc2
0040
005c
fed2
fb4b
fa6d
faaf
fcf4
fd5a
fdd9
fe2a
ffe0
ff94
02a6
0177
00c3
fe01
fdec
fedd
ff39
ff47
feba
006f
017b
019a
00c7
fe08
fd78
fe2e
fdd1
ffd2
ff00
fe9e
0225
021f
00cd
fd3c
fd4a
ff58
fe13
ff84
000e
007c
fa40
faa8
0162
ffc6
01d8
fedb
0049
0067
0007
ff94
ff30
008b
ff3c
fba6
ff52
ff97
ffe9
ff8a
001f
ffd4
ffe7
ffcf
00d1
ffe7
00b5
fe13
0017
ff34
0157
ffc0
fe53
ff7f
000c
00c7
ffbd
00d1
0089
fdae
fec2
0048
ff58
fdaf
fcf7
fe9b
fe61
fd9e
fe8d
fe72
0009
fe1d
fefa
01cb
fdb0
fc10
fd35
fe0c
00d0
fd81
fd9f
ff40
ff85
fcad
fd20
0124
fd52
fd54
fe24
013a
012f
0044
ffd8
ffae
fe88
fcf4
fdd5
00c6
fea6
00cb
01e4
0056
00c6
010c
feb0
00b9
fd67
fc8f
fed9
002b
01c1
00f5
0282
0297
007f
00a0
fdb6
fdfa
fe29
fe1d
ff1b
009e
02ae
0347
039f
01e0
0124
fee8
fea3
fdc5
fda3
fe3d
fe91
007c
0325
0005
003f
ff99
fee0
fe11
fe1c
fe45
fe36
fe81
ffac
ff46
fdf6
031e
0273
0170
0363
00af
0143
ffb1
ff7c
fff0
00a5
ffbe
ff0e
ff1d
00a8
0297
0267
0092
010a
ff45
0106
fee5
ffd4
fe88
ff84
fd42
0093
000f
02de
00d7
037e
00e7
0042
00aa
fef6
fd66
fd35
fd5c
005b
0378
04a3
03ee
02a2
021b
0267
005a
fefa
ff3e
0058
026b
0221
0159
006e
fe7d
fe9f
0056
0052
004d
fb67
fe7c
03ab
0469
ff8b
0116
ff69
0059
ff75
00c4
00e3
ffad
fd6c
fda8
0221
fe75
ffcb
0274
002a
01ee
01c4
ffdb
0034
ffff
fdbc
fca5
fe8a
ff00
01ee
0388
ff93
ff23
0113
fdba
fc59
fdda
fd51
feb8
0001
fcd1
ffee
0080
fef1
fe2b
fc17
fae5
fb6f
fded
fbc1
fe8c
fdaf
006e
ff12
ffbc
fdcb
fdc2
faa3
f9a7
fded
fdb3
ff67
00f5
ff44
fe69
fcfe
fcae
ff10
ff41
fdc0
fe91
fdba
011b
0130
015b
fede
010d
0040
fe90
fc6d
fdb4
fd9e
ff8a
feeb
fe81
00d2
021d
fefa
fe96
ff69
ff30
ff5c
ffeb
ff6b
ffe0
000a
ff34
00b2
ff9b
009d
ff19
001d
ffac
001e
0056
005e
00c5
ff73
ff10
0080
ff3b
ffec
0055
ff8e
fef0
0089
0001
ffdf
009d
0009
0031
feeb
ff95
ffa8
005c
ffec
ffa2
ffed
ff87
0039
ffad
0055
ff35
003b
ff79
ff34
0096
004b
0045
00cf
002a
fea1
fef6
0002
ffb4
fed8
ffc9
0032
ffbd
00b1
000d
0011
ff50
ff33
0032
0030
ff7e
ff2f
00ed
0045
fee8
ff9e
ffd7
004b
feed
fe78
0038
feba
ffb2
fff2
ff31
00b5
0075
0083
0003
ff6b
fef7
0019
fefb
006f
fea3
ffb7
ff99
fede
0017
fff5
ff2a
ffc0
0068
0007
ffd5
ff65
fe9d
febf
ffda
00a1
ffcd
feea
ffb9
fee7
ff03
ffba
ff01
0077
ffad
fee2
00de
ff2b
ff9c
00aa
ffc1
fffd
ff64
fefc
ff32
ff26
ffa7
008b
fe7f
ff0a
005b
fef4
ff1d
ff45
007a
ff90
004f
009c
0085
0043
0025
fdc7
ffe2
0054
0028
003e
0069
0079
01a2
0163
01e6
023d
00a5
ffdd
0243
01c9
02e2
02bc
0275
00e5
0038
0074
ffb7
02f4
017c
01de
0272
0184
0149
033b
0001
0073
fdb4
fcec
feb7
00ae
0305
02d7
001f
ffe7
fe41
fe50
fe31
fbc2
fc8a
feba
feb4
fff6
025d
fdf3
fce9
fd93
fce1
fbc7
fcdc
fe34
fd49
ff44
0244
034d
03b5
fc58
fbe1
fa62
fd3f
fbab
fdf6
fc62
fda3
ff3b
0156
0202
037f
fc3a
fc54
fb9c
fb49
fd0e
fd87
fe92
ff88
0055
ffdb
021b
02e6
02b2
01d7
ff99
febe
000e
01fb
005e
0006
ff96
00f7
0238
0292
0133
022f
028a
0316
0277
028b
013c
01d3
00d6
022d
02d0
01a9
0355
01e1
014b
01ce
00fa
0235
02c3
02ad
0336
01e2
012c
ff4b
00bd
03e0
02aa
01ab
0032
ffa6
01e8
02a0
0330
00d5
00e1
ffe6
ff0e
ff87
0126
0034
fe0b
fe49
fe20
ff56
01c1
015f
fee6
feec
ff7c
ff1d
ffb5
ffb4
ff1d
ffdf
fffb
00cb
ff9a
fed0
ff86
0043
008e
ff92
ff93
00a4
00ad
0067
0066
fed5
fef9
ff4b
ffe9
ffac
00d7
ff6a
00d0
00e5
000b
0012
0018
00a3
0113
008a
0024
ffcd
00a0
ffd0
013c
0010
004c
0057
0067
ff5c
ffda
003c
00b8
ff8d
00ea
012c
00b1
008f
ff92
ffec
008d
010e
ff53
ff6d
00c9
ffc6
0041
004a
ffff
00ac
0056
00e2
011d
0137
0017
ffa5
00c1
ffdc
010a
0122
ffaf
0141
010f
0055
fec9
0062
00ca
00ce
00f9
ff81
0105
fffe
0062
0066
ffcd
0089
012e
ff78
ffcd
ffb4
0028
ffb0
fff2
ff71
0047
ff13
ff89
0003
0125
0029
0022
fed4
ff70
ff8d
00b3
ff58
ffe2
ff4a
00ee
ffa7
0046
0071
ff7c
0044
ff5b
003c
ffb6
010a
ff90
ff39
ff83
0013
ff7a
0093
0108
fffd
009f
ff36
ff6f
ffad
000a
feed
feca
0047
0081
ff94
00c8
008e
ff71
0071
0004
0044
0118
0038
ffc4
001b
002b
ff75
0059
ff80
0029
ffc9
0009
003c
00fa
ff92
ffcf
ff7f
006f
ff9a
fed8
00d2
0018
00aa
00b2
fef4
ff4a
ff19
ffda
007b
ff92
0076
00f7
0029
ff4d
fefc
005b
ffb4
001a
00b2
00c7
ff52
0072
0000
ffc8
ffac
00e2
0110
ff9e
ff7e
ffee
ffa6
ff76
0088
0033
0017
00ce
012e
ff6b
ffed
ffe3
fff4
0038
0117
0112
ffee
ffcd
fffb
008e
00b8
00d2
0125
ff9f
00fd
0081
fff5
003f
00f9
00af
0074
011e
013a
0068
fec9
ffdb
00cc
ff52
ffe8
fee6
ffe3
00d1
006e
ff9c
fffe
00c7
fee2
00b8
0102
00ab
ffb6
ff32
ff09
fec0
00ff
fec3
ffdf
ff83
fff6
0037
ff9c
00b4
0031
0111
0136
0098
012a
ff44
fec4
0086
ff8b
ffb0
fee9
ff50
00a6
0038
005b
ff49
fefb
0034
ff86
ffbe
ffb9
ffe3
ffda
0004
ff80
0000
00e0
fef0
0106
ffe7
ff59
0044
ffe0
01b7
0039
011d
0178
01c4
003d
00fc
004a
0119
00e4
ff48
fff8
fea4
ff7c
00c5
0135
0075
00bf
005d
007e
0066
ffbf
009a
004c
007f
fdba
ffa1
0188
021f
011b
0030
0048
ffe3
0153
02bd
0139
02a0
ffbe
03e5
020a
0273
0250
0115
0182
00da
0306
03ab
039c
018c
036a
0635
02ba
01b4
018c
023e
018b
035b
039a
04ee
0447
018b
0301
03b4
0471
ffa6
ffb2
001f
0055
0166
00d6
03a7
013f
0130
010f
fe06
ff66
fe14
fcce
fc61
fc44
fb5f
fca6
fd7d
ff30
fd9c
fd8e
fb55
f90d
fa6a
f9f3
fc51
f9c0
f85e
fa6f
fbac
fd4d
fcfa
fde5
fa68
fa66
f792
f899
f9bc
fade
f92a
fa1d
fbdc
fe00
fccb
ff29
fc53
fb57
fc84
fb85
fc4d
fd02
fdb0
fe6f
0219
03ae
0015
ffd4
ff97
00cd
0015
013a
0169
0250
01cb
02a8
0253
0408
fece
001a
003b
01b6
0181
fe1c
febb
0005
ff7c
0076
ff8c
0274
007e
0125
02a1
01b3
0207
fe12
fd7e
fe19
0137
ffd4
fec4
00b5
0182
0419
0237
01c9
01d4
009b
ffd3
ff0b
0078
0024
022d
ffb7
01fc
033d
039d
0189
0281
fe84
00c1
ffaa
00c3
008c
02b8
0227
0374
0462
02db
0365
02c7
ff9a
0006
0063
029a
0307
0356
0342
fbcd
ff71
ff7a
023a
ffb9
ff07
ffbd
ff39
0177
03d6
04cd
0553
fb30
fe0d
fe38
ff04
fe8a
fdcb
ff96
00a0
0220
03a1
0408
03e4
ff94
022c
01c8
00f3
0317
0130
01d0
0208
02eb
0542
0512
0413
fed0
0480
041f
0760
068c
0490
04fb
03a4
035b
055e
04b8
028d
ff36
0204
04ae
0730
088b
052e
05fb
0417
05af
05b4
03ea
02f8
feb0
02b2
04ab
039f
04cd
0549
03e5
0489
0594
064d
0392
0014
ff18
005e
0225
ff95
0080
00be
00b0
0130
0109
0224
001d
ff49
fd29
fe5f
0178
00ee
fd92
fe5e
feaf
fde7
fd97
0025
fff2
fd40
0243
0234
014b
02a5
0297
00fd
0126
00d7
ff15
ff38
ff7d
ff8f
01eb
ffbb
0069
01e4
0201
0204
00a9
ffe8
ff97
0107
0013
ffae
ff69
fe9a
0044
0144
0177
0091
005e
01ab
019c
0180
0164
0056
0175
0056
0199
ffd7
00ac
017e
012d
0085
0077
003b
008e
000f
0362
0275
00ec
005b
fe2c
fe3e
fe82
fe96
fe91
fed2
fe9b
fe3e
0202
039a
ffcc
fe34
fe46
ff3c
001b
0090
000e
ff35
ff37
fee7
ff83
ff47
feab
fe12
feb7
001d
0086
ff1c
006b
fff5
0049
ff26
fec2
fc6f
fcaa
fd8b
fd25
ffd8
ff7b
00b3
fff1
0203
0208
00d6
fda8
fbc8
fdeb
ffd1
fd50
ff5f
00bc
00f8
00b2
00e6
01fc
016f
ff33
fe55
ff28
ff30
0138
015c
01c9
0064
0024
020e
01c2
014f
ff32
fe5a
ff20
002e
017c
019d
0213
0087
01fb
00ea
01c8
0090
ff8c
0041
ff03
0094
017d
0151
004f
004e
0210
01df
00b6
00ad
ffec
00a2
0282
0212
00d1
ff38
fde3
0193
0068
fe65
0004
02d8
fe45
0124
0168
008d
000f
ffc4
fe31
003e
ff86
0007
00a9
0031
fed9
01a8
ffcb
fe42
fda8
ffb3
002c
012d
0217
00bb
009c
fea7
009e
0117
ff93
018d
023f
012d
0062
0272
01ff
01be
01df
01c4
0113
fc56
fdda
018f
ffa2
0144
0176
00f7
0061
00d1
0035
0040
fed9
f817
f9b8
fc83
fc3c
fe91
ff64
ffe0
ffa5
ffb0
ff90
ff9b
fc8e
fc12
fdae
fd8b
fc33
fd24
fece
002b
ff92
fe58
fdf8
0044
fc23
ffa2
017e
01a8
0053
fe2f
021f
0010
fcdc
fd7b
fe13
ffc3
fc0d
fdb7
019c
00d2
01c7
03ee
02c1
005f
ff75
fcdd
ffcc
ff73
fc97
ff19
01fd
014e
01bc
049a
042c
02ce
ff4e
fdbd
0004
0006
fcde
fea8
0101
0125
00d5
0232
0366
0045
feef
feee
00d0
0031
0044
ffab
0471
0055
ff4e
feec
feb1
fd18
0133
002f
00ff
fe8e
fef6
00c8
ffe2
0090
011c
0311
0227
fdde
feb0
fcc3
ff35
0070
ff4c
ffd0
ff5a
00c2
01b3
01c2
0191
ffe0
ffc9
ff33
0086
01a4
050a
0227
01ae
03a7
02df
01e5
fff7
00e8
ff04
fe4f
01fe
0179
0334
0180
0086
01ab
ffee
ff25
ffe1
ffad
fe08
fbe3
fe6b
0095
0060
00e1
02ff
009b
fdd5
fe61
fedc
ff5d
ff9f
fdae
ff2a
0180
0038
00e0
00cc
ff32
ff50
fc26
fe4f
ffc4
ff32
fde4
fe4e
00a9
fe4d
ff0e
fc0b
fd99
fff6
fc5b
ff5d
ff26
fdcb
fec6
feee
01ec
fe9c
fefb
fd17
fba9
fda7
fd72
fdf6
fef7
feb1
ff25
001b
02f8
fe56
fcf8
fbd5
fdc6
fe35
fdba
fda2
fe64
fd97
fd0f
ff77
01cd
fc94
fcc4
fddf
fb58
fde7
feec
fe3c
0024
ffd3
fe25
ff91
00f2
025b
003c
0133
fcdf
fdb3
fecf
0021
000e
0028
ff88
00ff
009d
0353
007b
ff3a
fdae
fae7
fe20
0089
031f
ffde
0084
ff8b
0333
03e1
00dd
ffbc
0095
00d5
ff19
0025
ff36
ffd4
004d
ff2d
ff0a
fffd
ffb6
ff47
0018
0047
0024
0023
004a
ff07
00a2
ff98
0073
fea9
fefe
0020
0040
ffcc
ff4f
ff88
00ae
0076
004b
0026
ffd0
001e
003f
ff8d
feb8
ff4c
ff9c
fea6
ff75
febd
ffea
00e1
0029
ffc8
fef9
0031
ff85
ffeb
003d
ff4c
ffa9
ff5e
ff02
ff14
0029
ffa7
006b
007b
0082
fff9
ffb6
007d
0032
0051
feba
fef4
ff16
0013
00c9
ffd0
ffe1
ffaf
fec4
ff54
007c
005b
ff9a
ff05
ff98
fee1
0071
0071
ffc3
ffa0
ff98
ff13
ff0f
ffb6
0021
0010
fed9
0047
ffcb
ff4e
ffe5
0018
ff2a
0046
0020
feb7
fed1
ff4f
fed5
005e
ff5f
ffe5
ff53
ff6b
ffc1
0078
0018
ff68
0082
0063
fed8
ff13
ffc3
ff0c
ffab
fedf
ffe5
feb7
ff30
ff50
ffd5
ff62
ff7a
fea1
ffd2
feef
ff43
fee3
fed0
fecf
ff92
ff97
0030
ff7c
ff27
004d
001a
ff07
007e
fed4
0044
fff4
008a
ffb0
ff89
fee3
0088
ff2c
ff6f
ffa1
008b
0080
ff36
ffa5
00cd
00ed
ff14
ff54
0042
ffdb
ff4f
ffb7
ff9d
ff47
ff93
ff94
fed4
febc
fff0
ffc7
feea
ffac
0042
0073
ff5c
fea4
0003
ff9d
ff0b
febc
ff3a
005d
ff08
ff37
ff13
0083
ffbe
ffc8
ff6a
ffed
ff87
ffa3
0003
feba
fed4
ffc3
ffd7
ff92
001c
ff0b
ff26
febe
004c
0075
feaa
ff28
0027
ffae
0089
ffd0
ffa5
003e
ff40
002e
feb5
fef5
ff05
ff13
000e
ff3c
ff52
fefe
ff4f
ffa6
0009
fefe
ffc5
ffd9
0015
ff8d
ffab
ff42
ff87
ff58
ff8b
ffd3
ff99
006f
0020
001f
ff3c
003c
0013
007c
fead
ff58
fea0
0028
fea4
fece
0026
fea4
004a
ffb1
ff10
0025
0020
fed5
ff2a
0065
ffa3
ff01
0025
feca
febe
fee8
008e
0021
ffdb
0020
ffea
fed3
ff67
ff93
0075
0073
0054
ff5f
feb4
0086
0020
0066
003a
ffd1
ff05
ffac
007e
008d
fecc
ff3f
0069
ffc9
0052
002e
ffea
ff6e
fef8
feb5
ff25
ff9d
ff96
0022
0032
ffd8
0084
fff8
ffe8
ffa5
ff9d
ff95
fed4
004b
ff8a
ff82
ff75
0026
ff7e
00de
fea9
ff16
008e
006a
ffc7
fed2
000c
ff09
ff66
ffcd
003b
0006
ffe7
0009
ffcf
fec6
0063
ff17
ffdc
fef0
001f
001c
ff2d
ff5c
feaf
ff5b
feee
0002
ff93
0090
ffa8
ff0b
fea8
ff87
fea7
ff2e
ffaa
ffc1
ffec
feb0
ffd4
ff54
008e
fea2
001f
ff22
fe9d
ff4c
ff8b
ff6a
fff2
004f
ff97
ffa5
ff11
ffb0
ffe4
0084
ff8d
fff3
00c9
fff9
fed8
fed0
fff9
fff8
008b
ff15
fea7
fff3
0086
fff2
ffd6
ff35
ffc9
fed3
000b
ff0f
feec
ff34
0050
ff6f
ff12
ff88
ffe2
feec
ff63
ff66
ff0d
004e
ff1c
ff6b
0042
00c3
ffa7
ffa1
004b
ff15
ff24
ff2a
febc
feed
ff6e
febb
ffd5
0036
ff25
005b
0065
0077
fef7
feb6
fef5
ff9e
ff9b
ff01
008c
ffe4
feac
009e
0021
ff9e
ff10
ffaf
ff77
ff0e
ff39
fef2
ff69
00cd
0015
002f
ff94
002e
ffc3
ff81
006d
0047
0066
fee2
ff67
ff91
00b5
ff11
ffed
002c
ff99
0066
0047
ff19
ff0e
0072
ff5a
fecc
ff30
ffaf
ff61
ffa7
ff6a
0067
ff29
00e5
ffb7
ff1d
002c
fff1
feae
ff78
fff4
fff3
ff9f
0000
ff40
00e2
0085
ffea
ff96
0014
ff0c
ff43
ff56
ffb3
0086
ff7b
ff47
ffa9
ff18
00da
007e
007a
ff8c
0069
fffc
ff77
ff1d
00ae
0053
ff99
001b
0091
00e3
ffd9
ff32
ff38
ffd0
fff8
004d
feb1
0021
ff33
fe9e
ff57
00b6
ff15
0016
ff18
00c1
ffe7
ff5b
ffd9
ff90
feb5
0055
0032
00cc
00e9
ff37
ff5e
ff1a
ff84
0068
ff13
ff43
ff99
002d
00dc
ff74
ffb0
feb6
fff8
ff24
0064
0040
fff7
009b
fffd
00c8
ff55
000f
00d8
0042
0034
ff3a
ff52
fee5
0099
fff9
00f6
0042
0089
ff6c
feb1
fffa
feef
ff96
fec2
0021
000f
00ea
008c
007d
feb6
fea9
ff85
fea4
0000
ffdc
0065
fede
ff44
fedc
ff0c
ffe9
00ae
ffaa
ffb7
ffd0
ff76
fff6
ff3b
000b
fec5
ffe8
fef5
0011
fff4
ff32
ff85
fffc
ff51
ffb2
feb4
0083
0063
ffb7
ff8f
0046
fef9
ffc9
ff44
0051
fefe
ff78
ff64
fff5
ffa0
fedb
001c
ffd7
0036
fea9
fea7
ff24
fef3
ff5f
ff15
feda
ff04
fed7
ff3c
ff29
ff2d
ffc3
ff83
006d
ff77
0023
ffff
ffec
fffc
001b
fee2
ff95
feb5
ff3a
0011
fed4
0009
0018
0067
ffe0
ff88
ff46
008c
ff9a
fef6
fe9f
fecb
ff71
0022
ff69
ff02
ffb3
ff73
ff6f
ffcc
ff13
ff7e
004a
0052
fee2
007f
ffd2
005a
fec8
0026
ff9c
0076
ff9c
002a
008e
fed4
ffcf
0008
ff8a
fff2
feae
ff42
ffa8
0058
ffe0
001f
fea7
001f
002d
ff60
ff5f
ffb0
ff6f
0058
0004
ff0b
009f
0052
0019
0041
00dc
fff9
0070
ffe0
ff5c
ff5f
ff18
ffc1
002c
ff1c
ff7d
0012
0096
00da
0032
00e5
0070
002c
0024
ff34
ffa2
0047
00af
0004
005e
ff92
ff49
ff72
ff80
fff0
0090
006a
0002
ffb9
001e
00e2
00d9
0063
00a2
0062
ff78
ff99
0037
ff26
ff3a
ffcb
ff73
ff81
0038
ffdb
ff5d
00b7
0087
ff7d
0061
007a
00f9
ffce
ff6a
0018
ff32
008a
ffc7
ff96
ff4a
ff9e
0028
009b
008b
00cf
00ce
ff11
ffa0
fff6
ff84
0040
ff63
ff93
ff32
ff3c
fffc
ff20
ffbe
000f
008f
ffb2
ff0d
ff9f
ff99
ffe1
0038
ff8a
ff29
ff5d
00e2
ffa3
ffb4
ff0d
ff31
ffa0
0006
0075
00d6
ff50
0098
ff4a
fffe
ff34
0047
ffbc
ff21
0061
0034
ffbc
ff1b
008a
ff98
fffc
00e1
ff2c
0078
009b
002a
0065
ff55
0069
001d
00be
00a6
ff98
ff28
ffdd
00c5
00bf
00e3
00db
ffa0
ff35
0047
ff50
00bc
00e9
00f6
003a
ff17
ffa2
00ee
ffc0
ff70
ff90
ffa9
ffa6
ff91
ffaa
ff60
ffeb
ff91
00d8
00ad
00c1
0091
009e
ffc3
0097
00a1
ff82
002f
0039
00ab
ffb8
0024
ff53
ff88
001a
ff72
0033
fff5
00aa
0023
ff0d
ff5b
ff85
00d4
ff70
ffe7
ffb6
0002
00f0
0013
0022
ffb0
0051
fffc
000e
ff07
0032
ff06
0080
ff27
00f9
ffae
009d
00e4
007c
001b
004a
001a
ffd2
ff4d
00a4
fffb
009f
0028
ffff
000e
ffbe
ff0b
ff79
ffa8
005c
ff80
fffa
ffd9
ffa7
0018
ffa4
ffef
000c
ff4c
ff52
0046
ffec
0051
0071
00f5
00eb
0006
ff95
ff1c
ffb0
0060
ff2e
00e1
00ee
ff7e
009f
00c3
ffb0
0062
001b
00b9
0033
00ad
ff19
ff3b
005d
ffbe
0053
ffad
ffb7
ff12
0088
ff75
004d
ff50
00d9
ff40
007e
ff5e
ff2a
0021
ff9d
ffa1
0091
0045
ff18
0063
ffda
ffcc
ff97
ff9c
00c2
0089
00aa
0075
ffb5
0099
ff19
00e0
0037
0028
ff2d
ff90
009f
0007
ff25
00ef
ff70
00bd
0066
00f0
0027
0020
0036
00c1
ff5e
ff84
ff43
fffd
ffcc
009f
00be
ff48
ff47
ffe8
ffc0
00a2
ff2b
00ca
ffce
ff11
ff71
ffed
0070
ffbe
00d6
ff41
ff1a
0093
0079
ff06
009d
002b
ffb7
ff30
00b7
ffe2
0071
ff88
0014
007a
00f7
ff82
ff55
ff41
ff57
ffdc
0014
ff87
ff66
ff7d
ffb2
ffd6
0067
002e
0009
ffc1
0045
0072
00ba
ff49
000c
0094
ff56
ff82
ff85
ffa8
ff6f
ff7c
00cc
0063
007c
ffd4
ff84
fffc
ffa3
ff0f
ff76
006c
ffba
0088
ff75
003a
0018
ff6c
ffbb
008c
0027
ffdb
0064
ff49
0058
ffbc
0068
00b3
ff88
0013
00ee
ff79
ffb3
00a4
ff8e
00e9
ff2c
ffe4
ff9e
0009
0008
ff20
ff53
ffb5
00ac
ff08
0055
ff9f
002c
ff90
008d
00b2
00d7
ff42
0013
ff20
fefd
feef
ffb3
ffe3
ffe6
004c
feaf
0002
feb8
ff9e
002e
008c
ff26
0088
ffeb
ffd3
ff9c
ff83
0022
ff8e
feab
ffc4
ff05
ffd5
ff41
fef6
ff24
ff8a
ffba
0015
feda
ffb0
ffd4
fec7
ffaf
ffb1
006f
ffdd
febc
001b
ff4f
ff24
fee4
0091
0076
fff9
fecc
ffed
fedd
ffe8
ff50
0037
000c
ff6a
ffbc
ff53
0031
ffa0
0084
fee8
ffc9
fedb
ff66
0074
0021
ff78
ff74
ff39
ff92
ffc2
0087
fef4
ff8e
ff85
ff00
002f
ffa1
fee9
fff4
005b
ff92
ffd3
feaf
ffb1
fed8
ff90
ff06
0054
008b
ff16
0074
ff53
ff82
0067
ffbf
feec
ffba
ff46
ff5d
ff40
ff5b
ffbe
fef6
004a
ff07
ff38
003f
ffe0
ff10
ffc7
ff53
0071
fefb
ff92
ffb6
fecc
ff71
fffe
0010
ff74
ff22
006e
fef5
ff45
ffc7
0018
fedf
0011
ffa1
0041
0064
feb9
0074
001e
0025
ff96
0074
003f
fe9f
ff9b
ffdd
000b
009e
ff7c
ff91
00ea
00b3
ffca
ffe5
0024
ffed
0041
004b
00ba
0042
ffa3
ffdf
ff99
ff21
00a3
ff68
ff88
ffbe
ffef
ffa4
ff77
0003
0003
ff24
ff66
007b
00f1
ffd2
00a1
009c
ffee
ffbb
ff5d
ffba
ff1c
ffad
ff29
ffec
ff2f
0082
00d7
006e
004b
0011
00d3
005d
ffe5
ffe1
ff46
0037
ff14
ff0f
ff5a
006d
ff10
0087
ffdd
ffcd
ff70
ffce
ff38
ff7a
0059
ff47
ff08
ff47
ff46
ffc1
ffbd
ff6b
007c
ff48
009f
0012
0096
00aa
005c
ff78
ff84
0081
008f
00d7
0058
00d8
ffc0
ffc9
00cb
00af
006b
ff46
ff46
ff1b
ffbb
00f8
ff42
0052
ffd4
ffd0
00c9
0021
ff73
ff25
0071
00f4
002a
ffcc
00f4
ffe3
0005
ff8d
ffc2
000b
ffc7
ffa5
0068
ff4e
005b
0094
006c
003b
00a0
00d5
ff97
ff84
007c
0058
00d3
ff52
ffc5
ff33
ffe7
0041
00d4
ffa8
005d
ffd2
0057
008b
ff15
006a
00c8
00e3
ff6d
ff70
003c
005e
00dd
00b8
0089
00f0
00da
0042
003a
ffb5
00b1
0094
ff9e
0013
0063
002d
008d
0000
000b
005a
007a
00b9
002b
ffcb
0070
00d7
003f
ff53
ffe9
ff72
00f8
00d0
008f
00c1
ff34
00e1
ff62
ffb6
0071
009d
00e7
00b8
ffd9
ff70
ff32
0010
0065
ff33
0059
ff7a
ff3d
ffd1
00ee
ff2f
ff51
ffd3
ff0e
ffad
00e6
00d7
ff3d
0007
ff2a
000c
00b7
0059
ff2d
ff7d
00ab
ffcc
0060
00d4
006f
0050
ff7f
ff67
0048
0037
ff5f
ff50
0073
ff4d
ff39
0080
ff24
002e
00b7
ffc7
000b
ff57
004b
ffc4
ff64
0073
001f
ff4d
0063
00b4
fffa
006f
ffa9
0058
ff85
009c
ff9c
000c
ff7b
ff87
0089
00d7
ff07
ff39
00f5
000e
00f6
ff47
0098
ff81
0091
ff4b
ffb7
ff39
ff7d
00ed
ff89
0037
00b5
ff3a
00eb
00b8
0038
ff4a
0059
ffe5
00c1
ff4d
0013
ff47
ff54
ff61
fea7
ffb3
ff7b
ffc9
0083
ff15
0061
ffa9
ff75
ff8e
ff9c
002c
ff2b
ff94
ffb1
fec1
ffb8
ffbc
ff8b
0083
fefa
0009
ffce
0015
ffd2
ffdf
005c
00c3
ff77
feff
fed5
0081
ff4d
feca
0070
005b
ff6e
0041
ffb3
ff13
002f
ff11
ff5d
ff8e
febe
fff3
fea2
ff52
00eb
ff7c
00ac
ff34
ffec
ff7c
ffef
ff15
ffa2
fec1
0037
ffde
0034
009f
ff30
ff8d
ffc4
ffea
00e8
ffe7
ff0e
ffcb
ffa2
0088
ffb8
ff79
ffe7
0051
ff0c
ff98
ffda
ff75
0001
feb3
ff04
0069
ff37
008e
00d5
00ba
003f
00bd
ffc8
0008
001d
007a
0048
00f4
0074
fff0
ffa4
0002
00a2
ff34
00aa
0002
ff47
00a0
00ce
ff71
007f
ffba
00e4
ff22
008e
ffdf
fec5
0047
ff90
001a
007f
006d
ffd1
ff89
feed
ffe9
0000
ff77
0062
fff3
ff19
ffee
ffe0
0095
00f9
00b2
fec7
fee5
ffd6
ff81
00cc
ff19
ff43
0024
ff44
ff20
ff61
00e2
ff45
0094
ffe9
00ac
ffa1
00e9
009d
0083
ff8d
001f
0075
ff58
0024
ff4a
ff84
ffb9
ff35
ffbd
ffd9
00e8
00d6
fffa
00d7
009b
0069
ff79
ff55
ff1c
0037
ffc3
0011
fffd
ffaa
ff85
0014
00a5
00b8
ffde
0039
0080
ffd8
ffa7
fff8
00ab
ffa8
00a8
00c8
ffd8
ff9e
003f
00e8
ff59
ffdb
fef6
ff53
008b
00d1
ff36
0093
00ad
ff41
ff3e
007a
0040
ff27
ffac
fef3
00cd
ffae
0009
ff5f
ffec
00ea
ff57
0090
002e
00f8
ff79
feca
ffbc
00bb
ffe9
006c
00ad
0040
ff84
ff27
00bb
ff70
ff02
ff8c
fef9
ff44
008d
0056
ff70
0044
ffa0
0052
0032
007c
ff52
0009
ffa2
007e
ff4e
ffb6
00e8
ffc2
ffb9
ffd6
0011
00b8
ff7a
002e
0011
0097
0040
ff3c
009b
0064
fff2
ff86
ffde
0092
ff06
ff5b
ff57
004b
feec
ffbb
00a1
008d
ffb7
ffe6
00eb
ffe7
0047
0056
0077
ff98
005d
febd
ffa7
008b
ffe1
fecb
0000
0089
ffe6
fec7
0010
ff0b
ffac
ff2c
ffb7
ff36
0024
ff93
0049
004d
ff8a
feaa
ff8c
ffb4
fed5
00e9
ff32
002e
ff1c
ff0d
fea6
ffc6
feed
feb3
feaa
0030
ffcb
ffa7
ff14
ffb9
ff92
ff7d
fff0
004e
ffef
ffcd
0086
feb0
feda
004a
009b
ffc7
ffba
ff77
ff20
000e
00de
ff8a
ffff
ffea
007e
0019
ff8f
0029
007c
00d7
ff3c
00de
0050
003c
ff2b
ff63
0004
ff4c
00b2
ffd0
ffeb
0035
0001
007e
ff18
0026
ff19
ff59
ffdf
fffd
0073
ff29
00ed
000c
000e
ffbf
00be
0089
00b0
ff5d
ff51
fff1
ffa6
ff6d
ff3a
ff3b
ff2a
ffe7
ff2e
ff68
ff9b
0089
ffe6
001c
ff55
00a6
00e2
ff28
0091
00c2
ffb2
ff19
ff4a
00d3
004f
0043
ff94
0009
feb5
ff34
ffcd
ff73
ff9d
00a3
ff30
0052
ff0f
ff5e
ff2b
0051
0038
ff72
006d
ff20
00c5
0037
00f8
ff31
ff65
003a
fff2
ff67
fea2
ff9e
00cf
ff67
0003
002c
ff31
00cb
ff6f
ffce
ff58
ff9f
ff7b
ffd6
00f6
009e
ffe1
002d
0025
0088
0065
ffa7
ffdb
ffc7
ff01
ffd0
007a
004f
0045
ff38
fff0
ff1c
ff22
006e
fff5
ff9c
ff74
ffa3
fedb
ff9e
004c
febd
ff62
ffee
007b
007f
ff4f
ff27
ff6f
ff3c
ff0a
003f
ff38
ff2f
ffda
ffb8
ff86
ffe6
ff9e
ff0a
fee0
ff09
0074
0013
0044
ffbd
ffb9
0065
0091
febd
000f
ff96
ff5b
ff65
fe9d
ff8e
0047
ffa8
feb9
ff2d
0039
ff90
ff41
ff3b
00ba
ffcc
ffb4
0032
fed6
fee9
ffde
fef3
ff43
ffa8
0023
0005
fec0
ff2b
ff91
ffe7
fee5
ff9a
fff4
ff7c
ffde
ffc3
fffa
008d
0029
ff0c
0010
feaf
ff08
ff20
ff5f
00ad
ffc6
fefa
0091
008e
feb3
ffb3
00f1
ff9b
fee9
008a
004f
ffd1
ff2b
ff27
003f
0076
ff6a
00f2
ff75
ff97
0053
00a8
ff14
ff8f
ff3c
fefc
ff27
ffa8
0007
ff1e
ff6f
fee5
0048
ffa0
ffd0
006d
ff5c
ff35
ff46
feb2
ffd5
0028
ff81
feb3
ff4a
002a
fef8
005e
ff97
ffc1
ff77
ff37
fea9
008c
ffa1
feb5
ff8f
005d
fea0
0048
ff3d
ff10
ff4b
fece
ff5a
ff6e
ff94
ffa9
ffb0
ffb5
ff94
fed6
ff44
feba
ffac
001a
fec8
ff81
ff94
ffae
ff6f
0018
ffaf
ff7c
000a
0012
fefb
0018
ffa9
ff1c
ff92
ff1e
00fa
feb1
ffb6
fed7
fedb
ff07
0020
fee3
0028
007f
006f
001d
ff8d
0056
ff8e
ff86
ff9e
ffce
0021
fefc
0085
0005
ff5b
ffc0
ffa0
ff2f
0073
ff9b
001f
ff2d
006e
ff40
fee0
ff69
ffee
005a
0078
0066
ffd2
fee1
ffa2
ff19
ff03
ff5a
ff6e
0033
005e
fea2
002a
0048
ff85
0019
ffc9
008a
ff11
fecc
ff24
004e
fea8
ffc3
ff74
ff20
fec1
feca
0033
ff2e
fecf
feea
ff7d
ff7a
005c
ff3e
004c
0050
ff6f
febd
003a
fff8
0125
004a
0016
03e5
00f0
0262
0147
01f9
0059
fde8
fc52
fc1b
ffb4
ff59
0003
fead
ff74
fedc
00f1
ffe5
00e6
fddc
fb49
0003
fecd
ff34
004c
ff4a
00dd
015b
ff52
feec
ffe1
feea
fd6a
fed3
004d
fff8
006b
ff62
ff92
ffb9
ff6c
01b9
fefc
ff75
fd2f
0117
00e0
ff69
ff0b
0060
ffd4
ff5f
fe8f
00ee
feb0
fc9f
fc6c
fec1
020b
009c
00e3
00c1
00da
004e
fe4e
fdf6
01bb
fd99
ff2b
0082
0200
0012
00f1
01c3
00a9
0005
0130
0046
0092
0192
ffca
ffda
021b
0117
fde6
ffed
ff82
fde7
019e
0262
0047
00d5
01aa
00e7
037b
01f4
0066
ffdd
ffb6
ffa9
fe48
fe57
00cd
0040
fd74
01a1
02e1
02c8
0057
ff58
ff6d
fe2e
fe0f
ffdb
0014
0040
fc4f
000a
0023
fea3
fd4f
fedc
fec8
ff34
ff3b
ff05
ff2d
0159
fef5
ff2b
0109
0018
0044
fe24
fcd3
feea
ff75
fe78
fea4
ff01
fe58
0060
fdf6
fefc
fe75
0276
0270
fef9
ffc0
0183
0193
0170
0322
01b8
fde3
0059
01a1
001d
fe43
fde7
fd4b
fd6c
002f
ff72
01e2
0095
ff77
008b
fff3
008c
fd5b
fd29
fc00
006c
0219
018b
0147
0317
01ec
00d1
fff6
fe13
faca
fbd3
fde2
00ef
00f1
011c
01be
0298
0390
00bb
0151
fc7c
fcec
fda6
fcc2
ff35
ffa0
02af
0248
01bb
ff94
ff4e
0157
fc37
fc96
fdff
fd6c
fefe
01ed
030a
01ba
03c3
fd69
ff0b
003b
fddc
fd75
ffcd
0074
0100
044b
03ef
02ad
0227
fc80
ff88
0074
ffb4
0079
00a8
0385
0280
044a
028a
0318
02a6
fd4f
fc01
0208
ff61
ff4a
01c8
02e0
03bf
0240
0220
022b
0352
fdc6
fcaf
021f
0047
0022
00dd
0255
01d3
00c2
006a
032d
0060
fc02
fb62
001d
fe9f
00e1
ff98
fdf5
01c7
ff4e
002a
ffe2
00f7
fda7
fc6d
fcc9
ff65
fee9
fe79
ffe5
0071
fecb
0087
0071
ff12
02d7
fbaa
febb
fde3
fe11
ff77
fe92
fe7e
fe98
ff51
00c1
fe7f
fe31
fda5
fe75
fc61
fdbf
feea
fd7d
fcb3
fd89
fe1d
0075
01c3
fe34
fe93
fdae
fe30
ff7c
fca8
fdec
fdf2
fcf3
fef0
0012
ff2c
ffdd
fec8
fca6
fda3
fec6
fcdc
fe6a
fd31
fc7c
ff05
0100
001c
fc7e
fc62
fbbd
fc31
fc57
fbf7
fbc7
fca5
feb7
fe64
ff2d
ff06
fe08
fab4
fbb7
fc3e
fd57
fbb9
fce0
fdf5
fe4b
fd91
fee2
ff5f
00ba
fc31
fdbe
fd0e
fd9e
fd83
fe72
0036
fe18
feca
ffb3
fec5
007a
fd57
fd76
fdb5
fda8
ffd8
ffb7
ff0a
ff13
0098
021c
fe54
00ab
fe8f
feb4
fe10
018b
01cd
0119
ffed
fe67
ff7a
ffc1
0151
0336
0026
02cd
01eb
019f
0303
007c
019c
fef8
009f
018f
0070
04cd
02d8
0423
025b
022f
0250
0116
ff3c
00c1
00e8
02ca
ff97
040f
0335
ffd0
ff1d
003d
02dc
0200
0061
013f
0194
00a7
ff75
fbbb
fce6
ff78
ff2e
ff04
0092
ffbd
02ed
018d
ff82
ff17
0170
fa9f
ff22
ffba
0026
0025
0142
0102
02a5
033a
01df
ff1f
00aa
fca1
ff09
ff30
ff52
ffd5
0367
02ba
03f7
0249
0169
0088
0208
fd91
fe92
fff7
009e
007e
0296
0371
0376
01f6
0028
018f
0042
ff0a
fed8
0194
006b
ffd5
02f0
026b
0184
0228
006b
ffe3
0033
fb06
ff11
014a
005b
00c3
015a
0213
0110
0282
ffa2
ffe9
02dd
fd0b
00fc
00d0
0030
01e4
01f1
01ad
0230
0100
0110
00f3
0197
fefe
02d0
022d
021b
0232
0317
0284
02ca
0108
0168
ffaf
010c
0311
01b9
0181
01b9
00ad
0215
01cf
012c
003b
00b6
00cd
fff7
007f
0280
02b5
0191
0147
0110
00a9
011c
0228
0219
ff18
00e6
fdc3
01be
02d9
00ec
006a
00f4
0220
00f2
00a8
0198
008a
ffb5
00cd
002e
fead
fd74
fe86
fdc1
fe6d
008b
0145
0065
fe7b
ff0b
042c
038f
0368
01a3
01aa
fe30
fee2
feb5
ff76
fd4a
ff80
008f
01f7
002a
0000
feef
fdd2
fcfe
fb66
fc86
fbca
faeb
fe11
009e
039b
0076
fea0
fd05
fd62
fc24
fb5a
f90b
fa7c
fab4
fcc7
005a
0313
0167
fea3
fdcf
fc7a
fb9f
fa9e
f8cf
f9a0
f976
fcdd
01b2
05e8
02af
fddf
fe5d
fb88
f98f
f8f1
f8f5
f89a
f8ae
fbfc
0079
04e2
026a
fe6f
fe37
fccc
f9aa
f956
f8c7
f929
f90a
f9b5
fe78
0566
ff08
fe48
fc31
fa4b
f956
f948
f997
faee
f980
fbc6
ff50
057d
fffb
fb49
fb17
f947
fa77
fb60
fb3d
fbf6
fc47
fe18
ffe5
0420
0069
fdd6
fdd5
fc86
fc18
ff1b
fdf1
fdfd
fd62
ffbc
007f
04f5
00d4
fefe
ff7b
007e
fff8
ffc2
0001
ff92
ff5e
002e
ffec
0298
0064
fe9f
0031
00a4
002b
0134
ff7e
fe37
0000
002c
0057
fe37
fe41
fe55
ff5f
0018
0044
019e
0077
00f4
0192
01fb
0215
ff71
ffae
ff78
ff6b
ffed
02f1
fff2
000f
0226
0466
fedd
feed
fdfa
fcb1
fddb
ffa4
ff33
ff9d
00f7
0221
028a
00d1
fea4
fdb6
fb67
fab8
fc48
fe6a
01e4
03ac
03de
057d
0607
0440
014a
fe33
fc64
fc1c
fc95
ff91
0560
04d0
05cc
04ce
0714
0441
001e
ff57
fd1f
fd55
fe6a
0370
0468
052f
04ae
0647
056b
03f2
017a
ff85
fd2a
fd02
ff72
0209
0287
048e
04fd
04e7
0544
0502
01ed
ffe5
fd3d
feed
0228
03cf
02da
053d
0499
047a
056a
04bd
02f3
035b
feca
0049
0172
030c
0459
036c
04f8
03aa
05f0
0328
027b
01b9
fd12
febb
01f9
02a3
034a
023c
0383
027d
0332
006d
fedb
ffbf
fd9b
fe80
012c
00fc
017e
0077
0045
0030
0050
fe42
feb9
fddb
fe46
fe3d
0040
0089
ff71
fe93
fe89
0059
ff5f
fe8f
ffa5
ff60
fed2
fcdf
ff15
fde8
feda
ff4a
ff75
005b
ff37
ffeb
ffb2
0204
ffda
01e4
04b5
04e8
03b6
0278
00ad
0021
fd9f
ff1a
0173
000b
01a3
00f1
0159
03ae
0168
008d
ff4f
fde2
feb8
002f
019a
ff95
fdb7
012c
036d
fffc
ff25
fea0
fdb2
ff58
fdf4
ffba
00b5
01ff
fd1e
fe7d
fdaf
fdd5
fc33
fd4a
fdea
ff73
00b2
ff4e
ff09
00d8
fdfa
fdb0
fbdb
fd53
fe04
ffb5
ffec
0103
01a3
0078
ffc6
0336
fe67
fd75
fcb8
0008
fd8f
ff2c
021d
008d
0106
0138
004f
0178
ff4f
fcb7
fe94
011f
00b6
0171
0052
ffde
00fc
01bb
0194
01a5
ff48
fcb9
0159
0275
ffc0
0172
0172
0166
00c8
017a
00db
013a
fe46
fed4
0245
01f8
01fc
ffc6
018b
01a3
0190
029e
ffb0
0190
fe85
003d
016a
0093
006a
0239
00d7
003f
00f0
014c
00bc
00a6
feef
00ed
01d7
0075
009e
01c8
ffed
ff71
00de
0183
00b4
005f
0142
ffc0
019e
018e
001d
0220
ff64
febc
ffea
00b9
0023
0114
003b
fff9
004b
ff88
ffd0
0031
ffa9
0038
ff21
008b
ff27
ff30
ff24
fee2
0096
ffd8
ff88
0013
ff55
ff29
0097
ffd3
ff0f
fee7
ff12
0027
0083
ffd1
ff55
0084
ff4d
ff50
ff06
00cf
0000
ff19
0066
ffa0
ffa7
ff87
0019
ffcb
ff8e
ffed
fffd
006a
ffc4
fed7
ff41
0009
ff61
ff96
ff74
005b
004a
ffab
ff44
ff2f
0007
00ae
0066
fffb
0046
fff8
ff47
fed4
ff08
ff0c
ff9b
ff4e
005b
0038
ffcc
0075
ff48
fed6
fff8
ff32
003c
ff8b
0027
ffb3
0034
0096
fede
00a9
ff05
feed
008d
ff22
0076
0117
006d
ffee
ffbb
0033
003d
ffea
ffc1
ff3e
ff77
feee
ff85
00a0
00f6
ff95
008f
ff6d
ff54
008e
ffca
0060
ffe0
0090
002d
ff4b
ffcc
0133
ffd0
00a0
000f
ffca
ffe7
002f
ff33
fee9
fedc
feeb
0074
0110
00aa
ff5c
ff8e
0029
0082
fffb
0005
0081
ff82
003e
006c
0029
ffd1
0006
ff56
0244
0103
01ed
fe73
fe16
fc96
fcdd
fe42
fb89
000e
ffc5
ff04
ffd4
0244
0257
01f3
ff34
fe9a
fb89
f888
fd8f
feb6
0292
fe2c
00c6
00ec
020b
010c
fd72
fca8
fbe1
fb8f
fe8d
0116
ffd4
fdbe
0250
ffbf
0053
fdb4
fc96
fc94
fd88
fdde
ff22
01be
0208
fe09
ff2b
ff7c
fd3a
fd66
fc4b
fb0d
fcb7
fe36
002d
00f1
00c0
fe6d
00f3
ff2c
fda7
fc8c
fc23
fcd8
fd62
fe0c
0007
01bf
01da
fef9
0104
fe3a
fc6c
fda0
fe02
fdba
fec6
fe32
ffe3
011e
0183
ff79
ff52
0120
ff34
00f5
0061
00ee
ffe9
004e
00fa
0255
017a
fcf8
ffb3
01bb
0146
020b
00a7
00a8
00ca
005a
0040
00d1
0040
0007
017a
013a
0095
0050
0027
0101
ff65
0048
015e
0161
009d
fe56
ff06
ff39
0142
025a
0178
ff80
ffda
ff53
fffc
fea4
014d
ffb2
fc9b
fe71
01a8
02fb
00b5
fe6e
011a
0199
0087
ff7d
00d3
fff2
ffff
ffae
ffa8
005a
00f2
0024
00b7
ffae
ffc3
ff2f
007e
ffc7
ff22
0038
ffac
fffd
fff5
00a8
ffab
00d2
ffcb
0013
fefe
001d
ffd8
0049
ffd8
00d0
0040
ffc7
ffdf
ff69
ff23
0098
001d
0062
00a4
ffc3
0002
00a1
ffd7
0048
002a
ff27
ffa7
0062
fed9
ff84
009c
004a
ffca
00a4
ff1f
ff75
006b
00f9
ff24
00ca
0047
ffe9
ffa0
ff1f
00c2
ff07
ff68
004b
000a
0080
ffe7
ff22
ff02
002f
0026
ff2a
0033
ffb3
ff59
ffb0
0062
ffde
0018
ffef
009f
002b
002f
00b0
0077
005e
ff40
ff6b
00ab
ff2e
00a8
ff72
ff22
ff78
fee2
0067
00b7
0068
0097
ffde
ff8b
ff50
0014
003e
003f
ff0c
ff2a
0034
0047
004c
ffd2
00a7
004b
ff95
ff95
00c4
fff5
007b
ff09
00af
0077
ff87
00aa
ffc5
ffc0
fffa
ff67
00d0
0073
ff8b
ffcd
ff3b
006f
ff1e
000d
fff7
00c3
001a
0061
ffe2
003c
0040
ffef
ff1e
ffdc
009c
ff2e
ff76
0025
fefd
ffc9
fefc
00c9
fff7
ffec
0096
0059
006f
00ef
009f
ff4c
ff88
ff3e
0092
fef5
ff7d
ff8e
005a
00ad
0083
00b4
ff4f
00ab
0044
0080
ff3d
00b8
006f
006d
0053
000d
ff0d
ff61
00ac
ff2a
0085
008d
ff80
00ad
0037
0055
0018
00e9
0048
ffb7
ffbb
00b2
ff50
00a2
0047
fff8
0049
ff5c
00a8
0014
ffde
00f8
00c7
ff79
0017
ff37
00aa
ff70
0071
ffe5
0087
ff68
008d
ff24
ffce
003f
ff96
ff71
ff82
ff56
fff4
00e6
00a2
000a
00e1
ff71
ffd1
0072
001c
002d
0072
0058
ffdb
00ae
0085
ff11
ffa1
ffa5
ff26
0036
ff5e
00b6
0022
ff70
feed
ff10
00ed
ff8a
ffb2
007e
ffd5
0047
ffdd
009d
002f
0017
004d
00cd
ff34
006c
00ae
ffc7
0007
003b
ff13
0002
0080
00ca
00b2
006d
008a
0049
0045
00aa
00a0
ffb1
ff32
ff8c
0003
ffcf
fea1
fdd2
fdce
ffce
fe7f
ff96
ffc1
0233
0120
0131
ffd6
0014
fcba
fee4
fd90
fed8
fed1
016a
015d
0296
01c0
01e9
fff0
0196
fe4b
ffc3
0093
ffaf
0166
00e7
00e9
012c
02fc
0266
fed6
018f
fecd
ffa1
01ce
ffde
ff84
ff4a
ffd7
0051
00f4
000b
ffbb
0034
ff0d
004e
0116
ffb0
fc29
fcd8
fd36
0017
fecf
fff5
ff30
ff8c
fcd0
fef4
ffc5
fe02
fc74
fdb2
fd9b
fcb1
fd06
fdb1
005e
fea1
fe32
fe61
fed9
fe46
fea9
fcb6
fd68
fcf3
fcc2
fd93
fec0
00b7
fd8d
fdd3
fdbc
ffbb
ff61
fe94
fd34
fd5a
fd89
fd37
ff2f
ff77
ff05
fe5f
ffe7
fff8
ff08
fe58
fe8b
fefb
feba
ff25
ffb1
00b5
ffdf
ff5d
fdba
fd19
fd3a
0027
0100
ffab
0034
ff3b
ff40
00dd
fd58
fd10
fe9a
fe54
fec3
ff99
002b
00ad
0160
003d
0017
00e0
fd2f
fb1b
fe11
00ac
feff
fec9
ff75
fe02
fdcc
fccd
fd60
0087
ff11
fc59
0061
fe95
020e
0137
feee
fdda
fd92
023a
0084
0206
fe8c
0048
feb3
fd15
fce0
fe94
fe30
fe68
009b
004d
00f7
035f
fe0d
fe36
fdb8
fdde
00c6
ff82
ff5e
fe89
fe0a
ff33
01ae
02e8
ff29
0037
ffd7
ff45
fe1b
fe7a
fecf
000c
ff6e
00b1
0170
0280
feee
ffcd
fff3
fe4e
fed0
fc3e
fe40
0278
00fa
ffd0
010d
019b
fe16
0076
019e
fbde
fc8b
fcf2
0085
00d6
02ad
03d9
01b5
0184
0084
fe60
fed5
fc5b
ff7c
ffaa
02a7
01c9
0373
028f
0211
0342
001c
fcca
fdcf
012a
00ac
0051
01b6
0081
01d9
0226
02b9
0054
0238
00ab
fdce
001b
016f
034c
0251
0238
019c
0193
026c
01ea
008d
003e
00fc
015f
01a5
02a8
02b8
01e4
02f5
0323
02a5
0248
010f
001c
ff2d
00f6
026c
0298
01d2
ff72
00a2
00de
0007
00d4
0021
0230
0190
0015
020f
ff92
01e8
006e
0188
0273
02a6
ff21
ff4e
00a9
004e
ffd5
feed
ff26
ff3f
ff47
fefd
ff15
fedc
0014
0003
ff2c
ff21
ffc9
ff37
ffe0
ff68
0044
0009
ff65
0030
0080
ff8f
0005
ff3a
ff51
fecc
000b
ff32
ffb4
fec3
ffe4
0070
fefa
ff37
0074
004e
0071
ff5e
ff1c
ff76
0043
ff75
fedd
ffe6
0035
ff63
ff0a
ff5b
0075
0050
0028
febb
007b
0038
ffa9
ff50
ff7e
0049
0048
ff49
009b
001b
ff26
ff5a
ffb0
ff82
ff9c
000d
fec1
ffe5
ff40
ff85
ff56
ff66
ff7b
ff17
ff69
00ab
ffd8
ff01
fec2
ff4b
0048
ff0f
0083
fec2
fed4
fffd
fefc
0044
fff5
ff49
ff70
fefb
fec0
feb7
008f
008c
ff27
ff43
009e
ff45
ffc0
ffcf
0000
ff87
fef6
000f
ff1e
009d
fee6
ff2c
0095
0058
ff13
fee0
0033
ff40
fef1
ff30
ffbd
ffd3
0017
ff84
0013
ffce
feef
ffd6
007b
fffb
fee3
ff29
0054
ffc4
fed1
ffd0
00a2
0096
ff47
0046
ffdd
fe17
007c
ffad
feb1
fdba
ffbd
02f5
ffac
fdf5
ffd9
0006
0249
ff89
00ed
fda1
feaa
fead
ff03
0118
00a2
01dc
0239
014d
ff82
0073
0172
fbc0
fd8c
fdd5
ff76
0193
028c
028e
02f8
0209
ff8b
feb6
fe5c
f9ae
fdbd
ff88
0122
0333
034b
02d8
0327
0221
ff31
ff15
fd9a
fc5c
fd37
0177
0350
02e5
051c
0464
026f
02a3
0104
fe6e
fdef
fd35
ff12
0045
0293
03f3
04ae
0347
00db
01a3
00b5
fdf0
fd69
feda
fda0
ffcb
ff99
02b1
01b3
00d2
013b
021a
00ea
fe4f
fd9d
fe9e
fdc4
fca4
fe5d
00ec
011a
ff88
004e
0142
009f
feb0
fde0
fe23
ff25
ffe3
0031
004f
0343
01ee
ff76
ff47
0090
fec6
ffaf
00a9
ff4b
ffaf
012a
0144
00f2
0168
0140
0109
010a
feaa
0129
00d7
02d0
0141
016f
0053
00e0
00f0
01fb
ff33
0100
04de
03c4
0128
0202
028c
0028
ff77
01ad
024e
00c1
0093
01ba
01d0
ffd7
011f
003b
0079
ff30
fed5
fed6
0085
00ab
0032
ff5d
0027
fec9
01d7
033e
0258
002e
014c
0145
00dd
ff0e
004a
0387
fdf4
ffe1
0209
fe83
ffa3
0098
0036
ff65
fdf1
fd53
fea6
008a
fc31
fe3b
fedd
fd06
feca
fe8c
ffce
0003
0029
fc8f
fc62
ff82
fe6f
fe86
fc4d
fdb8
fd9b
fdd5
fc8d
fff9
ff05
fc98
fcff
fbee
fee3
ff01
feeb
fd70
fdfd
fcf3
fd8d
fd99
ffa4
fed0
fca8
fc88
00a4
fd32
00a7
ff93
fdf9
fc39
fdd3
fd2e
fd13
feaf
fea3
fd0d
ff78
fff4
fdab
fe0c
fe25
fdd7
fe0d
ff49
fdd5
fe67
fe6e
ffa3
fba0
fbfd
fd27
fd86
002d
fe7d
fe26
fe2c
fedd
ff64
003b
ff40
fd8b
fef6
fdf4
ff70
ffd9
006e
0028
0171
00aa
0061
0101
feb5
fec6
00be
014e
0022
00d9
0117
0077
020c
01ac
01c6
ff5c
009f
022c
ff4b
0130
017f
00db
0094
0012
ffd9
003f
0016
fea5
024f
fe0d
fc92
ff55
fdfc
fe2a
fdbc
fce7
fcd9
fbf1
fe23
001d
ff94
00b1
0165
000e
0098
ff9c
ffad
0073
feec
0096
006a
fe20
0068
004e
febd
ff47
0008
fdae
fdaa
fed9
0118
01c3
01a2
fef8
0058
0009
fe74
fe64
fec8
ffc8
fefd
ff0d
fe78
ff33
007c
ff2b
ff11
0315
fe42
fea7
fec1
ff5f
ff6a
fe0e
013e
0012
ff23
fea9
fed8
00f5
ff09
ffcd
fec3
ff62
ff68
ff0c
00c3
0131
fe3c
fe8f
0025
0211
fe58
007a
004c
01f6
0176
00bd
fedf
fe7e
ff10
feab
004f
001e
fef7
ff9f
01b0
01fc
022d
0162
005f
ff14
0173
0130
ff6a
0054
0001
00fc
0020
01a7
0129
0190
012a
fff1
02aa
01c7
ff01
ffdd
ff6c
0290
0078
00db
013e
0177
01fc
02a8
0162
0016
013c
fefe
0136
0091
010b
0293
0363
0237
0326
0214
fe89
0076
004c
ff5e
0266
01a6
ffc9
010e
0074
0094
003d
ffcf
ff99
0053
007b
feb5
fc69
0052
fe87
fedd
fd60
ffa7
ff1d
fe24
fed8
0060
00d0
fd83
ffbb
ffec
0071
01fa
0141
01b2
0044
ffaf
0059
ff3a
00c6
ffb3
ff73
0248
011d
ffca
fe81
0036
016a
0059
ff12
000b
00d6
01f3
004b
fff8
0083
ffd5
ff78
ff33
0121
ffd8
0033
ff4d
0141
0178
fec1
ff64
ff77
019f
0019
00c4
0082
ff63
000e
fe60
0022
00bd
01da
ffbc
0062
005f
0333
01ba
003b
ffb2
0096
fffb
0031
0198
fd64
fc89
fd08
00a1
01de
00d4
fed2
ff80
007a
0069
feae
ffbb
fc57
ff18
ff4f
02bd
011b
0062
ff35
fdf4
fec2
fee1
ff7a
ff66
fc66
fdeb
fe44
0139
fd9e
fde8
fd2c
fde3
ff15
fef7
ff0e
0005
fdb1
fead
ff72
ff99
ff30
fdc2
feaa
ffbe
00bf
fe0f
0034
00e9
0081
0079
fff3
ff6f
ffbe
fee3
fe20
0182
0174
ffb0
00b2
01c0
ff65
00e9
01ca
0177
0187
02b4
00d9
00bd
00e8
0193
0296
0327
ffdd
019b
02c0
035e
0411
0429
0463
03e9
00a6
008c
01d7
01d7
021f
0286
0269
03aa
01ea
0256
0295
0226
0135
004e
00cb
00af
01a1
0320
0452
0341
0144
010a
004c
00fd
0161
ff57
011d
006e
01cb
0457
042e
020b
0234
0251
01b1
02a7
0095
0196
0067
028c
01f7
0378
0452
01d6
027b
032f
03d1
039f
027f
0218
01af
0094
0012
0192
03df
0372
0258
0291
02fa
02db
0247
00f2
0244
026f
01e9
0142
024f
024a
01ef
020b
03c8
0589
0196
00e6
0110
0247
00bc
0230
024f
019b
02ee
0149
02d8
0575
0263
ff8f
0307
01fd
0078
0304
051b
0339
03c8
02f0
04b6
0575
0274
0151
01f0
0142
fe22
0132
046e
0257
032c
0286
031c
0338
02dc
01d5
0262
02b8
febe
00de
020e
025b
fe86
ffad
0206
0417
0410
0295
01d7
0381
fe3d
0047
0277
00de
007f
ffa9
0120
04fd
02fe
0566
02e9
0157
018f
0031
ff64
ff98
ff46
ff9d
ffb0
0091
fefc
008f
0128
0189
ff31
0015
0170
013e
014d
0011
0090
ffec
fe0e
009e
00aa
0155
00ac
00b3
006c
fee2
ffc1
fe08
fdd8
ff05
fef4
0153
0213
019e
01a4
01bd
0134
fedd
ff5d
fe0d
fd75
fd8f
0048
000d
018e
ff75
01d0
02c9
00e8
ffe8
0084
ffbd
fdc5
ff39
ff42
ffae
00eb
0024
00f5
fff1
0022
fffc
fdfe
fee3
fdc6
fe96
fddb
ff8b
ff8e
fd23
0008
01a8
ff9d
fced
fcf3
fe82
fe05
ff7c
ff28
fe54
fe93
fc57
000a
ffb2
ffbf
fee7
fdf3
fdae
ffb9
0015
ffdd
feab
fe40
fea3
fe2f
ffbf
008e
0053
fe9c
fefb
ffc3
ffa8
0089
ffec
fea7
0128
fde4
fede
0064
0032
ff5b
ffb1
ff6c
001b
00c9
00e2
013e
008b
0037
0113
01dc
0033
0091
0020
000e
003e
007e
01b3
0092
0168
0090
0193
00c7
0033
fa38
fbcf
fdbd
fd9b
fccc
ff68
ffc6
fca1
fb3b
ff42
0159
00ae
0123
02af
02b9
0224
ffdd
fffd
013c
ff3d
fe99
0145
01e5
0146
010e
01a6
018e
018e
019f
00c5
00d6
fe09
fe46
00bc
014d
015a
00e5
0141
0273
029f
018a
0063
00d1
feff
0054
0158
0165
ff82
00f6
ffb4
01ac
020c
02ce
0071
0113
00a9
01bd
01e8
0098
0019
007b
ffe5
00db
00b1
0183
01bd
0298
008a
ffde
01b5
027b
ffe9
0060
01ad
002b
0143
00fa
019c
01c1
ff98
fee0
0219
0113
01c5
018b
00e5
ff72
0007
00e4
0160
ff64
ffe4
0079
014f
01de
0222
0132
0165
0103
ff56
0168
0160
001e
ffb1
fe2b
0029
01cd
0196
01b1
00b8
ff4e
ffc2
003d
0107
0028
ff91
ffdb
00e1
0406
0253
0201
0221
ffe9
ffd9
fff0
ff93
ffd1
ffe5
ff2a
0096
048e
0190
0228
02c9
0012
ff9b
fff2
00b0
00c5
014a
017a
0204
0157
0094
ff7d
feb1
ff9c
fff0
00c3
00a0
0130
ffed
fea2
02c8
ffd8
01f6
018b
03ed
01fb
fc58
fbf0
0035
fe51
fff2
0179
0218
0160
02cb
002d
ffe8
ffd1
fe92
0091
0276
00c6
ffde
01eb
014e
00b6
003d
003a
005a
002a
0058
00a4
0241
0127
00a9
0172
fefe
ff6c
00a0
021a
00b1
000b
ff2b
ff0b
00e4
005c
02ea
00f6
fd21
ffb3
0020
0170
fff2
0123
001b
fecd
ffc4
ff32
0367
feec
000e
ff66
000d
ff7e
0004
0059
fffa
ff0f
009a
ffa2
01d2
004b
ffaf
01c2
0149
ff9f
0009
01e6
003a
005c
0197
fefa
0250
02dd
0041
0041
013b
0064
fe7e
004a
005e
0110
018a
001f
0262
0209
ffed
0036
0116
ffcd
ff81
001e
0154
ffe2
01a6
ff0f
00f6
0030
ffdc
ff59
fffc
ff76
ffcb
0009
005b
ff3c
ffc8
fe63
ffc7
fefa
fe4a
fdc9
fd12
fdc0
ff73
ff0d
fe8e
fe98
fea2
fd67
fef5
0037
fe7c
ff40
ffda
ffde
0096
0010
003a
fff7
ffe0
008a
0093
ffbe
ff04
ff92
fea8
fff9
fd16
fe2e
fc66
fc6a
fee7
00b7
0094
fe7d
fe4d
0142
0110
0006
ff2f
fe63
ffa2
ffd3
fefd
0291
0139
ff88
fe59
014e
ffc7
ffa6
fdd5
ffa2
ff80
ffaa
fff8
ffb4
021f
fe44
fe8a
ff5a
ffed
01ff
0095
0054
0117
0234
ffc0
0144
0045
0005
ffff
0204
0255
01d0
0153
015e
013f
022b
00f5
006f
0343
00e2
0039
0036
00dd
01ef
0072
018e
013d
002a
015a
00f4
0269
ffb8
015d
0102
0192
0123
02df
02af
01ca
0155
0213
0062
02be
0072
0288
0345
036c
0236
04db
0500
03ee
031b
02c8
0207
03ad
022f
03b0
02dc
022d
042e
03f3
0580
04a4
010b
01ee
01de
0218
01e0
031f
04b3
04a3
037a
0558
0477
0228
011e
0049
012a
01b5
ffc3
01ab
0273
0450
02ff
03cd
0501
033c
01d9
0264
006d
00b2
fe5a
ff9d
0197
01a3
00b6
018c
0107
015e
01d9
00ef
0269
00c6
ff58
ff0a
ffa3
004a
ff19
ff4a
0053
ffec
006a
ffb9
ff0e
fede
ffc5
ff65
ff7d
0018
007d
ffc0
ff54
feed
000b
ff3d
ff29
00a1
ffc2
fece
ff9b
ffc2
ffe2
ff5a
ff29
0099
ff61
0068
ff31
ff73
ff9c
007d
ff0d
005a
ff45
ffcb
ff16
ffdc
ff4c
ffa4
fec6
0055
ff89
ff82
ff4e
ff9a
0109
0041
ff48
00e8
fe93
0019
feae
002b
feb6
ff39
ffd3
ff4c
004b
ff2a
ff67
fe9c
fec2
ff6b
ff99
ffb4
001d
0045
ffc9
ff92
00cb
00dc
ff5f
ffec
ff63
fea2
0058
00a1
fff3
ff4b
ff00
ffdb
ff5d
ffd6
ff4e
ffee
ff89
ffda
009d
ff02
ff85
002b
feee
006b
006e
fef1
ff83
fecc
ffbc
ff78
ff9a
ff0b
003e
0020
ff5a
ff68
ff80
fef3
ff1b
0042
0081
ffe6
ff51
ffa4
ffe8
fe74
fee3
ffae
ffbf
fee9
ff71
fecd
0047
ffa8
0029
ff72
fecf
ff70
007b
0096
ff46
002c
0031
ff6d
ff70
ff46
008d
ff3b
ff53
fd47
fc91
ffb3
ffb6
fd25
fde9
ff3e
ffeb
ffea
0071
0045
01e0
00a2
0021
02c5
045f
030f
03df
02e8
0169
ffea
fff1
015d
000b
fff4
023c
0572
067b
05f9
0485
03c5
02f5
0162
0028
0075
ff88
02b7
04bb
056d
0614
0701
069b
0496
0401
0361
019d
ffe7
ff9d
057a
0583
0602
05c6
057a
05d3
054f
035a
0304
029e
009a
00ef
058a
0403
05e3
05c9
0471
055b
05c9
03a0
0405
0203
01e3
0289
03eb
0353
032c
02e7
040e
02eb
0303
044f
0330
01c8
014a
02ab
03ca
011a
0342
03ae
03cd
0395
035c
033a
035d
0255
022e
0302
02e0
02a1
03c3
04d3
0408
030a
0445
0395
02bd
01d9
01fa
033d
029a
02d5
03c5
04ae
04e5
04d9
0416
040b
024a
028e
023a
02c6
04ce
045d
04d4
0441
041d
04d4
04e6
036a
02ad
03d2
03f6
015a
01ed
ffb3
001b
0041
00f8
0124
013f
00bc
0110
034d
021b
ff94
ffcf
0066
0085
fff8
00ec
002f
ffd4
0092
00c9
00ae
0123
00c6
ffc6
ff89
ffdf
ffdd
fff8
012a
ff60
0061
feea
ff28
ffc5
ff37
003d
0088
00f6
ff6d
00eb
001f
008b
ffdd
0015
ffb7
00d1
ffaf
0045
ffa1
00a9
00f4
ff8a
0035
0113
008c
ffa5
00c2
fff3
ffc2
ffb7
ffdf
0052
ffa9
00f2
ffe3
0128
0031
0037
0039
0124
fff6
ff64
0039
0088
0000
ffbc
00e4
ffbe
ff15
002e
ffa0
0124
0099
ff6e
ffcc
00a3
0139
008b
ff49
00ad
fecf
0063
00f3
005e
0105
0035
005b
ff5a
fed8
ffec
0086
00f4
ffc3
001a
0082
0086
0022
0093
0082
00a9
ff9d
ffb4
006a
0016
00d8
ffb8
0011
00a8
00b9
ff6f
ff04
ff9f
0059
ffcf
fff0
ff68
0032
006f
0087
fff7
0016
003e
ff7d
00ab
fec0
00ce
00d1
ff61
00fa
ff79
00ff
ff61
0107
ffae
000d
ff11
ff6a
00ef
ff97
00eb
010b
00af
0084
ff09
ffd5
ffdb
000e
00e6
0118
0122
ffa0
00c6
012b
00a6
004e
ff78
0109
ffb8
004c
002e
ff8f
0072
ff65
ffe2
ff4e
ff50
00ed
00ee
ffd6
0026
ffe7
00dd
00c4
0004
ff7c
fff1
fef2
00a1
ff75
00de
0077
00cf
ffb6
ff78
00b9
ffde
009b
ff14
003a
001c
007a
ffa9
0041
0018
ff83
0074
00ca
ff6f
ff51
0141
00aa
ff7a
002f
ff69
000f
00df
ff68
0117
011c
00a6
000c
ffc1
fffb
ff5d
ff9f
ff6e
0053
ff7a
0075
ffb9
000d
00dd
ffb2
0128
ff7c
ffbd
0080
ff64
013c
0001
00f4
ffb9
ffa2
006f
00c6
009a
0066
ffee
0128
ffc5
00c7
0020
0112
0066
ff99
ffab
0044
0027
ffbf
0076
ff5d
00e6
004e
ffec
ff5e
001a
008a
0136
009c
000c
0125
0049
00a2
0003
ff62
ffbe
ffeb
002a
ff5d
0111
0059
0017
ff78
0103
004e
012a
00ad
00e3
00d1
00a9
ffea
ffe8
fff2
ff06
00c4
ff3e
0074
fe70
0069
00bf
ffd5
ff40
ff59
ff57
fff7
ff88
ff50
ff2a
fedc
feeb
0102
007d
0062
ffa5
ff97
ff1f
fea8
fec0
ff70
fe8d
feda
ffdc
0132
0288
0236
00c6
00cd
ff60
fe4b
fd2d
fe98
fe52
fef8
ffa3
014e
02c3
0308
0176
0050
ff7e
ff3a
fdf6
fe17
ff45
fe3e
fe89
0091
01e5
012f
ffa3
0074
fea8
ff3d
fe8b
fed9
ffe5
00f1
fd86
00e5
0147
ffaf
ff07
fee1
ff39
ff40
0039
fff7
00fd
fee0
fddf
ff7d
ff6e
ff25
ffa9
ff18
fe3d
ff01
ff44
ffaa
0071
ff05
fdc1
ff8c
ff29
fdf2
fe93
fea8
fde4
fe0f
fe8c
ff09
ff27
fd68
fdef
0189
fea7
fd17
fd96
fe52
fd3d
fcf0
fcfa
fe51
ff6b
fe8b
fe2f
0289
005c
fe26
fd35
fdbb
fdcf
fe12
fc0d
fdec
ffc7
003e
ff65
028d
00bf
ff8a
fe94
fe56
feb7
ff34
fdee
fe57
ff6b
ff22
ffa0
036f
00cb
fedd
ffc3
00b9
001e
ffa5
00a4
0054
0163
01f9
00ff
ff0d
fcdb
000b
002c
00a4
ff3e
ffbb
005b
0128
00d1
ffbb
ff8c
fee5
ffb2
005e
0256
013d
032f
0281
0016
fe84
0060
fecb
ffe3
fd97
0244
0252
02b9
0145
0251
0286
0018
fe12
fe57
0059
ff8e
fd5b
ff1f
005b
0060
0159
fff5
0074
0026
ff2f
feb1
0050
00bd
fba8
fe45
fe55
fefa
000a
ff4f
fdca
fe77
fdf2
fded
ff75
ffe9
ffdd
fe9f
00c5
fcfb
fe08
feba
fd60
fd5e
fd68
fe3a
fe9b
ff2e
002c
fe8e
fe77
004e
00b5
ffc5
fc84
fe60
fc6f
fd60
fd51
fdbd
fd8f
009b
01d2
022c
00d2
ff8a
fca3
fbe3
fc42
ff85
fdb7
fdbf
ff5f
0107
02c8
02c6
ff7d
ff46
fdd4
fcf2
fee7
fecd
fd80
fd49
0161
00c8
ffe4
0085
00af
000e
fe7f
ff86
fff3
ff4e
feed
fe42
fe2a
02d7
0251
ff5a
00b1
001e
00b1
01b4
020d
00f3
019f
007c
fe1c
012e
014e
0067
ff61
0268
0373
027b
025d
01e0
022a
00b4
00b8
0013
fedf
ffed
fedb
ff83
0063
0020
0001
0024
009c
0037
feb4
0096
ff2a
ff31
0086
ff39
0034
fff3
ff8e
003c
ff35
ff94
fea4
ffe1
feec
0001
ffc3
ff7d
ffad
0059
ff09
ff21
ff66
ffda
ffbc
0079
ff97
002d
ff8d
ffdf
ffbe
005e
ff92
0018
fedc
ff41
0026
fef6
007a
ff8f
ff97
009e
ff45
fffb
0073
0000
ff2d
0014
ffb5
ff4c
ff27
0082
ffcf
feea
ff2a
fff6
ff98
00c4
008c
feef
00f7
0065
009f
fffa
ffab
ff65
ff0c
fefe
ffac
ff36
0016
006a
ff3b
00ac
ff8a
005f
fecf
fee5
0054
ff2a
ff4e
ff74
00a6
0046
0021
0069
fecb
001e
ff23
fef7
ff64
fefd
ff66
ffcb
0070
004f
0065
ff5e
0035
ffa2
fecf
ff1a
003d
0014
ff6d
fed4
ff73
0010
ffbb
ff25
ffde
fff1
ffd8
008a
feff
fffc
ff38
ff73
0013
fed6
fef9
ff11
fedc
ffb2
ffe7
ffbd
00bb
0002
fed4
fee9
ff87
fe96
0184
ff90
fd3b
fd01
fe98
fe45
fd2e
fe84
ff1c
fe52
007b
fed6
018b
0115
ff7b
001d
fe1f
fe5f
fe01
fe09
ff01
ffa4
019c
ff93
0205
006f
ff74
ff7d
ff72
ff0b
ff84
0030
ff9a
0016
ffbf
fe46
03b9
fd22
feb0
007d
0015
014c
ff01
fe05
ffe3
ff03
fcce
0103
021a
fc03
fe6a
ffb7
ff57
ff05
fd3a
ff41
ff49
fe41
fccd
00c7
0107
fea6
fefd
ff59
ff7b
ff51
0053
febf
fe85
ff35
fd61
005d
01f0
0048
ff77
ff44
fe18
fea0
fefb
fe17
fd21
fe98
fe97
0058
0106
ff65
ffce
ff17
fd6a
fe3d
ff6d
fd86
fe00
fe91
fef0
ffd8
001a
ff42
00cc
0023
fef2
003a
ff02
fe9e
ff05
ffd1
ff43
ffb6
004a
0008
ffe9
00ad
00b9
017a
0152
ffcc
005b
00ff
0106
fea5
01a9
0064
0036
fe14
feeb
fff4
0117
0023
0144
00be
ff72
ff25
fb54
fdc3
ff39
fe7b
011f
ffea
003f
fe7c
ff88
0087
0019
005c
fefe
00ba
fed5
0010
fd5a
fed6
fef4
fe51
0057
fef3
01bf
ff6d
01b9
fe3b
fe6a
fe06
fe73
00b5
0045
00af
0021
029e
01d9
000b
00f6
009b
ff53
ff5f
fedd
ffd9
0050
0075
fee3
018a
01ff
0014
fffa
ffb6
00b2
003e
ff80
ff9a
ffe0
ffa1
ff04
00b5
fffa
0201
005b
003f
00b8
00f9
000e
015c
0147
00e9
ff6e
0080
ff6c
0284
ffa3
0096
0157
0030
ff62
00e6
00d4
00cb
01cf
0091
0085
014d
ffbd
005b
010b
0166
001a
ff06
ffe1
01b7
024e
02fa
ff79
00c1
fe83
ff5d
008e
0102
012a
0095
ff67
0157
0236
0213
00f2
013b
0177
ff78
ff83
ff9c
00e8
00b8
ff5a
00c5
0268
0377
01c9
00d4
0108
fed1
fe04
fef7
ff87
0030
01e0
00db
01f9
02a9
013d
00f8
0023
fea6
fd81
fd62
fe99
007b
0158
024b
0149
0161
018a
01a4
ff9c
007f
ffe6
ff9b
fef4
fedf
0055
005a
00cc
ffba
0000
009b
04d2
00c0
ffd2
ff48
009f
00f2
0139
ff87
ffda
0068
ffed
ff3a
ff9a
ffdb
ffac
fff1
0003
00c4
00c8
ff49
00ee
0012
00a0
000a
002e
ffda
ff90
0060
ff33
0011
ffb4
ffea
ff9b
ffa2
ffc3
0042
0089
ffec
ffef
0099
ff71
ff6b
00f9
00ba
ff8a
ff31
ffc2
ffc0
ff5a
ff46
ff7c
ff95
00ee
0023
0118
0043
ff08
007f
0031
ff74
0096
0089
ff6f
00b4
ff95
ffe5
009e
ff84
0098
ffa0
ff5b
ff04
ff52
ff59
00c6
0058
0003
004b
fed7
ff77
fff5
ff38
ff51
000b
feda
00f5
fee3
0087
ff3a
ff52
ff72
ffa3
0065
ffdd
ffdb
fecc
ff9b
ff50
ffc6
feea
ffa6
ffc1
0011
feeb
ff7b
ff97
0050
0010
ffac
000d
0055
000c
ff54
0005
ffca
ff3b
ff65
ff58
ffa2
0082
007e
ff65
003b
00cd
004b
ffbb
ffff
00bd
ff21
ff93
003d
0042
ff04
fff2
00d4
0038
ff2e
0058
ffae
0105
ff34
fffe
00a9
000a
0042
ff26
ff3a
0010
0006
ff31
007a
ff68
ff00
ffde
ffa3
ff09
ff1f
ffdb
0038
feaf
ff42
ff84
ff52
feea
feea
0066
fed1
0025
ff1a
ff7f
fed1
ff59
ff93
005c
0086
0042
0074
ffcd
fefe
ffb5
0073
ff05
ff14
fead
0006
005b
0095
feb8
0046
0027
004b
ffdb
001b
ffa4
ffc2
feae
002e
0076
ff9a
ffd5
0052
ff57
ff0d
ffd8
0024
ffc7
ffd9
005b
0028
ff74
ff01
0037
feed
ff54
ff71
fec6
ff9a
0086
ffbe
ff61
ffd4
0068
0056
0070
ff09
ff98
fffb
ffb4
008d
003c
ff20
ffbb
ff44
ffd3
ff6e
003c
ff59
feb1
feeb
ffc9
ff44
0070
0005
ff91
ff67
0021
0022
003a
0075
0076
ff84
fffc
0050
0054
ff97
fea3
007d
004f
fefd
ff79
ff94
002c
ff9f
ff39
fef1
fefa
0017
ff66
ffc1
0003
ffc3
0023
ffde
0084
fee1
008c
ff8d
ff97
ff52
ff5f
ff60
0098
ffcf
ffbf
ff11
002d
ff1a
ffea
ff79
ff94
ff0f
ffc8
0075
fff1
fee0
fff8
fed3
ff61
ff72
ff56
0096
004c
0077
0030
fefc
ffa3
fe82
001d
ff20
ffa6
0087
001b
ffe8
004f
0089
002d
ff0f
ffdd
ff63
ff69
ff9b
fe68
ff0c
fecf
0080
ff5c
0073
0035
008f
ff3b
0089
00bb
ff44
fe9e
0024
001c
ff9a
008b
febd
ff44
0116
ffc0
ff28
0073
ff79
ff33
febf
ff47
0043
0011
00a5
ff95
00af
ffa8
fff7
00c3
00c8
002b
ffcc
0081
ff02
0087
0091
009c
fef4
0015
ff52
0076
0000
0050
ffdf
fef3
003d
005e
0021
ff7a
ff21
ff5b
ff7c
ff0c
ff87
ff2a
001e
ff31
0009
0074
000c
ffbb
ff6b
00b7
ff14
ffbd
ffa0
0034
ff9c
ff48
ffb0
0082
ffdf
ff6f
ff3c
ff52
ff02
ffdf
fee2
fefe
0014
0073
ff84
ff3c
ffeb
ff76
ffdd
0059
004c
ffb0
0041
ffce
ff7d
0022
ff1c
fe8e
ffa9
fff9
ff17
0013
0028
0075
ff5f
fef2
fef7
0020
0041
007f
ff36
ffe8
fefa
ff77
fed6
ffbf
0039
ffed
ff59
ff12
005e
0061
ffc0
003d
ff7c
fe8f
ff68
0071
0024
0034
ff2e
002b
feb4
00b1
ff50
ffdf
fefb
ffe7
fff8
ff01
0056
000d
feac
ffbc
0042
00f7
00a2
ffa0
006a
fffd
ffdf
ff3c
00db
ff22
ff2e
ff7a
ffd7
ffd5
0003
ffa7
ff43
ff3a
003a
fef9
00ea
fff8
0059
0032
007c
0021
ff48
fee7
0087
0042
ff6b
0094
ffa5
ffe8
0037
fea8
ff8e
ff85
00a7
ff8c
0086
ff18
00a1
0031
ff69
0047
ffca
ff4d
0087
ffa9
001c
ff2b
fef5
ffe5
fff5
ff3f
ff0f
001b
ff97
ffc8
00ab
0032
005c
ff9c
ff0c
ffed
ffd3
00cf
ff65
0040
ffcd
ff2a
006d
ff59
0130
005f
0055
ffc2
0059
ff8f
007f
0088
fed2
feea
ffef
0051
0007
fec9
ff15
0001
005f
ff53
008d
ff56
ff6d
fec0
feb3
ffc2
ff06
ffc9
0024
001a
00c1
00b9
0086
ff5b
00d7
ffab
002d
fe79
fe72
ff8c
feff
002f
0045
ff93
ff2b
0087
003b
ffd7
ffa5
0066
feac
ff4c
0086
ff06
004d
006a
004d
ff0a
ff50
feda
feb7
ff5f
fff5
0013
ff22
fefd
ff3c
fea8
0092
0031
ffac
ff6a
0063
0066
fe9f
00b2
ff13
000a
ff84
0088
ff19
ffd4
002b
fed8
004e
fecf
0058
ff50
0048
00e1
ffbc
ffa4
002f
000a
0065
ff8e
000b
ff56
0003
ff00
00de
00a0
ff05
ff85
ff3b
ff59
feaf
fec5
fff2
0043
fefc
ffb3
ff61
ff61
0023
ff10
ff2c
ff93
ffb7
ffcc
ff9a
ff65
0016
0021
ff5c
ffdd
0004
001d
0060
0085
ff14
fe68
ffd2
004f
ff94
003b
00ad
002a
ffc0
00a6
ff81
ff66
fece
ffd4
ff25
ff0a
ffb2
0073
0085
fef7
feba
ff29
ff58
0071
000c
008a
0024
ffe4
feab
fe95
ffdf
004c
ff87
ff32
ff9b
fede
0027
fecf
ffd8
fed2
ffd3
ff11
fefa
ff58
0097
ff80
001c
fed4
ff19
ff45
fe78
ffe2
fee6
ff61
ff5f
007f
ffc4
ff68
ffac
0131
ff60
00bf
0096
ff50
ff8e
0002
00c3
0053
00b9
ff67
ff35
ff4a
ff9b
ff95
0019
ff86
000d
fedd
ffdf
ff12
fef9
feca
ff2c
ffea
0062
fff2
ff99
002c
001c
fe87
0065
fe66
ffd1
ff86
ff41
0044
0068
fed0
ff92
fef3
ff47
0040
ffc7
fef4
0030
00e4
ff91
ff88
ffb1
ff02
006d
ffe1
001d
ffbb
ff2c
ff9e
fee9
003d
0027
0087
ff1e
fecf
ff25
ff6e
ffbd
febc
009e
0027
0050
febf
febf
ff4e
0071
0054
ff76
001a
000c
ff3a
fea4
ff57
fed6
ff93
0051
ffb5
fe5e
0064
0026
ff88
0006
ffee
ff70
000e
ffa5
00c8
ff4a
ff7b
ffba
000e
feb2
ff36
000a
0008
ff74
ffec
ff27
fffe
fe87
ff8f
ff83
fe7c
ffa0
fffa
ff22
ffc4
ff42
fff6
fffa
ff28
ff7a
ff91
0024
ffb2
ff3d
ff08
ff98
fe78
ff1e
00a2
006a
0061
000a
ff80
ffc3
001a
ffbe
0020
ffd5
00a6
ff14
ffb7
ffcf
00a9
fffc
ffc3
005f
fec4
0089
fec1
ff1f
ff30
0053
002c
fffa
ff43
00e6
0022
0010
fefc
006a
ffb0
ff70
ff81
0061
007e
fefb
007e
ffbb
ffdb
0071
0083
0092
ffe8
002f
0034
ff86
002c
ff17
009d
007c
fe9b
0076
ffc8
ffef
ff8e
0068
fecc
ffb4
ff33
ffa2
0082
ffa3
ffc8
007e
ff18
ff84
ffaa
ff4e
ff02
ffe0
ff59
ff41
0054
002e
0079
0029
005e
ff5e
0022
0083
ff23
ff92
ff9b
ff5c
006a
00b7
ffed
fefe
0080
0014
0022
ffc1
0049
ffc7
ffb4
fedc
ff8f
ff21
ff90
0096
0004
ffa2
00ad
00a7
0056
ffa8
0022
ffb0
ff51
0022
0038
002e
00d9
0030
00dc
ff50
0023
ff14
ff84
0013
0009
ff08
000c
ffa2
0065
00a6
0062
0055
ffdb
ff2b
0067
0008
00e2
00a2
ff0f
00da
fff3
fecc
002a
0076
ff95
0036
008c
fecb
ff76
ff1e
ff51
ff22
ff19
fe86
009b
ff56
00c6
001d
0055
0122
0059
ffff
0059
ff5f
005f
0080
0061
ffb6
fefe
0054
004d
ff6b
ff07
ff61
ff92
007e
ff1d
0065
febc
ff7a
ff38
fefc
000d
feb0
001a
0024
ff42
ff28
fee2
006d
00c0
0008
0001
fec5
fef2
006e
fef1
0095
009e
fef3
ff09
003a
ff6a
00a3
0074
ffed
ffee
0001
ff64
ff49
ff3e
ff5b
feed
ff4c
0055
ffd1
0043
ff76
fecc
0003
00b3
007e
00f6
0006
0035
ff6e
0137
0039
0075
ffd1
003a
006c
ff0a
ff8d
010a
0023
ff12
ff1b
ffee
ffbb
0035
0087
fefa
fec0
ffe6
0000
00c5
0106
fee5
0085
ffec
0020
0026
0093
ff3e
ff46
006e
ffa2
feca
fecd
003f
ff41
0093
0076
ffff
ffe1
0082
003f
fedc
0056
006c
000f
ff56
0033
ff4e
ffa0
ff26
ff03
ff8e
ff3c
0009
ff85
ffac
fef7
ffc9
00e2
0045
004e
005f
0001
ffa4
ffe9
ff59
0051
ffa8
ff36
fed4
0057
ff0e
0031
ff87
0009
ffb1
ff5d
fe9d
0015
fedb
ff3a
0003
fefc
ff4e
ffdc
00f0
00c3
00d2
ff15
0064
ff2b
ffaa
0090
0084
fe84
0033
0046
0082
ff92
ff75
009f
ff0b
ff5c
ff28
006d
ff6b
004b
ff23
ffd0
0008
ff11
0073
ffb2
ff79
ff5a
ff94
ff72
fed4
ff39
fe87
000e
ff37
00a8
ffc6
ff5a
ffa1
ffaa
ff5f
ffbb
ff98
0034
ff24
00c0
ffb6
ff63
0076
0043
ff2d
009d
ff65
fef9
0051
0007
00f5
0076
00a6
ffa9
ffab
0019
0092
fe6c
ff43
0026
0049
ff5d
ffe0
ff47
00c0
00d5
0008
004a
ff38
0045
00b6
ffd2
0060
fef3
0065
ff2f
ff42
005b
0026
ff9a
ffae
00cf
ff41
ff63
ffed
ffd8
fefe
ff45
ffbb
ff06
ff40
ff5c
00a9
fff6
0029
ff38
0063
ffde
000b
0021
00d0
ff89
ff91
0097
ff64
ffc5
ffe6
ff3d
ff96
001d
ffdc
ff27
feda
0013
ff4a
ffd7
0093
fed6
0093
ff79
ff82
fef6
ffcc
005a
0040
ffb3
ff71
ff33
006c
ff58
ffc8
ff31
fecd
000a
ff5d
ff2a
ffc3
0047
ffc9
ff85
ff3f
00a0
fee9
ff11
002c
ff23
ffdf
002d
fed7
ff10
ff42
0072
0084
0078
003d
000a
ffa3
00b0
fec4
ff35
0027
fee2
ff18
0056
ffe7
0029
ff1f
0044
ffd9
0021
feec
0007
feca
ffe6
ffa7
ffc0
ffb2
008f
003a
ff8f
ff22
008b
0001
fed0
ff67
000b
ff5a
ff9b
ff92
ffa0
ffb5
0042
00ac
0084
0071
ffed
ffaf
0045
0095
0034
0088
0010
0004
ff27
ff43
0050
ff2f
ff40
ff4d
0025
0043
fec4
ff03
0083
004a
0048
00f4
006d
ff9c
fef1
0027
ffea
ff87
ff05
fffa
0079
ff36
ff87
ff9e
ffb4
0055
ff51
00a2
0089
ff12
ff32
ffb2
0003
0052
0002
003c
ff68
00bd
ff52
009a
fef7
ffe3
000f
0110
fec1
fede
ff49
002b
feed
ff0d
009e
fff9
ffb4
004f
0065
0005
ffce
00ab
ff77
feff
fefb
fec5
fed7
00a6
ff15
ff29
ff65
0045
ffb8
fed6
ffef
0017
0010
fee5
ff0b
005c
fffa
ff38
ff36
002d
fedf
ff66
0037
002b
ffb2
0086
ff4f
000a
ff35
0000
0074
ff7f
0056
ff80
0074
0084
ff2c
fff9
ff04
004d
ffbe
005f
fedb
ff49
ffb9
ffbc
ff07
ff8d
ff8e
ff8f
ff86
0006
0005
0003
fff5
ffa7
00a5
ff62
fec8
ff71
ffd8
ff29
ff16
ff2f
ffb4
0059
fec6
ff16
ff4d
fef3
ff33
0029
0037
ffcd
ff0d
fffc
ffce
ffc7
009c
0046
ff21
feed
006c
0091
ffee
ffa3
ff2a
ffc2
ff8b
ffa1
0062
0061
00b1
ffdd
ffeb
fff6
ff63
0008
ff9a
fed5
ffab
ff54
ff64
0079
ff92
ff6c
fef5
ff55
0031
fff3
ff6d
ff50
ff41
0004
0034
fec4
0074
fed8
0022
fee0
fec8
000e
ff48
fec0
fecb
ff09
ff27
ffa1
003f
fff8
ff26
0009
fffb
0054
ffb4
ffeb
ff2d
ff68
ffeb
00e5
0122
002f
006f
ff51
ff2a
ffe5
0011
ffda
ff6a
0073
0000
004c
003c
0017
ff24
fff8
000c
ffed
00a1
fff0
fffc
ff49
006e
ffb6
ff95
fe22
ff43
ff2f
0029
ff58
007f
0001
fee7
0005
fefe
ff95
ff56
fe6a
0063
00fc
ffac
fef6
ff2d
ffe4
ff5d
000a
fece
ff84
ffe4
fe73
ff02
0000
ff75
00e4
0081
0077
ffbd
006e
fefa
ff36
fee0
ff7f
00ae
ff0c
ff52
0093
ffa9
ff31
ff9e
0070
fe6d
fedb
0040
ff89
ff5f
fece
ffc8
0034
ff76
fef7
0023
0027
0026
009c
ff5f
0036
0041
0017
0022
fede
0018
0028
008f
feb2
ff47
ff6c
ff2c
000d
000f
ffd0
0032
0042
ff3e
ff6f
002e
fff1
fed6
fe8b
ffc8
ff72
000f
fee2
0152
ff30
fefb
0147
002b
ffe3
00be
0012
ffc3
ff1f
ffa3
febb
ff80
ff11
0070
fec4
002d
fe96
ff04
000d
ffc2
ff7b
ff75
ff4a
fecb
ff7a
0097
004c
ff47
fe91
ff34
ff4d
ffe8
ff28
0095
ff4d
002e
00ad
ff1b
0014
00b8
00e8
001a
000d
ff6a
005a
0027
003c
ffc3
ff9f
ffe4
ffa5
00a5
0021
007b
00ac
fff3
003c
001a
ff90
000c
ffb8
ff50
0069
0002
ff78
005d
00ca
ff17
ff24
00e0
0070
00aa
ff12
ffce
ffe8
002c
00b1
ff17
ffe7
ffd5
0087
ffb2
ffa8
00a6
ff8d
00cd
fece
0084
ffec
ffc0
0127
ff1e
ffde
ff97
0087
0038
ff13
ff75
ffd6
0133
ffc1
ffcb
ffee
001e
ff2a
ff3e
0010
ffaa
00b5
000d
008b
00a8
ffa1
00bc
00a0
00a4
0075
fff2
0092
0000
00ea
002e
feb9
ff91
ffcb
00a6
fee8
ff69
ffb4
ff5b
ff3c
001c
00ae
fff5
0085
ffc4
ffc3
005a
00df
ffe0
00a1
004a
00d2
ff32
00e3
ff8f
00a9
00cd
00c1
00d2
ffb2
0092
ff34
ff65
fec7
fff9
ff8a
00d6
0033
0018
fff8
000b
fec3
ff75
ff26
ff99
00b0
ffff
00b0
00b3
00d3
002b
00d4
ff19
00a8
ffa1
00bd
0024
009f
0051
0042
febb
0054
ff35
0053
ff55
0031
ff94
005a
ff16
ff2a
fee2
fec4
ffd0
0022
ff71
ffd1
ff79
ff8c
fef2
008d
00a7
0045
006e
feba
ff98
fee0
0093
fee0
ff95
00a8
002a
0051
ffe7
ffb3
ff27
ffc3
0070
006d
ffb1
ffbb
ff84
ff24
ff22
00a4
ff1d
fec5
ff27
ff7e
0000
ffbe
ff79
feea
ff94
009a
fefb
0068
ff45
ff2e
ff44
008c
ffc5
ffb5
001a
0064
006b
ffc4
0068
ff4a
ff65
ff35
0097
0094
003f
fece
ffb5
ff84
004c
ffa3
0032
ff92
0054
ff1d
006c
0048
ffc4
fed9
007b
00a1
009a
0029
ff93
ff05
0096
fee8
0033
fedc
0004
0098
fede
002d
006e
ff35
ff29
ff70
ff1a
006b
004e
fed6
0048
006f
ff7b
ff04
0080
fff4
00a3
fff1
0051
0002
fed2
ffc7
ff62
ff44
fecc
ff10
006f
ffce
0079
fece
005e
00a4
ff80
0014
ff3b
00a1
fedd
ff24
009d
ffc3
00a2
fed9
ff5f
0040
ff50
fffc
0048
ffa8
00fb
0091
ffdd
ff41
ffd9
0011
0006
ff1e
ff52
ffce
0036
ff66
ff83
fffc
ffbe
002a
ff0e
ff36
0008
ff9f
fffd
0001
ffa2
007d
ff75
ff73
feff
ffe0
ff06
ff87
ffd0
003b
ff20
00de
00c5
002c
ff9c
ff5a
0056
0041
ff8b
ffce
00a6
ffc7
ff63
ff59
002f
ffa3
0064
ff1e
ff2b
002e
0084
fefc
000f
ffe8
00bf
008e
00af
00ae
fec5
0068
00b3
001b
ffe4
0084
002e
ff57
006a
0060
ff55
0007
0034
ff73
fea4
006c
ff43
ffa8
00de
ff7d
ff0b
ff0b
ff08
fffa
ff1d
007a
ff42
009a
0023
ff54
0013
ff1c
00c3
ff65
00bc
00a6
ffbe
0021
ff9d
fecc
000a
ff6c
0084
ff6f
ff39
ff19
0008
ff1d
0074
00dc
ff63
001f
ff4a
fffa
fff2
00ce
ffba
002e
006e
ff48
ff3c
ffa1
0062
00b4
0088
0047
ff9a
0050
0032
0093
feed
ff1d
0042
006a
ff7d
00be
ff88
00d7
00c4
0036
000c
fec8
fec9
0040
ff67
ff44
ff23
ff25
ff39
0072
ff7a
000c
0074
ff34
0042
fffe
fe6a
0045
ff31
0086
fea3
ffe8
0029
fef2
feb0
00b1
fffe
0078
0019
fff4
fe69
003b
0030
002f
fed7
ff08
003a
ff9c
00a7
0000
fff7
fe55
ff4a
0003
fec7
fff1
ff40
fe9e
0063
fe80
fec2
ff10
fef1
ffc0
fed4
feaf
ff9b
0060
009e
fefa
ff83
ffbe
0027
005b
001a
ff1d
0030
005a
002c
ff71
ff9a
0003
001d
0034
fed9
001a
ffc3
ff0e
ffb0
ffc6
ffa2
ff06
0055
fff2
ff42
fe9d
fefc
001d
ff43
0014
ff5d
fed9
feed
ff71
fe60
ff55
ff18
003b
ffe8
fff9
ff11
ff5c
ff29
ff41
ffac
ff0f
ff14
ff29
ff28
003a
0057
fed7
ff89
ff3b
ff3d
0029
ff81
ff3b
fedb
ffb4
ffb4
ff7b
fed5
ff2e
ff43
fe6b
ff47
ff18
ff04
0018
ff34
fe85
ffc6
feca
fe5d
ffbd
0066
ff79
fe8b
ff7b
ff08
ff18
fefc
fe6d
ff88
0005
004f
fec4
0078
ffae
ff21
fffe
0027
00e3
0079
ffe4
ff18
ff56
00d0
00e3
ffdf
007a
ff41
ff92
00d7
002d
0061
ffa8
ff4e
005a
00a5
ff64
ff21
00a8
ff0a
ff41
ffd2
0013
0020
ff52
ff8f
ff37
ffbf
ffc6
00a9
ff7b
ffe3
ff85
ff8e
ff23
001f
0075
ff50
fff5
ff61
008a
ffcf
ff73
00b6
ff44
ff6f
ff49
ffc6
feb1
0020
ff55
ff23
005e
002d
0000
0021
ff17
ffb4
ff3e
003e
0088
ffb5
ffc4
ffd0
ffc0
002e
ffd7
0032
0082
ff58
0025
00ee
febe
008a
ffc1
0095
ffd8
fff7
ff40
006e
ff65
ff6d
004c
00ac
ffc9
ff85
ff6d
ff4b
ff3d
0001
ffc1
0097
ff3e
0026
ff5e
ffc8
0096
007e
0033
00b4
002c
00d0
ff60
006f
00a9
0008
00bc
007c
ffb7
ff0e
fff8
fff9
ff38
00dd
00a4
006d
ffe4
ff4a
00ea
ffed
fede
fec2
fff9
ff9c
0051
ff4d
000f
ffe7
0031
0048
ff86
0011
0083
ff9c
fec5
ff31
ffa5
000a
fe9f
febe
ff59
0092
ff8a
ff71
ff4f
008f
ff81
001f
ffe2
0028
000e
ff8b
ffc6
fffe
ff96
ffd3
ff4b
009d
fec3
fff1
00d0
ff28
0074
ffc4
ff89
ff7e
ff6a
ffe5
ff69
0001
ff72
ff4c
ff7c
fff4
ff2b
00c9
0043
0084
ff3d
ff47
00bf
00bf
ff79
ff1b
fffa
00a0
0005
ff2b
ffcc
ff6f
ff0b
ffb2
ff1b
ff2d
ff72
ffee
0033
001c
fff3
00b4
00ec
ffaa
ffad
ffed
0027
ff98
fef2
ff7d
ffe8
ff8b
ffc9
00c3
00f1
0088
ff52
ff87
ff37
ff56
0081
ff19
fff6
ff12
0027
ff9c
ff28
0060
fea2
0052
ff1f
ff76
0077
ffc0
ff55
ff70
00db
ffaa
fff6
ff33
ff0d
fffa
0081
ffe8
ff7b
ff84
ffa6
000d
ffd3
0063
ff4d
0015
00ad
feea
fef7
fefe
ff96
0041
0071
007f
0019
0076
ff82
ff51
007b
ffe2
003e
ff6d
0043
ffd7
0027
ff70
008d
ff78
ff8f
003b
0056
ffd8
002b
ff1d
ffa2
ffe4
fee5
0022
ffb3
ff24
001d
006e
fec8
fed3
febb
ffed
feb6
ff3e
ff13
fea4
0010
ff26
ff35
ff65
004b
ffc4
ffbd
fecb
0048
ff24
ffee
fee1
ff81
ffa6
fed7
0013
ff46
fee1
fea3
ff6f
fecc
ff67
002a
ff20
0022
007f
ffbd
ff23
ff03
ffb6
ff13
feae
ffb3
ff45
ffb2
fe9f
fefb
ff08
0071
ff80
ff13
ffb8
fed9
ffda
fedf
0035
003d
fff5
feba
ff7d
ffb8
ffa8
ffcb
fec6
ff80
0030
000f
fed2
feb4
006d
ffcb
0060
ff0c
001d
ffe8
ffb5
0070
fee3
ff85
ff7c
fea2
ffdd
007f
ffd3
ff44
ff96
fed2
ffd1
000c
ff41
ffd2
ffd3
ff64
ff2b
002c
0066
0040
feac
ff44
ffa6
ff8a
fff0
002d
0067
feca
0087
ff32
ffa8
ff2f
ff29
0070
0008
fecb
feb2
0033
fec2
ff9c
002e
ff4b
ff70
fef1
fee7
0023
febe
fed5
ff0b
fee7
0058
007b
ffb0
ffe3
0045
0080
007f
fed1
ffcc
0072
ff7d
febc
fea7
ff00
ff3a
fea5
ff18
ff25
fe9f
feb8
ff39
fffa
0065
ff7c
ff20
0025
ffe1
ff12
ff0a
ff47
ff86
002e
0026
ff45
0027
fe9d
0054
ff22
ffe3
0002
002c
ffb8
ff5e
ffbc
feb7
ff56
003f
0048
fef4
ffe6
ff7d
ffa2
0014
ff77
004e
ffbe
003f
fe9f
ff69
ff93
0046
000b
ffe4
fee4
0026
0036
0028
fed5
ffaf
fed1
ff7d
0046
0083
ff6d
0015
006d
0039
ff62
ffa6
004d
ff13
fec1
ff83
ff35
fef4
0022
ff46
fece
ff00
0029
ff6e
0045
ff48
002e
ff1b
0033
ff48
ff3a
febe
fea4
ffb2
001c
ff14
0060
0016
fea6
ff43
0015
ff58
ff93
ff36
fea1
0026
0021
ffce
fee0
fffe
ff22
0008
0087
002e
ff35
0057
ffa8
ff0e
0001
ffa0
ff24
0012
0053
0004
ffa0
0024
fecf
0003
fec5
ff20
0076
ff04
fec4
ff12
fee7
ff1b
0080
ffeb
ff5d
feb0
0021
ff0a
ff5b
ffc5
ffcf
ff01
ff12
004a
00a9
ff22
feab
fffc
ff31
ff2d
0042
ff4c
0088
ff56
0085
ff6d
ff47
ffb4
ffcc
ff4e
ff90
ff0a
ffe4
ff7b
fefe
008e
00d8
ffa5
0078
ff5b
0083
ff5e
ffef
0063
006e
ff6e
ff63
ff48
ffca
004c
0080
ff34
ff0e
007b
0055
ff5a
00bd
ff50
00bf
ffed
ff01
ff70
ff1d
0015
ff58
ff66
ff69
ff3c
ffd7
00b2
0000
0024
ffa0
ff44
006e
0083
003e
ffaa
ff51
ff11
ff67
0012
ff2e
ff02
fed5
ff2f
002d
0086
003f
0002
ff89
ff76
ff21
ff1c
ff53
0030
feed
003e
fea1
0091
ffbb
001b
fff5
ffc1
ff82
009a
ff33
ffe7
ff15
006a
ff64
ff4d
004d
00f8
000d
ff52
ffa2
fff8
005f
fffc
0005
0006
006d
0099
ff5d
0073
ff36
ff92
00e2
ff89
ff8c
ff44
fef6
ff10
ffa9
00ea
ffa5
ff7c
ff25
ff23
ff0d
fe89
ff21
0046
0010
005e
ff3d
007e
ffc4
ff63
ff3a
ffc9
0068
0058
ff8d
000d
fe84
fed8
ff09
feea
003e
00d8
00cd
ff65
0076
ff37
0056
0052
0067
003f
000b
ff67
fffe
ff01
0027
009e
0022
0000
ff2c
ffea
ff44
007f
005f
0075
0046
0047
ffb2
00f3
0092
ffc8
0029
005f
ff0a
00b6
00d8
ff60
009c
ff3d
00ce
ff2b
ff0b
ff65
0085
ffea
ff4b
ff5b
ffad
ffd2
00c6
ffda
006b
00b7
ff96
ff57
0036
ff11
ff8b
00da
ff7a
ff3e
00c2
ffa4
00b5
ff89
00cf
ff18
002a
ff3d
00db
00e4
00ac
00e0
ff67
fff2
005f
006b
ff63
0035
0061
ff58
ff12
ffba
0096
fffb
0097
ff2b
ffe9
ff98
ff8a
fff1
ff7b
0075
0000
000a
009b
fff3
00b5
00ba
0019
00b3
0094
00d7
006c
fff5
ff6d
ff27
ff30
0086
fffe
009c
ffd6
ffce
ff91
ffde
0087
000c
00c4
0010
ffcf
ffce
00cd
ff6b
00ed
fffa
ff8f
ffe9
0031
ffe5
ff77
002c
ff0d
ffb0
fee0
ffdd
0031
00d2
0053
fff2
ffd4
002b
feff
0026
ffb0
0042
0038
0075
00f4
00c5
ff5e
ffb9
005c
ff7a
ffe5
ff34
00b0
fefe
00c4
ffa6
002c
002d
001b
0053
00bb
00e3
0052
005f
fff5
ff56
00d8
0099
001e
00dc
00ac
ff41
ffaf
fffe
00b9
00b6
ff54
0015
ffa9
ff3e
0024
0000
008d
00c8
fefc
ff9d
ffaa
ffa5
ff32
ff4c
fffc
ff2a
fff4
ff52
00e4
0053
ff4b
ff26
ff99
ffa1
ff42
ffe5
ff3b
0066
ff66
ff37
ff3d
00b8
002c
fffa
ff90
0080
ff84
fff8
ff88
ff43
0015
00e8
ffb1
ff32
ffe2
ff83
ff7a
ff93
ff8b
0007
ff6c
ff50
ffe4
ffb3
ff7b
009c
ffc8
ff4e
ffca
0092
00ce
ffd0
007c
ffe3
fefc
ff02
ff84
003d
00e8
0002
0111
ffa9
004b
ff7c
006e
00aa
00b1
006e
006d
fff2
ffbc
0041
ffe4
0065
0026
ff16
ff83
ffee
0030
00b2
004c
0016
ff5a
00ca
ff69
007b
007b
ff4e
0065
ffae
00c9
ff34
004d
ff64
007a
002a
0053
00e0
00a1
ff39
ffda
0016
ff33
00df
ffb9
ff6a
ffe6
ffb5
ff7e
ffda
00b2
ff61
00df
ff73
0029
000e
ff65
ff42
0062
0005
00e7
ffa6
0057
ff32
ff2d
ff66
0024
ff93
0071
ff48
0013
007d
ffb8
0098
00e6
ff1c
009d
0077
ff9c
00a1
00d9
ffba
00d7
ff90
ff81
0060
ffbe
00df
00a0
ff24
000d
0005
ff14
0079
ff21
ffa4
ffa5
0035
002f
00ce
00b3
ff8a
0024
001c
0053
00b6
0039
ff87
ff18
00e4
ffe4
ff41
ff57
00d9
0077
00a1
0031
00e1
006c
fffb
00f9
fff1
ffd9
001f
ffc3
ff38
00bb
ffeb
0052
ff67
0078
001b
00a0
0040
ff2e
0011
ffb6
00e0
0072
ff88
0028
00db
009a
0085
ff34
ff22
ffbc
009b
004c
00b6
ff66
0045
ff66
001f
0085
00f2
ffaa
0007
ffcc
006c
00c1
ffd4
ff86
ff18
ffe8
ff89
ff36
ff19
0032
008c
ffdd
ff24
ff75
00a5
000c
ff13
ff81
ff23
ffd3
0055
0015
ff97
ff33
0000
ff5f
ffd5
fea5
003d
ff3c
0029
0023
ffdb
0039
fee3
ffea
fef9
0043
0042
ff34
ffcf
0040
ff78
ffd6
ffd4
ffe2
fea7
ff6c
004d
ff09
ff2c
ff09
ff61
fec6
ff88
ff19
ffa0
0025
ff98
ff63
ff3d
fecb
ff1c
0069
fea1
ff79
ff5b
008b
fee2
0093
fed2
ff36
ffeb
ffa5
ff87
ff63
feca
006e
ff41
006c
fed4
0069
0055
ffc0
ff3f
ff3b
ff17
ff0e
fee1
ffae
ff52
ff18
004f
008a
fff5
0030
ffa4
ffef
0014
006e
0068
febb
002b
ffd1
feec
ff2f
ff0b
ff56
ffeb
feae
0053
0082
ffda
004d
ff37
ff1d
ff66
ffe7
ff4a
ffa8
feb4
ff8d
fff3
fed2
ff1b
0035
0055
0060
fff1
fef9
006c
0076
fef2
fef7
ff97
ff25
fed4
ff30
ff9f
ffd3
ff71
003b
001f
006c
003b
006f
008c
ff0d
ff2d
0015
feac
ffd3
ffbb
ffef
0049
fee8
ff21
ffdb
ffd9
0065
ff56
0086
ffb5
ff1a
ffc2
ff58
fee8
fe8b
001f
ff4f
00d2
ffde
0053
0022
005b
003d
ff95
ffce
003a
ff60
00d1
ffb5
00ba
0096
0018
ffd2
00d9
ff58
ff29
00e2
ff2d
ffdd
ffbb
007d
ffc6
ffed
002c
0057
0049
0045
00b0
fff3
00a4
ffd4
ff1e
ff26
00c6
00a8
00c9
00bf
ff1e
ffd3
ff5a
ff31
00c3
0099
0054
00c4
003b
ffe5
008c
ff9e
ff75
0085
ff06
00e3
000d
ff45
0094
ff14
004a
0015
ff8f
0071
00b1
ffa2
0053
ff9d
00af
002d
ffaa
00bc
ff6c
00e1
00b9
ff9b
ffb4
006f
ff7e
004c
000e
00f2
ffd8
ffce
006d
00f2
ffb2
ff48
007a
fffb
ffd6
002c
ff52
003a
ff77
ff6e
0038
00f5
00c1
009a
ff86
003f
ffb4
ffe4
0002
ff6b
0035
0090
0029
ff54
ff1d
00d1
00c1
0068
ffa5
ffda
00ae
00ea
00ea
0075
003d
008c
002b
ffa4
ff90
ffdf
0001
ff42
004e
002b
00b4
fff7
ffff
0028
ffe6
ff98
00f4
0055
00bb
ff1c
00d6
ffce
ffbf
ff38
00d3
ff9d
ffcf
ff5f
ff80
ff1a
ffc1
ffc4
ff54
0087
ff36
ffc2
ff91
005a
ff93
ff4e
006e
0010
ff93
ff65
00c2
ffe3
ff41
00aa
ff9e
002d
ff79
ff23
002b
ff06
004b
ff08
00f5
ff4b
0037
00bd
0098
ff22
00a1
ff74
005e
00ce
ffd9
0038
ff6d
00ab
ffe0
ff1c
ffb1
ff3d
ffbe
ff39
00ac
00a6
ff9a
ffd5
00a4
0001
ffba
001d
00c4
002a
ff33
ffa5
0052
005e
ffe4
ff6e
0092
ff3d
0021
ff3d
0016
00b0
ff16
003b
0070
ff36
00d2
0068
ff44
ff19
001c
ffc5
ff2d
0084
0042
0025
00d7
006c
ff31
0071
ffb9
00df
0050
ffb6
0053
00a3
ff9a
009b
ffa3
ff6a
0015
0024
0086
00a5
009a
ffb1
00ca
ffe9
006f
00c9
ff31
00a9
ffc3
00a2
ff11
ff4f
001e
ffbf
0032
001f
ff8f
ffbf
00f2
00bf
ffa1
00c9
ff9a
002c
0042
ff7d
ffd3
0053
ff11
00f5
003b
ff2a
ff96
0079
ff77
00b4
ff14
0034
fea7
001c
0043
ffd1
ff25
ffc8
ff2a
fe95
ffae
0025
fef1
fff9
0032
ffb0
ff1b
fef8
ffcc
ff8c
0071
fefc
febc
ff25
ffd6
fecd
ffbf
feb9
ffa0
ff7e
fffc
ff70
008b
feaf
ff1a
fea9
ff5d
ff48
ff3e
000c
002b
ff69
ff13
0057
ffd3
ff13
005b
ff85
ffbb
004d
fe9e
fecc
febf
ffe6
0083
fed2
000d
fea3
ff2e
0069
ff04
ffef
0022
005f
ffbe
ffb2
0026
0081
ff7d
ffe9
ffa8
002d
ffcb
0045
ffa8
0007
0050
ff9a
ff84
ff0c
0044
ff05
00da
00f7
ffda
ff93
ffb9
fefa
ff73
003a
fec4
ffeb
001a
fffd
ff18
0008
ff2a
ff67
fffd
ff2d
fff3
ff58
fedd
ffb6
ff81
fff2
ff28
ff81
ff30
ff5c
ffac
0023
ff2b
ffc8
ff98
fffc
ff54
feaf
ff06
ffaa
ff99
002c
0022
002e
ffa3
0027
ffc8
ffc2
ff81
ff00
0047
001a
ff2b
ff10
0036
ff47
ff19
ffa1
ffd5
0021
ffb3
ff7d
0044
ffde
0073
ffeb
ff9a
fff5
002b
0015
ff76
ff71
0026
0037
ff99
fed9
0086
ff4a
004b
fff9
ff27
ff56
00dd
ff74
ffec
00c7
00dd
ffbd
ff3c
ff4b
003e
ff06
ff52
0011
00ec
ff65
0017
007f
0112
005a
0062
004a
ff19
00ce
ff8b
fffa
00ed
ffb4
0027
00d5
0088
00f8
ff50
006c
ffe8
ff61
ff90
ffbb
00ba
ff27
ff13
ff1d
ffc1
fea6
00e7
ffd5
ff7f
0093
ff2c
ff39
0057
003f
ff4a
0035
ff2e
ffe9
005f
0036
0073
00f4
0031
ff46
0096
ff9a
005f
ffce
ff64
ffee
ff43
0022
ff53
ff8b
ffec
0095
0045
ffe9
fee7
feeb
ff9a
ff57
0086
ff49
ff2d
ff3b
00bb
ff3e
0059
ffbb
ff2c
0064
ff33
ff73
0059
ff8b
00b8
ffc8
0020
ff82
0096
ff30
ffb1
0061
ffc4
0078
004d
0090
00e8
0035
ff6f
0025
ff2f
0004
ff6b
ff9e
ff85
fea2
ff97
ffad
004b
ff07
0040
feb6
ffef
ff6f
0021
ff37
009c
0066
ff45
ffa3
ffbf
0068
ffe6
0056
ff34
ff18
0086
ffa3
ff30
0089
0028
ffa1
0024
ff85
fff1
0072
0005
feca
0067
ff54
0068
002b
fec0
004e
000f
ff86
fec3
0013
ff0e
002d
ffe2
ff99
ff90
ffd4
feb4
febf
fea4
000d
0072
ffe0
0065
ff99
fed1
0028
fee6
ff02
ffe1
ffe4
fec6
ff2e
002d
007d
0078
ff33
fedf
006e
ff7a
0042
fef1
0028
ff08
ff72
ff05
000b
fee0
feb3
006f
feaa
ffea
ff2e
fef2
0022
ff7c
fec9
ff6c
ffed
ffa8
ff0f
fed3
ff31
ffe7
008b
004a
ffd5
fffd
ff99
fecf
fef5
003f
ff0f
0012
00a7
ffa8
003f
fff1
ff02
fef2
fe9c
fea1
fef6
fee0
ff08
fffb
ff0a
ff13
ffc1
ff8a
ffed
0042
ff8d
ff35
ff63
ffe2
ff8d
006e
ff2d
0099
ff61
feff
ffa1
fef6
002e
ffa6
ff04
ff2d
ff61
ffd0
feff
ff44
ffdb
ff47
fef3
ff77
ffda
ffb4
ffc5
0031
ff95
003f
ffaf
ff86
00ed
ff8c
fed9
006d
fef5
ff63
00b5
ffd5
ff48
00e5
00b8
00db
00b4
ffdf
ff51
ff29
ff3b
ff5a
0093
0011
ff78
ff9b
00d7
ff17
ff2d
ff48
ff1b
ff22
000c
ff72
ff5e
0090
000d
0076
005a
ff1e
000c
fea8
00a1
00d1
ff72
001e
ff20
00e7
0010
009c
008e
fffc
00ab
ff80
ff0d
0096
0046
0008
ffa1
ff19
0053
ffd9
00af
00dd
00c9
0024
0064
0049
00dc
004e
0018
ffb2
ff79
ff1e
ffda
0019
ff70
ffab
00f0
ff64
0065
00d3
0069
ffa6
ff2e
00b3
ff3e
ff07
0077
feb8
00b9
ffdd
ff13
ffea
ff30
ffa2
ffee
0036
ff59
00ae
006b
003f
0076
00bf
0076
fff6
ffa3
0015
00eb
0042
00d9
ff31
005b
ffd7
ffac
000d
ff2d
ffa6
0081
ff2d
ffd9
0007
ff0f
ff4a
ff29
ff2b
ffc4
fffb
00a6
00af
fecf
ffbf
ff27
0063
0080
00ad
0090
0083
00ac
fffa
005e
ff37
0018
001d
ff2d
fffd
0037
0097
fff2
ffa4
ff5d
fea8
001d
0023
ff8b
0028
feed
006f
0004
ffb9
ff76
ff75
ffb7
ff83
ff3e
ff54
fed2
ff46
0015
0012
ff7d
feb1
ff2c
005a
ff1e
ff14
febe
feff
ffb9
fed7
0061
ff00
fed4
ff39
fea5
0021
ff64
ffb9
ff86
ff96
feb4
ffa6
004a
fef4
fff4
fec5
0080
ffa9
fec8
ff28
0019
ff9e
0005
fecb
fec1
ffe9
fef7
fec2
ffc9
fee6
0039
0049
fff4
ff81
ffd9
ffb0
ffde
ff67
fffe
fef4
ffab
fed2
005c
000b
ffc5
ff0e
febe
0078
ff03
004a
0011
fe9f
ffd6
fec1
fed1
0025
ff5b
ff43
005a
ffe9
feaf
fec7
ff96
ffcb
ffed
0044
fee9
fff7
ffff
ff65
ff9b
ff5b
fed4
ff95
ff1a
ff42
ff49
ffe4
feb9
feab
fe9d
ff33
ff52
ff87
ff56
0070
ff90
0051
ff60
ffdd
ff3e
0073
ffcc
ff5e
feac
0019
ff92
fece
003d
fec6
0018
0058
ff6f
ff68
ffe3
fff7
fef3
0059
006d
ff7c
0025
0057
0056
ffe1
021a
01b2
fe54
fefb
00c9
01c8
0090
ff2c
000d
0060
fcfb
fed8
ffae
00dc
006c
0186
017e
0264
00ab
fe53
ffa3
ff0b
fb9d
0009
00a8
0113
0217
00e6
00c2
ffd0
ff63
fe3b
feef
fe62
fd66
fffa
00f7
0391
0211
03d6
0120
ff22
0074
fe02
fe74
ff3b
fe27
024a
00f1
017c
004a
0125
01f1
01dd
ffa7
00a4
018c
ff82
fefb
00d9
013c
01cc
ff91
ffee
0100
00d5
0042
00c3
0398
0306
016c
026f
002c
0220
0169
0130
0247
00fd
02bd
0176
01c1
0247
ffd6
019e
00c2
00e7
0243
0385
0209
0225
0441
024a
02e3
0387
ff6c
ff5c
fe3c
fc74
fdfb
010e
01c8
01a1
04ff
046b
0391
01f7
fee4
ff9b
00e1
fcea
fd2a
fe95
fe46
fd74
ff9b
0246
0257
024a
ff01
00e8
ff85
fcf9
fbc5
fc48
fd35
fe13
ff02
ffcf
feb5
ff5f
ff2f
004e
015a
ff8f
0028
fefd
fe8b
ffac
ffa1
fe7e
008c
fef2
003c
00aa
018d
ff0d
ff4e
fe9d
fd3a
015c
008c
0108
0224
02b5
01cc
0162
ffa8
ff14
fc3e
ff87
ff45
fff2
fe91
ffa5
fd32
fdf9
ff73
02b2
fdac
ffa2
ffa7
feeb
0026
003b
016f
0149
ff4e
fe1d
fe1a
feec
ff9c
0173
ff7f
ff52
005a
ffd9
ffe3
ff19
fe70
fd5b
fd61
fd9f
ffc0
0212
fe2b
002c
012e
ff18
fd50
fe9f
fd76
fd7e
fca1
fcd8
022b
0053
fdfb
fc66
fe98
fdfc
fcaf
fd37
fe69
feb2
fc78
fe61
0247
010b
fd06
fe2e
fef7
fc10
fcd1
fa91
fd58
fe1d
fd64
fe32
0121
0256
fec6
fd77
fc71
fd48
fe9f
fcb1
fdb2
ff2b
fe78
fe80
ff72
fe47
fdb5
fe7e
ffaf
fee3
ffdb
fee8
fed2
fe47
fd2b
000f
fe8e
feed
fdf8
ffeb
ffb8
ffca
0053
fee4
fdd1
feee
fd22
ff5b
ffec
fe89
fe78
fd96
0028
01d1
00a0
ff77
febf
fe39
fe2e
021f
0082
ff87
fe43
ff77
ff7a
ffe6
0169
004f
fff8
ffb9
fee0
0271
01a8
0258
0262
01d6
015e
03f8
01a9
012b
ff81
00b7
00d2
ffd2
019e
043c
035c
018c
03f7
04a0
04ba
0399
01db
00a0
01e5
00d7
0149
038e
0451
0219
03a6
043d
03f4
0435
01ec
00ed
ff35
00f7
01d0
0336
0243
0138
025e
0039
02a9
03c2
01d9
00fe
0094
015b
ffe5
0266
0131
0019
fe9d
fe26
ff80
006e
02af
0128
00ad
ff0e
00be
0370
0430
0199
ff17
fd64
fc4c
fcde
ffc2
0027
0042
fe2d
0051
fdbb
fe09
0077
ff0d
fd1a
fdd0
fce3
fe59
ff6a
000c
fe91
0034
fe01
fed6
00c9
0184
00ad
fffa
ffb5
0036
01c8
027a
fec0
ff69
fcdd
fad5
00e0
0101
0360
00e3
0121
ffee
0220
03cc
0173
014f
fd62
fd3d
02ca
02e9
02f8
03b0
0278
03b1
03d8
029a
02c8
fffd
ff6c
02e4
0563
040c
03fb
030d
01b7
0319
032c
0260
ffe6
ff6f
00a0
0223
0343
0087
fff5
001e
01d2
00e9
01ec
ffdb
0236
03ba
039e
01c3
0491
0568
049b
0460
0289
01c6
01b5
ffdf
003c
02e3
ffae
ffb3
0286
028b
0374
0454
024f
0129
0017
ff66
02ae
010f
0176
0141
005e
0166
035d
034a
0032
ff6d
fef0
006f
00cf
fe92
ffb6
002a
ffbd
ff1a
ffb7
0065
ff27
fd82
fda6
004c
0220
ffd9
ffc8
fff9
fd34
fbfb
fdcb
fde4
fefb
fe82
ff24
fe07
ff3b
008e
fc64
fe7b
fea3
fe5a
fcfd
ff9c
ff40
ffaf
ffd3
0031
00a9
fd63
faf0
fd3a
fd89
fe10
fef2
ff15
ff5c
00b0
ff2d
0027
004e
faf5
fa1a
fbff
feb5
fe63
00b5
ffaf
ff9a
00f8
0062
00c5
fed8
fe45
fb53
feed
028d
01df
0047
01a4
018a
004e
0051
00df
ffeb
fdce
fff3
0216
04fa
042f
03d2
038a
010e
01bc
ffd6
0057
ff90
fecd
0345
046f
04c2
05bf
0386
024e
033b
008a
002f
00dd
fd94
002d
01f8
0021
01f3
01a6
ff39
fcf1
fc9f
fdf6
fdfc
ffcd
00bd
00f3
00c7
001c
fb79
fd29
fec4
00c3
ffc6
0076
0091
017c
034e
ff1f
ff54
fca0
fc59
fd61
fca6
fec8
0030
ffa4
ff1f
00a4
0219
feec
fe06
fef8
fe4f
fe0a
fdf5
fe36
ff18
0100
fee4
ffb3
024d
febf
ffe4
012d
ff7d
00dd
ffe7
0082
ff19
fe57
fe50
ff06
0076
00b5
01c0
017f
ffdc
02a2
00af
0058
ff3c
fe68
fe2b
fdfb
0121
002c
026a
022b
017f
023a
0087
ffce
ffad
fe9d
feaf
fee8
ffee
017e
00e9
0153
0182
02c9
00ce
0088
fff0
fee8
fe2f
fd76
fee1
01c9
ff19
0084
0074
ffc2
feca
006b
fe6d
fea6
fdf7
fe81
010b
008f
fdc8
fde7
ff23
fe13
fd8f
0007
ff01
00a1
ff16
0057
00ea
0072
fd21
fb8f
fdea
ff49
ff3e
feda
ff1f
ff3c
ff1d
ff61
0067
ffa4
fe63
feb3
fe6a
fe75
ff2c
ff5c
fe0f
003d
ff94
fffc
005e
fd58
fd80
feab
fde3
fe6b
feae
0031
007f
00d2
00fe
0000
ff4b
010d
fe77
fc58
fedc
008f
ff31
ffe2
fddd
fd72
fd4b
002c
0001
fef7
ff2e
fe56
ff6f
ffdc
ff00
ff82
0027
fff1
fe19
fe3b
fdb1
ff31
ff37
0091
0002
ff0e
00a3
ffeb
fdac
fdef
febf
ff7b
ff82
ffef
fee5
0080
ff7b
009d
01e6
01e1
ff5e
002f
007d
ff3b
00e4
fecd
feb2
fefc
fea9
fff4
0058
0178
00aa
02ef
02f8
0046
0130
0034
0040
ffe2
feda
feaa
fe9b
005d
0094
012c
0331
00ac
015d
00dd
01ed
0103
00a8
ffc6
ff53
ff69
0222
018a
025d
0148
0109
ff4f
02bc
01fc
0349
0244
00d8
0161
027b
0225
0247
ffc5
ffc5
fefb
ffef
00e0
020d
01f2
0061
0021
ffc2
028a
0171
fe34
feb1
0046
0196
001d
ff8e
00bf
000d
ff73
fe0c
0087
005a
0022
00e1
ff5a
0019
ffdf
fed8
ff81
fea9
fe6b
ffab
0081
0200
ffeb
020b
0030
ff5a
feba
fe95
ff4a
fe19
ff0d
0033
00a0
ffb5
ffec
007b
ffb5
0471
0282
03ba
0425
0266
feb3
0041
ff41
ff43
fe4c
ff92
0178
016e
01b2
0284
01aa
01d4
01bf
015e
0275
02a7
036b
0225
febb
ff92
01af
0232
016d
0165
0276
0252
0220
0080
feb8
0278
fe3d
ff0b
005c
0098
fea3
fee6
0014
fe74
ff1e
fde5
fed4
00ac
fdf3
fc4e
fd42
fd1e
fad1
fa8c
fc27
fd7a
fe60
fdcd
fda5
0127
fd1d
fb98
fb2f
fb14
fbc7
f9c9
fb6d
fce9
fd4a
fd22
ff0d
ff11
fadf
fc08
fa15
fc8d
fac1
fb44
f9c6
fb22
fadb
fb97
fc60
fdb7
fa9d
f675
fc04
fd2e
fb03
fa6e
fd6d
fbda
fba8
fbb9
fc97
ff62
fb00
f9c6
fb6d
ff3c
fc27
faac
fc68
fe7f
ff8f
feef
fea8
ff46
fe87
fb4f
fb3b
fd1f
fd61
fe7a
fd75
fe22
0126
0190
012f
ff3a
00bf
fae8
f85a
fa54
fdb5
fd8e
fdd9
0106
00ba
026c
ff9a
01f5
ff7b
fed4
00fb
010b
01be
006b
ff79
00a8
0070
0013
0026
0143
feaf
ff5b
ff9b
fe90
fff5
ff84
ffdd
ff07
fefe
0036
ff06
00b3
ff7b
004c
ff74
ff63
ffeb
0010
ff0f
004f
0089
fef7
ff08
0101
ff21
ffc3
0082
fefa
ffef
ff24
ff61
fef3
ff04
0051
ff4a
0049
ff87
ffd2
0051
fedb
0098
ffe0
ff38
ffde
ff50
ffb7
0006
ffc7
ff94
0055
0014
0092
0125
ff76
ff35
01ae
ff99
ff79
fffb
ff20
ff57
ffdc
ffe3
0045
ffe1
ffae
fe6e
ffb6
fed4
ffcf
005e
ffe3
00f8
ffa6
ff40
0066
ffa4
006c
ff0e
ffbe
ff0f
0003
ff0c
ff4a
0093
ff57
0056
0065
ff7b
0049
ffdc
fe90
ff58
0049
ff06
ff63
005e
0081
ffe3
ff37
fedb
ff98
0042
ff7c
0067
ffbd
feda
ff93
feb1
006c
0013
ffc9
fe8a
ffd5
ff9f
fec7
ffa2
febd
0054
ff8e
fedd
0010
001f
ff61
0072
0028
0057
ff53
004a
006a
ffc0
ffe8
ff70
ff04
ffb3
000e
001d
ff6e
ff67
fead
ff4f
ffde
0071
003a
ffcf
ffec
014d
0100
031d
0185
0132
0099
019e
ffd9
01af
0073
fcdd
fcf7
fe8c
ffaf
fefa
fde9
fe17
fedc
fdc4
fca5
0048
03c0
fc5b
fb36
fb2f
fd5d
fcc2
fc2d
fdc2
fbdc
fdea
fede
00b5
01c7
fdc8
fd66
fe13
fde6
fe20
fe1e
fccb
fdb7
ff41
fe7c
0096
0165
0186
013f
0104
fe9c
fefb
00b2
01fc
fff3
0075
ffc2
013e
014c
0176
02d6
02cb
01ab
00bc
01ba
02d8
02ec
02a0
0128
024e
0255
0231
02cf
02c0
02dc
0409
0550
04cc
0376
0292
01bb
028d
02c8
03d2
042e
02d4
0112
0234
044e
0406
0503
0375
02a2
02eb
012b
01c8
0343
02a2
0042
0200
0342
03cf
0430
0420
036a
014e
00ec
01ac
02c8
033d
0224
0064
0388
03ee
041c
030e
01ec
002a
0137
feef
02b9
0671
0549
022a
0336
01aa
024f
00e2
0186
fe95
ff33
0024
feeb
ff59
00fb
005f
0206
00bb
0004
ff39
feee
0005
ff32
0104
00a8
0075
00b1
0072
ff08
007d
0077
ffd6
00c3
0136
ffa1
ff7f
ffd0
ffb5
fff8
0061
0133
ffbf
0110
00d4
fec3
0035
00d2
0040
001a
013c
00e9
ff29
013e
00f6
ffec
ff6f
ffda
0114
0093
0025
00ad
00bc
ffa2
ffb3
ffdf
ffb0
013d
0019
fff5
fff4
0050
003b
fef8
0091
0049
00ce
0002
0097
0041
0135
00a3
0063
013c
014d
009f
00cd
ffbc
00d6
00ed
ffb7
0074
0063
0060
ff7e
0041
000f
00c5
ffea
002c
0099
008f
0052
ffa0
fec4
010f
0142
006c
00b7
0105
011b
004c
ff4e
0003
009d
ff4e
0016
ffd8
ff20
00b9
ffc7
00e6
00a9
ff9e
0110
001c
00ca
00de
0006
ffbe
ffb3
005f
ff63
00dc
ff4e
ff1d
0126
000d
ff9e
ff23
0018
0102
fee5
0107
ff1c
ffe7
0091
0017
ff97
0082
000b
ff86
ff73
fffb
ff6b
0129
001e
ff07
ff01
ff45
ff5f
ffe7
ffdc
00cf
ff5c
0092
013b
ffeb
004c
ff88
012a
000f
ffbe
ff5a
00fd
00e1
00ee
fff9
ffd6
00d9
ffaf
0098
ff41
ffc6
ff24
ff78
0074
0068
0012
003c
001e
000b
ff37
0108
00f1
ff21
008e
0088
ff56
00e2
00d5
00e9
ffbf
00c7
ffc7
fff6
00c9
ff5f
0019
ffb9
008e
ff30
ff2c
004c
013a
00ae
0091
0044
0054
009c
011f
0050
ff5d
0064
004a
ff58
ffc1
00a7
ffca
00d0
ff91
0139
0125
ff5e
ff8e
002d
ffca
ff4e
00f2
0135
0061
0108
fff6
0119
ff9c
013f
00c0
010e
00c7
00a2
0022
0051
0097
ffd5
ffeb
000f
0029
ffc3
008c
ff54
ff1c
0034
00c6
00e3
003e
ffd3
ffb9
0033
ff7e
002d
00e0
0082
0086
0073
ff88
0025
ffd0
00af
0084
ff01
0133
ff65
ff75
fffe
003e
ff2b
00ad
ff8b
0093
00aa
fffe
007b
00eb
ffb8
0004
ff83
0089
ff83
ffb3
0114
0047
ff45
ffcb
ff9f
ff70
000f
00a3
fecd
ffd8
ffbf
0048
ff80
010a
ff60
0156
0349
0157
0197
007e
0002
0140
01be
035f
0245
ff9a
01c4
016d
01d4
0202
00cd
0148
01d2
00f1
01bd
0331
0299
ff26
fefe
003f
0101
ff1b
017f
00a7
0188
0173
0177
031f
02d4
fc01
000a
ff0e
fe95
ff6e
015e
ffb2
fedf
ff28
0018
0286
017d
feb3
0153
009e
fe59
0045
0085
ff1f
fda6
fcdb
fe52
feb5
fdd5
fb41
fd30
fd84
fe1d
fd71
fd7b
fe6f
fd7f
fd25
fbef
fd46
fc2d
fa29
faab
f848
f995
fc84
fc23
fc2c
fc2b
fc32
fcbc
fd44
febd
fae6
fa88
f669
f6df
f865
fb13
fce3
fc0b
fb79
fc51
ff60
fec6
fb24
fab3
f972
f925
f8a2
fc7e
fdeb
ff53
ff9f
fdea
feb3
fff0
0031
01cd
ffcc
fd8f
fd66
fe79
fee1
01a5
ffd7
fee6
00ac
006b
01a9
00e7
01ab
019e
007f
01f8
024c
00b9
0072
0102
00ae
0096
038c
02a3
0516
004a
002d
fd9c
fcc7
fe75
fe80
fdfa
fd82
fd9a
0053
010a
fe86
fdf8
fc7d
fea4
fe07
ff6e
ff72
fe27
fe02
013d
ff11
fe5a
fcc5
feed
fb52
fbfe
fbed
fe02
fee4
ff42
ff79
01b6
ff13
feb3
fe46
fef8
ff7e
fd7f
fe8b
fca3
fe10
fe48
0061
0224
ff0e
0164
011e
ff1f
0251
03a0
02b5
ff81
ff06
015c
0361
0260
00ea
022b
0383
0235
003c
02dd
0460
002f
01b8
0249
0259
0240
fff0
030a
02fc
0308
024c
03ce
03bf
04fc
044a
0447
03fe
0192
0040
02a7
0356
050a
0322
048a
056c
0415
05aa
02f9
0486
0250
0116
0314
01eb
04e7
057a
0294
0489
0546
04a6
0302
0235
00a0
0158
02e3
01ec
0385
04a8
0473
0497
0508
03df
0330
0344
ffc5
019d
0228
02d9
04a3
0310
045d
0341
02b4
03ad
0274
023e
ff33
028c
01ca
fedf
0152
01d7
0244
0256
00e2
01e1
ffd9
ff60
fe7f
00bf
01a1
0024
ff07
fe75
ff16
fe05
ff72
ffac
fee7
fe81
ff78
044f
038c
0268
02df
02e7
0137
009b
0022
ff00
0057
0068
01ae
02ef
01f1
02b8
02fd
014b
011f
0121
01de
018a
01a4
0125
0182
0238
ffd4
017b
016c
0105
02d3
018f
0131
02c0
0205
00d9
0140
014c
011d
0012
fe3f
feb0
0153
0016
01ee
00cd
fee6
ff34
ff58
0141
02ad
ffe5
fe86
fd68
fd21
fe45
ff8d
fe0d
fc36
fd2b
fe55
ffc1
00ab
fe74
fd82
fe5e
fdb6
fef0
fe4c
ff4e
fe4a
fe44
00fa
fd67
fea6
fca4
fd78
fd2a
fdd8
fefc
ff0e
ffcb
014a
0233
023a
fcf3
fc7d
fc9d
fd41
fcde
fe59
001d
003c
004f
008c
0187
016a
fc38
fc53
fd62
0091
023c
01e4
0091
ffef
ffb6
01d5
0226
0099
fe75
004c
01b9
02fe
0306
0220
00bd
0106
01a2
01a5
0238
016c
017a
01fb
025c
0343
01b0
01fe
0090
02c0
0238
00f3
0137
00c1
02c3
0297
01f9
0329
028a
01c8
01ad
009d
0049
00bb
0079
0009
ffdf
0048
ffab
00bf
ffa7
fe2b
ffe2
0081
fe69
fed0
ff46
01ad
ffbe
fea5
fe80
001e
ffe9
fe5c
fee6
fe50
fe21
0068
fee6
0088
ff2d
fdea
fdf3
fe4c
ffac
ffb9
ff9c
fe0f
ff36
feaf
ffaf
ff42
fd23
ffc1
fef2
fed2
ffb0
ff3f
fe84
fd92
fd68
0013
feee
0004
ff21
007a
fe0c
ffad
fe8e
007e
0035
fe97
feb9
ff45
fe4f
0081
fd9c
ffa6
fd85
feee
fffa
008d
0117
ff02
ff63
001d
00de
00eb
fcf7
fe69
ffc3
ff82
0090
ff76
0066
fe82
00db
0044
ff45
01fd
fd42
ff78
0069
010a
0362
0142
ffef
01a9
0183
01e7
ff45
0230
fe69
0145
002a
ffe7
014a
0238
0104
0116
00ac
019f
01d8
0066
ffee
02ee
017e
01eb
0123
ff76
00dc
0086
ff77
0141
0082
003a
0261
03a7
022c
0159
01e6
0077
0081
fda8
feb8
ff94
ff3d
0045
0420
03e4
0068
0027
fff9
fde8
fca9
fcb9
fc7c
fdc2
0010
0075
fe31
00c6
ff55
002a
0058
00c9
ff93
ffd4
0155
011b
ff38
00d7
00d3
0046
0021
0063
ff8b
0044
ff9d
feaa
0134
ffa6
0081
018f
fe4f
fce6
fe37
fead
ff0f
ff2e
0039
ffa2
ffd1
0065
028e
0376
fd0f
fe99
ff9e
ff9e
fda7
fdb1
ffa6
feb0
0006
0147
00e6
00b2
0062
fe27
ff08
fe9a
fe37
fe4f
ff3f
fde7
ffaa
007b
ff5d
00a0
fea5
000d
fe34
fe9f
ff26
002f
ffd0
fe55
ffbf
005c
0138
02a1
ff70
fe06
fd6a
fdb1
ff64
00f4
ff7a
fd2d
fe88
0073
0088
033b
0012
fe6e
fc85
fc07
fdc7
fedb
000c
fe08
ff56
ff83
0057
0232
0063
fdba
febc
fbfc
ffa1
0111
ffe0
003b
000e
00e3
019b
023a
ff85
ff44
fe7b
fe38
0052
0128
021a
ff2e
ff4b
00d6
0047
0181
0116
03c9
02f4
00ff
01d5
ffe5
00c9
008d
fe5f
ffea
ff4f
0181
001e
0012
00fb
0135
020d
020a
018c
0087
0177
00f9
025e
00cc
0280
ff48
ff1a
0065
0028
ffdb
ffd9
ffe9
00b0
0085
ff69
ff0d
ffca
00d6
ffc0
ff98
00bc
00b3
0074
0047
0047
0065
009d
ffbd
00b3
ffbd
0042
00da
ff35
ff63
ff75
ffb3
ffda
0096
00f9
00a5
00de
00ed
ff9f
ff07
ff55
002f
ff7e
ffb7
ffe4
0058
ff51
00c3
0042
00ef
00ae
ff83
ff38
ff9f
00aa
fffd
ffe1
0050
0081
ff35
ff37
ffe7
ff4e
00c4
0047
ff40
002c
0052
ff07
ff45
00bc
ff0a
ff99
004b
0096
009b
ff96
ff0d
006a
0070
0015
00dc
ff59
00f8
ff2e
00a8
ff09
fffa
ff8c
ffae
0070
001c
00fa
ff33
001a
ff53
009a
fffe
006e
00d6
ff3c
ffba
fff4
ffc0
ff8b
00b1
ff96
002d
ff3d
008c
ff86
00c4
00bf
0047
ff9c
0036
fffe
ff83
ffa7
00e2
ffe3
0040
0084
ff9e
00e4
ff27
ff7b
fff4
004d
009b
ff71
ff5b
003e
ff72
ffd8
0005
00b0
ff5c
feff
0021
00dc
ff2c
0011
00b4
ff78
ff18
ffc9
ff8c
fed9
fff2
0022
ffd4
ff48
003d
ff62
ff68
feef
fedd
0077
0083
fefa
feec
0055
ffce
ff41
0036
ff13
0053
001a
ff1d
ff42
ff48
0078
fef3
ff43
fff7
fec9
0051
fec9
ff90
0006
ffde
0016
ff8d
ff7b
ffc2
febc
0091
0045
ffb6
ff89
ff78
ff65
ff15
0006
ff89
fff3
006c
fef1
ffd6
ff85
ff40
ff9b
007d
fed9
ff4d
ffc8
0092
feb1
feb4
ffe2
0048
feec
fefe
ffe1
feb4
ff85
0024
fef6
ffb8
ff56
ffbd
006c
ff4d
ff05
ff6d
ff44
007d
ff27
ff0e
001a
0084
0077
ff1b
ffca
ff16
0002
ffb5
ffab
ff7d
0024
ff0b
ff3e
0047
ff2d
ff28
000c
0057
ffc5
ff7f
ffe2
0081
0023
feb3
fead
ffdf
ff4b
007f
febc
ffc5
ffc3
0091
ffb0
feca
005b
0046
0003
fed5
ff69
febe
0092
fec9
ff70
febe
004e
ff71
0071
fede
ffe3
ff2c
ffb2
fff9
ff13
ff27
fef7
fef2
feda
fea6
febe
fef3
001b
ff70
ffb7
008b
feec
005f
ff7f
0012
ff14
feb3
ff49
0087
0076
fead
feb7
ff34
ff78
fea6
ff9a
fecb
ff6c
fedf
0063
fea4
ffd4
ff4d
ff8e
0097
0025
ff2b
ff9e
fffa
ff96
001c
0000
ffe2
ff3c
ff5e
ffcc
ff33
0004
fed8
ffa6
0062
ff83
feda
0074
fed3
ffd3
ffba
0011
ff1d
ffbe
febf
0032
ffc7
006c
0006
0063
fed3
ff59
002a
ff12
fed4
ff65
ff61
ff79
fea9
febf
fef8
feb8
ff06
0088
ffa0
0020
fed7
fefb
0058
ffb5
ff09
0017
ff68
ff7c
ff3d
ffd8
ff21
feba
0062
fec2
0083
0019
ffe5
ffa2
007a
003b
ffd5
ff9e
ff9b
ff2c
005d
ff1d
fec3
0045
0068
0035
0049
004b
0096
0052
fecf
0029
fea4
feca
ff56
ff12
fea4
feab
fed3
0076
ff24
0019
0094
0059
0068
001b
ffbc
000a
0024
ff56
0025
feff
ff9d
003d
ff08
fecd
007e
ff09
feb9
003d
ffd2
ff14
ff30
ffe4
fffa
fff2
ff58
0072
0062
ffcb
0095
ff75
ff03
ffe4
fef8
ffda
007d
ff5d
ffb7
ffd0
ffee
fff2
fffe
fec5
0036
fed7
fffb
0076
005a
fffc
002f
ff2a
ffe1
fec7
fed1
0060
0011
0002
001f
ff26
ff8c
ffa2
ff00
ff8d
ffeb
007b
006e
ff0c
ffdc
0095
ff58
003d
fec5
0045
fed9
ffd2
feb1
ff57
0092
ff7a
ff63
febb
008c
005e
ffab
fff1
0016
ff68
0087
ff6a
0017
ff42
ffc6
ff98
fefe
ffb3
001d
002a
ff05
0064
ff84
006c
0085
ffea
ff6f
0028
0065
006e
0023
fed7
0062
fecf
fef6
ff18
0056
ff72
ff74
ff74
0083
0009
008b
0037
fead
003b
fed3
0010
0085
ff9d
ff0c
ff7e
ff02
ff6c
ff60
ff7b
0013
ff5c
ffe3
fee8
0093
ff16
ff3a
ffe9
ffad
ff07
ff90
003b
0016
ff67
ffa1
feaa
008a
fec0
0015
fffa
ffd2
0042
008f
ffc5
ff68
001e
ffe2
feee
ffb3
0026
feb2
ffd0
0084
ffe8
003a
006c
fef1
0068
0069
ff7e
ff12
ff92
fefa
ffb4
ffe5
0026
ff7f
006a
feff
ff52
004a
febd
0069
ff33
ffa6
0076
0018
ffa5
ff8f
ffd0
0075
fef8
ff32
001c
0000
0023
ff1a
fecf
ffaf
fefa
0032
ff40
0051
fecf
0062
001b
0029
ff8b
ffab
feb7
fec4
fee7
ffbf
ff4a
ffd8
0057
fff9
ff96
ff74
feab
008d
007d
ff53
0076
ffd6
ff9f
ffc3
feb3
003b
ff94
fff3
ff1e
fee7
ff19
fff6
ff54
ffc1
0003
ffd6
004f
feef
ffeb
fec2
ffdc
fec4
ff9c
0012
ff53
fff4
007f
000c
ff7b
fff8
ff87
0046
006f
ff38
006c
004b
003e
0090
fecb
0041
ff1d
002e
0012
ff3a
fed3
ff25
ffaa
0086
ff3b
ffb4
fee5
fee5
ffe8
0074
0053
006d
ff7d
feb4
008e
ff66
ffeb
ffa0
ff8e
ff6e
ff82
ff70
ff3d
0074
fec8
feb4
feee
ffd0
ffa8
ff7e
ffbc
ff10
ffbc
0029
ff03
0081
0041
fe87
0054
003c
ff7d
ff34
ffea
00ad
ff6f
ff9b
0017
ff25
0071
ffcc
0000
000d
0045
003a
0039
ff07
ff30
002c
00f6
0097
ff88
ffc1
feee
ff0c
ff95
0046
00a6
0001
ff60
001d
000f
ff12
0056
007c
ffe0
0068
ffc5
ff79
00ae
0076
00af
ff49
009e
fff2
ff8f
00b1
001a
ffbf
000e
ff3f
0047
ff23
0044
ff07
00e2
ff7e
0019
00a7
006e
00bf
002b
ff3b
0033
0071
0005
00ce
001c
00d0
00a8
ff02
ffbf
ff95
ff9e
0057
ff21
007c
ff5c
0080
ffb5
ffba
fee9
00ae
ffac
0019
ffbd
ff89
ffff
0080
004b
ff0b
00ac
ff2f
009b
ff04
00b4
006e
ffa1
ffc0
ff33
0036
0060
ff2e
00ce
001d
ff16
00aa
feed
fff3
00ae
ff8c
00cc
ffc1
ffa4
0068
fff1
ffda
ffdc
fffc
ff57
0090
ffd9
0083
ffc4
ff06
0080
ff29
00a2
0002
005c
00b2
0064
0028
0024
00ae
ff71
000f
ff64
ff3f
ff06
ffb2
0050
ff9b
ff3c
0068
0088
0078
0022
00b3
0088
ffc6
ffe6
00de
ff3d
00f5
0013
ffbb
0029
ff96
00bc
ff8c
0028
ffa6
0054
ff71
ff09
0098
0007
00ca
ffe4
ff2c
0029
ff82
0003
ff6c
ff96
00ac
ff3a
00bf
ffc9
fffb
ffd8
ff9c
ffc9
ff91
00a1
0068
0037
fff0
ff5b
ffbb
ff37
ffb0
0015
0026
000f
ff74
0069
0007
00d5
0069
0002
ff0a
ff65
0030
ff28
ff37
00d7
ffe8
0047
00b5
ff54
ff84
005e
ff69
00f8
ff2c
0077
ffb5
ff28
00cd
00d8
00b4
ffc0
0023
ff14
005e
ff35
ff3d
ff84
005c
003e
009b
00c4
0006
ff13
ff6e
0097
ff35
ff65
ff8b
0081
ff7b
004b
ff3d
ff19
ffcb
ff66
ff3a
0086
ff9f
ffe0
0041
00a4
ffdd
00ca
00a8
ff90
00ae
ff9d
ffa9
ff50
0061
ff92
ff17
ffbf
ff93
ffba
0098
008f
ffa8
0008
ffb4
ffb5
00c0
00e6
000c
ff7a
009e
0014
0023
0094
00f8
ff57
004d
ff5f
ff33
ff87
ff55
0000
ff47
0026
00f9
00d5
008b
0056
001b
0024
009c
ffb9
ff3e
002d
0068
00da
00e9
ffca
009c
0024
ffb5
ff07
ffee
00ef
ff4f
ff6a
ff36
fff5
00bc
ffa1
ffb5
ff83
ff79
ffe6
ff9c
0027
00ca
ff6a
0003
ff6b
00d0
00f7
00cf
00ca
00df
ff72
00ce
0051
ff5c
0049
00b1
00d5
0067
0068
ffac
0015
000a
00fa
0096
ffce
ff1b
ff6f
ffed
ffc7
0013
005d
ffed
ff5a
003e
ff73
ff99
0042
0047
ffd3
ffc9
0032
003f
006b
0085
ff5c
ff9e
ff35
0021
fff5
ff41
00eb
ff1d
0091
0016
0073
ffbf
ff38
0064
000f
ff46
0099
ff37
0081
ff1b
0094
006e
ff47
ff32
0052
004b
ffe9
007c
ff0e
00ad
00cb
00f6
ffa7
ff40
00a3
00d3
008f
0098
ff37
004c
ff55
ff91
00b0
ffba
0025
ff60
ff39
ff33
ffbc
0083
0061
0028
001a
0037
002c
ff5e
0050
ffb4
ff3a
00a8
ff1c
0003
00de
ff86
ff5d
007f
00c5
ff0f
ff13
007b
0057
ff57
ff0c
0051
ffb9
ffe0
ff91
0036
fedd
fef1
ff90
fede
0022
0095
fecf
003b
ff4e
0079
003c
0010
006a
ffc0
ff59
ff4c
ffc5
0044
008c
ff74
0067
000d
00d5
ff00
004e
ffe0
fee2
feb4
ff4c
ff7c
00b2
ffe6
00ef
ff93
008a
ffa8
ff5e
ffe5
ff18
005f
ffb5
008d
0087
0099
ffe1
ff1a
001a
ff35
ff2b
ff2e
ff79
0030
0060
003e
feb4
ff24
0063
ffbc
ff4c
003d
ffe4
0049
0037
0011
ff27
fee5
007d
ff74
ff5d
007f
ff07
0007
fef3
ff8b
0090
ffa5
fef4
0051
ff7e
007a
ff49
ff1b
0023
fee2
fea6
ff2a
ff49
0043
0042
ff18
0019
ff8a
0048
ff71
ff2c
ff18
fece
0062
ff7f
ff9f
0090
ffe3
ff1c
ffd6
0003
0002
ffbd
fead
ffee
00d1
0072
feb0
ffa4
ffc7
ff94
0020
001e
0050
feeb
ffc7
ff5e
0068
00e7
ffaa
ff75
ffd2
ff46
ffc7
0014
ff6d
ff87
fed5
ffab
006b
ffbd
ff85
ffe9
ff3a
00df
006d
ff6f
003e
ffb9
ffbd
ff3d
ffd7
ff2f
00e5
ff85
0096
0020
ff0f
009a
fffe
ffb6
ff6c
00ed
ff31
00bf
00a6
002d
ffb7
00e1
0015
0067
ffb8
ffbe
ffe4
0097
ffac
0000
ffce
00b5
ff35
ff48
ff74
ffdc
ff1e
ffff
003b
007a
ff33
ff4a
ff1c
ffaf
ffc6
ffbc
00db
0002
fff8
ffd4
ffa9
ff80
0081
009a
00b4
ff18
00d0
004d
fffd
fff5
0036
00c5
ff0d
0016
0022
ff1d
0000
0023
ffcc
ff35
007e
ffbd
00ee
003d
ff32
ff26
ff69
003c
0002
001e
006b
ff88
ffe7
ff0f
00fa
ffee
ff71
001f
ff8e
ff4a
ff53
00be
0052
005d
0031
0026
ff60
00dc
ff72
00d1
0053
ffcd
00c1
0022
fff4
ffa5
ffca
00b6
ffc4
ffa5
ffa7
ffd9
ffac
fff4
ffda
ffbb
005e
ffde
ffa5
0099
00f8
ff71
ffda
ff69
ffc7
007c
ff39
ffc6
ffa5
ff29
0026
0007
0002
ffff
00f4
ff50
0033
ff3d
ff92
ff6f
ff80
001f
0064
ff72
ff28
0093
ffb0
ff19
0039
0090
ff84
00db
ffb2
00dd
0080
00bf
008b
ff62
ff9c
009b
009d
0016
ff58
ff77
00e0
ffba
00f3
007e
ffbc
ff33
ff23
ff0a
0057
0007
007c
ff59
ff08
ff26
ff1d
ffd7
000f
ffd2
fff4
ffba
ffe7
ffa0
0037
00dc
ff81
ff1e
ffa8
ff3a
003a
ffa2
fff6
00dc
0087
ff82
ffcc
ff87
ffd6
00ba
ffed
00bd
0000
0042
00aa
ff26
00d4
ff2e
00f2
ffb1
00db
0019
00d0
0058
ffe4
0069
00f2
003d
ff98
ff3c
ff1d
00da
ffa1
ffb0
009e
ff5e
0008
ff1f
ff52
0095
ff26
ffd6
00d2
ffe8
fffd
003c
ffa3
007b
ff0b
008e
00f0
0085
008a
001d
ffd9
ff99
ff4d
0063
ff86
ffe0
0003
00b0
0001
ff1b
ffc4
ff09
ff51
ffc8
ff13
00f5
00b1
00e0
ffbf
fff6
ff60
004f
ffae
ff96
ffde
ff1c
009d
00e7
fff3
00a3
0036
ff39
ffb6
ff90
ff6e
003d
0043
0032
ff2e
005a
0097
0070
fecd
ff5f
fecb
feaa
ff15
ff6c
fefb
ffb2
0055
0063
fed4
ffb1
0059
ff53
ff31
fee2
fecb
ff44
fe90
ff2e
ff73
ff38
ff4a
007e
fea7
fef9
fef2
ffee
febf
ff1e
ff7e
005a
fecf
ff26
ff85
fede
ff19
ffdf
ff7a
ffa7
ff3c
fff1
feca
ff55
ffc9
fed4
feb4
0020
0035
feed
feb0
ff92
006e
ff26
004d
ff60
ffc8
ff09
fef5
0044
ff56
0062
ff16
001e
fedb
ffb5
fef8
feb2
ff01
0026
ff0e
fed6
ff2a
ff6c
fff5
0002
ff59
0008
febb
ff61
ff87
ff0e
0026
feb0
0009
ffc1
ff5b
fec6
fef5
0023
fec6
003e
fea4
fff2
006e
0037
ff8c
fed7
fec1
feb4
0091
feba
ffe9
ff16
ff61
ff43
ff28
ffb4
ffef
ff7c
0033
0020
0000
fe95
fe99
ff00
ff83
008f
fee3
ff52
ff4c
ff62
ff50
ff4d
ffa2
ff10
fff9
feaf
ffa9
ff86
ff8f
0044
ffc0
feac
0051
ffce
008b
0070
008b
ff9b
00cc
0057
ffaf
00f6
ffd7
ff8c
fff5
ffd0
006e
ff68
00ee
0066
00d4
ffd6
ffd3
001b
0039
00c0
00a9
00d0
00a0
0051
007e
ff17
ff6e
ffac
0079
00b1
0055
0055
00e9
ffbc
ffa6
ff28
0021
00a2
fff6
ffd8
ffdb
fff7
ff95
00c5
0023
0026
ff38
007d
0077
0044
ffbc
ff0b
ff65
ff73
ff9b
0069
0032
ff77
00f7
ff7d
00ab
009e
0064
ff29
ff3d
008e
001c
ff32
ff07
0013
00b1
ff52
00d9
ff36
0004
0069
ffe6
0019
001a
ff1c
0055
00d6
00c9
008e
0065
ffc1
ff6f
ffdc
ff90
0032
fff2
008b
ffd7
ffa2
00a9
ff6c
0071
001b
00cc
ffd6
ffc8
ffc1
00be
0039
00b0
0043
0043
ffad
006f
003a
001f
00eb
0092
0041
0049
0031
0090
0005
ff1b
ff82
005f
ff7c
00a1
ffb0
0026
004a
ff9a
ffa0
00ad
ff5d
000f
00d0
ffe2
005c
ff67
ff8c
ff87
00a0
fff0
00b0
00e5
006a
fefa
ff58
002e
ff5f
ffa6
fedf
fed7
fefd
ff2e
ff58
ffa9
ff7b
fedd
ffca
003a
001f
ffdd
0092
004c
0000
ffee
0095
fecb
ffe9
fefa
0037
ff51
0045
ffca
ffdf
ffcf
ff38
0057
ff08
0050
ff2e
ff3b
ff09
feb6
ff2b
ff81
ff41
fede
0062
005c
ff99
ff23
ff25
ff7d
0023
febc
0005
ff2e
fefd
ffa7
ff70
fead
0015
fed9
ff8e
ff6e
002e
0068
ff13
ff10
ff59
ffa2
fec5
0079
ffb6
ff5d
ffec
0066
fea8
0074
ffd1
ff14
0004
005f
ff03
0078
ff3f
ff1b
ffbc
008b
fede
ff58
ffbb
0020
ff10
0049
ffee
ff68
ff71
feb0
ff84
feb4
ff26
0045
ff2b
ff3b
ff42
fecf
ffc2
0018
ffde
ff25
0009
ffa0
ff2d
fec8
ff9d
0043
fed7
fedf
0018
fee2
fffd
0064
003f
0019
feb6
ff49
ffe5
008f
ff31
0093
0007
ff90
ffc0
ff8e
ff01
ff5c
ffa4
0047
ff97
ff06
ffe1
0070
ffdd
002c
ffae
ffd4
fefd
ffcb
0092
0024
ffc0
ff9f
ff03
feed
ff61
ffb9
ff04
ff59
000f
feee
fef2
0012
ffff
ff71
ff53
0020
ff9f
ff37
ff65
ff41
ff22
fee2
ffb8
fee3
ff83
ff0e
ff9b
ff59
0031
fff2
0052
0038
0038
ff5b
fec6
0063
ff18
0054
fee7
ffff
ff80
ff43
002d
fef8
0059
ffff
005f
febb
fffe
0033
ffba
ff67
008f
005b
febb
ff2f
ff42
ff11
ff5c
0067
007e
ff95
ffcc
feaa
0011
fef0
ffb3
ffaf
0066
fec6
008d
ff71
002e
ff42
ff3d
ff98
0009
fea6
ffbc
ff4b
ff8b
ff70
003e
ff3a
ff4f
ff98
fed0
ffaf
0056
fed5
ff20
ffab
fffb
ff24
ff57
ff2d
fff6
fff2
fff0
003a
ffb9
ff62
ffba
0005
0023
ff4b
0083
ff79
ff41
003a
005d
ff6c
0052
0010
fed1
ffbd
002f
fee0
0009
ff1c
ff88
fed0
fed3
fed5
ff5f
ff99
ffa5
ff61
ff1a
ff3c
0091
ffe0
0035
0031
ffa2
ffa7
007f
fec0
feac
0023
ffed
0026
002e
ff81
ff37
feca
0087
0076
0011
ff87
ff15
ffad
ff7c
feab
fffc
ff4e
0078
ff44
ff38
0089
ff35
fef7
0071
fed6
fefd
0018
000a
fed0
0059
ffff
fee4
005b
ff79
ff31
008f
ff94
ff29
feea
0055
ff42
ffd1
fee3
ff85
0024
ff55
ff1f
0089
ff49
003d
ffbe
ffbc
ff71
feb7
ffe9
0093
ff3f
ff65
ffd3
ff7a
005a
000d
ffa7
fed4
0046
0032
ffd2
ff03
fee3
ffae
fff0
ffb1
0042
ff54
ff3a
ffd5
0032
0000
feba
006e
ff94
ffab
ff0f
0063
ff25
fffe
fee1
ff2d
ff39
feee
ff45
0018
ff89
ff2b
ff5d
0014
ff92
ff11
ffec
0005
fef3
ff4a
fee8
ffe6
007f
0030
ffeb
ff40
0088
ffb9
fec0
ff7a
feec
005b
ff9e
ff29
fff5
fef0
ff14
0013
ff89
ffe6
0069
ff6e
ffe9
ff27
ffbe
ff39
ff90
ff23
ff54
ff35
001f
ff1a
ff13
ff8f
ff1a
fecb
0007
ffd9
ffb8
ff75
ff7e
003a
0031
002b
fff4
015e
01ab
03c2
008c
ff1a
0214
0246
0191
009a
018f
00c6
0027
016f
01b2
fe45
fee2
ffbf
0091
ff93
00c0
ff2b
0047
fe87
fed7
ff2a
fddf
fee3
ff16
ff49
00c3
0027
0100
0041
ff33
fe26
fd8f
00db
fecc
fbba
fd33
ffa9
023c
0198
0190
ffeb
ffe2
fe3f
fc82
fee0
ff52
fc5c
fdf0
fefd
0062
020f
0072
ffc9
feda
ff7e
fe67
ffac
ff09
fe30
004a
fd8f
ffac
01f8
fe9c
00ae
fe34
0104
0149
00ec
ff9e
fe72
ff9d
fddc
00ca
0069
ff51
0006
ff77
001d
fef9
0069
ff8c
fe04
0158
feda
ffa5
00c2
ff8a
0024
003e
00ef
ff45
0139
feb4
fe4b
ffee
00d2
ffc7
fff0
013d
0257
013f
023a
ff35
ff7a
006e
0003
ff04
0058
012e
ff7f
ff97
ff77
ff23
fe4b
fe5d
fea7
fe53
0178
025c
0371
0174
029a
019f
fe60
ff22
00a0
fce9
fe25
fe4d
feb8
ff35
fdd5
fe8c
ffc9
fec1
fe4e
ff3b
01c6
ff65
feb1
010f
0258
0028
fff8
0087
0079
01e1
ff5f
fe69
0084
01e5
0056
0065
ff08
01d6
ff4b
fefa
fcd2
fcff
fdba
fe68
fc93
fbcc
038c
00a8
031e
ff5a
fe84
fe22
fe35
fdbb
ff00
fc32
fc5b
fb7f
023c
01f4
01f2
0067
fe61
fe47
fd2a
ff51
fcee
fca7
fd52
fd44
ff76
02ef
0204
0085
0038
fcf9
fe1b
00e2
ff43
fea5
ff35
fdf9
009f
00ac
0068
ffb0
0045
ff64
ffc2
0193
0152
ff32
fe63
ff2b
0173
00e5
ffe2
fe76
fef0
00e3
00fe
01e0
0237
01e1
feb2
0178
fff9
fe19
ff3c
ff46
0153
0266
00f8
0083
0032
0102
fe9b
00c3
feaa
fe39
ffb7
ff39
0002
0212
0150
ff8e
ff08
001b
fea6
fe8e
ffba
fcbb
fda5
fe8b
0075
0157
ffa9
fe9d
fd6c
fd9d
fcb5
ffc6
fe72
fc76
fca7
fdac
fd55
fed8
fdd8
fc20
fb36
fa79
fae5
0051
fed4
fd88
fe5e
ff59
fed5
fef9
ff52
fe4e
fbca
fb81
fbcb
fddb
01bb
001b
ff36
ff30
fdfd
ff5e
ff29
fe63
fdc9
fea9
0077
ff01
03ea
0292
006a
00cb
02e0
002e
01ac
0009
fec8
fce2
fef4
ff0e
0475
0189
fe78
014d
0276
0232
026a
0065
fed5
fef2
ffe5
fe18
0327
02c2
0029
031e
01ea
0317
01cd
0173
0030
fe57
ff4e
fee1
0106
0104
ffed
02d2
0298
021c
02fe
0299
ffd9
fefc
0017
ff59
0141
000c
01f6
0153
01cf
0450
03b1
016e
ffaa
ff40
0116
0108
01ad
0218
0231
01fc
02c2
0332
0278
0285
004a
0081
01a2
fdc2
009b
0245
02eb
03e2
0349
023e
03ae
01a1
002c
003d
02d6
fe1c
0145
025d
036a
044b
043f
0337
0310
02e8
0298
012a
01ad
fe48
0312
0207
0312
0422
03b1
03ea
03cc
0324
0234
012f
014c
fd37
0345
00d0
01c1
039e
0450
01b5
ffce
ff0f
ff8e
feed
ffea
fc3e
ff42
ff37
fd63
fdb9
ff56
ff0d
fc62
fac4
fbd7
fc69
fd31
fafe
fe92
019c
002a
029a
0289
035d
0216
0188
00a0
fe76
feca
fdfc
00ab
ff2c
fffe
011d
0054
0157
01a8
00ba
fdfd
ff02
ffc2
027b
ffde
0064
00bd
02bb
02b4
03dc
0354
0234
0157
ff81
0005
0209
ff20
ff37
00b4
02e7
03a4
0421
025c
02cc
0222
ff24
00aa
010a
fff8
fd3a
0072
0189
0252
02ca
0136
0041
00be
00b5
0001
fe9f
fe3f
fe61
01bb
0228
0238
040e
025e
0104
ffe8
0173
ffee
ff79
fef9
028e
014b
0090
0043
014b
0309
00e1
ffba
0169
00e1
007a
0122
00f0
00db
00f9
00dd
00cb
0068
ffcc
ffb7
ff80
022c
0129
01c0
0102
0161
01bf
0150
0179
ffc9
0025
00e1
ff3a
008e
fee6
024d
0101
005d
0034
0076
0184
01c8
000d
010b
ff9d
00d2
ff02
fddc
00cb
ff5b
ffef
fdf2
01a0
013f
00bb
008a
fe58
0052
00b4
ffc2
0057
ff12
fde8
fddb
0184
003f
fb92
f9df
fca8
01f3
fe2b
01f1
006c
00ef
00bf
ff49
00d9
002f
0068
0098
fefd
0026
0231
00f7
00be
ff7a
006c
feff
fe70
fe87
ff00
fec9
ff51
fe10
0264
00f4
ff76
ff20
ffde
ff45
0023
004c
fe05
ffc6
fee1
fd2c
0112
010f
0015
ffbd
01a9
00d1
00d2
ffea
ffa1
fef5
fea9
fdd2
01bc
0351
feff
0043
016c
00fe
00aa
011c
ff3b
ff71
fe75
fe55
0183
0173
ff72
005f
ff03
ff7c
ff79
0049
ff8b
0001
ff22
ff43
015b
026c
007d
ff3e
fda8
fd84
fd83
ff4c
fe93
fe6e
fef1
fdf3
00ac
0291
00a2
fde6
ff92
fd33
fecc
fdc8
fd79
fe0b
fe7c
fd88
0012
0047
006d
ff80
ffd7
0007
ff22
fdf8
fd3a
fd70
ff2a
fda2
ff0d
0156
0136
013a
ff77
0003
fea4
fdd6
fd24
fe76
fe20
ff32
ff5e
009e
0157
00b0
ffa3
0013
ff5f
fe2e
fd8e
fc2a
fedc
fedf
ff60
006c
013e
ffe2
0057
ff3f
ff86
ffb6
01b7
00ed
ff4d
feb6
0146
01d2
0001
fefe
ff89
013e
000c
00ff
ff6a
fe60
fff6
01f8
ff2e
00fc
0040
fe1c
fea6
ff1e
ffce
fffe
0284
fffb
fe0b
fd88
fba6
ff76
ffb7
ff4b
00b2
003b
fe48
0132
0161
008a
fea3
fd0e
fcc8
ff3f
ff23
fe68
ff33
feeb
ff84
01b7
01f8
0027
0007
feb6
fd17
ff3f
fbfc
fe3f
ffa0
011f
00b9
0172
0121
0026
fe53
ff80
fde9
fd92
f996
fc14
ffba
0185
01d0
0254
0014
feb7
fefc
0025
ffa3
fcfe
fad5
fd16
004b
0268
025d
02f5
00bb
0093
001f
0170
0279
fc8d
fc05
ff55
0023
02d5
01f7
01c0
0102
00aa
0011
0231
020f
fd10
fc97
ff15
00cb
ffc6
009c
0332
01af
0098
010d
011c
0280
feb9
fd06
fe6b
000b
004e
00d8
0220
024f
0155
01a1
0173
00f1
ff2d
0010
ff39
03a4
040c
0375
02da
03b3
0348
038d
0412
004c
017e
016c
ff7b
00f9
00b2
0368
0338
0329
041e
0358
01cb
027c
ffc1
040c
04bc
0324
0267
011c
00f5
0052
fe73
ff24
0438
fdc9
ff80
fd98
fde7
fca6
fbe3
fc27
fe9d
ff37
fd9a
fe8a
0206
0160
fc6e
fd91
fcfc
fbf3
fc74
fbdf
fd07
fd98
fd3c
fe69
ff41
0140
fc44
fb1a
fcc4
faf7
fcdf
fb0e
fc7e
fdd9
fd70
fe42
fefa
007a
fd6c
fcb4
fcdf
fd1a
fd55
fcee
fd8d
fe55
ff40
fd38
fe09
00a6
fdda
ff8c
fd4a
fe3d
ff9b
fe6e
0115
001f
ff0b
0073
0056
0250
0068
ffe6
ffb7
ffe5
000a
0026
ff97
0097
00c8
0137
0096
01c3
01b8
01da
01da
004a
fdbc
fedd
ff40
feb1
ff0c
00f5
000e
0118
0042
0174
0277
ffa1
ff37
fe78
feaa
fdd7
00eb
003b
fe57
fef0
ffa9
00c8
0200
ff67
feab
ff48
00fb
011e
00f6
ff6e
fe70
fe40
01b9
ff83
0123
fef9
fe61
ff6c
016f
0116
00a1
ff0e
ffb3
ff16
00ec
0225
ff5c
fe95
ff8d
ffd6
00a9
00c9
0100
00a1
fe59
0020
0086
fec5
feea
ffd2
fece
ffd8
ff5f
ff39
ff4f
00c7
ff98
ff1d
0072
ff95
fed0
fef0
0091
0060
fee1
ff96
ff9f
ff7b
ff03
ff56
003f
0009
ff33
fecb
ff39
ff0c
fffa
ffce
ffb2
fed7
fed4
ffcd
005d
ff80
010e
ff14
ffbd
0017
ff99
ff9a
ffad
ffeb
ff89
ff28
ff38
00a6
fefe
ff95
0133
ff98
009f
ffa8
ff4d
ffbc
ff93
ffa8
0001
0071
ff95
ff62
0001
ff0c
ff2a
ff00
fffc
ff8a
007c
ff2a
012c
fecf
ffc8
fee8
0036
ffe7
002e
0127
ffe7
ff71
ff9a
0010
0120
002d
002d
007d
009a
ff07
00fd
fff7
009a
ff5a
ff79
0075
ffce
fed7
0054
ff5d
ff10
ff32
ffd8
00fa
0101
ff96
001f
0013
ff77
ff02
ff4c
ff10
fffc
ffa3
0081
005f
fedb
008f
fecf
ff8b
0139
00af
0044
ff7f
ffdc
ffb3
ff3b
ff8c
003f
00a8
ff24
ff30
ff39
0033
fef4
ff78
ff6d
ff97
ff6d
fec4
ffc5
007b
ff66
ffd8
ff15
fdba
002e
0116
015b
ffe9
ffa4
ffda
0046
00b6
ffa4
ffa8
fe82
ff05
0092
0190
011e
0262
ffc6
002c
00df
fe71
ff45
0221
fe83
015d
ffb3
00a4
0161
01dc
0100
000b
feaa
ff37
ff9b
ffa7
fe17
fe6e
fda8
ffdc
ffb5
fff2
ffbb
ff71
fc95
feb2
fee2
ff10
fdc8
ff69
feee
ff78
ffb9
ff09
0075
fe01
fd2e
fe06
fee0
fe9d
fe61
fff7
feb3
ff9b
ff2c
ff6a
0105
ff2c
fd77
001e
00b1
fe79
0023
026c
ffc9
ff6b
0058
0137
00ec
00e7
ffe8
00a1
ffbe
fff7
fdd9
020b
02d9
0201
0289
02f6
0315
0195
016e
007a
01e9
0047
ff3b
01a3
01ac
023c
02e8
0261
02f7
0286
01cf
00e8
0022
fdc4
fee5
0226
00c5
01c9
01c3
028d
0171
01bb
0068
ff76
fe36
fb38
fe85
fffd
01f0
fed2
fff2
ff84
ff7d
ff8b
ff23
fc12
fc8e
f9cd
ff1c
fe77
ffb4
00c5
ff0e
ff69
0027
00bf
fd1e
ff21
fc96
fb99
ff8c
ff47
ff29
00ef
001d
00df
005e
00db
fffa
ff18
ffe9
0086
ff00
ff6e
ffc8
0056
0057
ffa2
00ce
00cf
ffb3
0077
00ea
ff97
ff6e
fee2
ff9d
ff6c
ffe4
ffca
ff12
fff9
0027
fffd
00e8
ff32
ff92
ffaa
0047
ff4e
ff56
008b
0056
005a
ff67
00e2
00e3
0084
0003
ff2e
009c
ffe7
0004
ff1f
0016
ff20
00f9
ffd2
ffad
ff0e
fee2
ff25
ffe2
ffe5
ff65
ffef
ff11
ff6b
006c
007c
ff78
fecd
00a9
00b1
009d
ffa8
007d
ff44
001b
008b
0005
0031
006b
ff4f
00d2
00a0
0067
00df
ff0a
0045
fff2
ff9b
ff1e
00ed
ffe5
ff78
003e
0025
0003
ff95
0001
00cc
00aa
0057
ffa4
ff9f
0022
00a9
fef4
006a
0015
003d
ff2d
ffb2
ffd8
004d
0008
0061
ff64
ff83
fecb
ffa7
ff1d
ff34
ff5e
ffe2
00e7
ffde
00d8
0072
ffbe
0051
ff06
ffc5
ff72
004b
001a
ff80
0078
007f
ff5e
004d
00b7
0027
ffd4
ff4f
ff89
fee6
ffd1
0076
0033
0016
ffe0
ffee
ffd8
ff26
fffc
ffd6
0071
0012
ff7d
ff1b
ffeb
ffd6
ff78
ff8c
00bc
ffbd
ff1f
ff71
0059
ff8f
ffe4
003a
ff6c
002f
ffe2
00f1
00ce
0052
00ad
00d7
ff5d
ff46
006c
0048
ff50
ff7e
0086
0036
007d
0068
ff60
003c
ff2e
0078
ff62
ffae
0009
ff32
ff45
ffbf
006f
00e8
ffae
ff62
0068
00ce
ffc8
ff5f
ffe6
ff36
0037
0097
005a
00a9
ff59
ff40
ff9d
ffc1
0052
0063
006f
00c1
0064
0090
feca
ffdf
ffac
ffa3
ff3c
00e7
ffe5
ff71
ff5d
0039
00c6
0024
00a3
ff15
ffcb
ff56
ff57
00e6
0010
008e
0066
ffa6
0072
ff40
ff34
ffd6
fed6
00b5
00c8
ff72
00c7
ffa0
ff7b
003a
ff92
0098
0020
ff1e
ffaa
00ac
fff3
0050
ffc2
002c
fff6
ffd9
ffe5
ffb8
ff23
ffa0
ffd9
003c
00e9
fffd
0039
ffc0
ff75
007a
ff3c
0119
ff5d
00e4
fbeb
fc03
fc9c
fe32
fd4c
fed9
ff5a
ffde
ffa9
009e
0040
020d
fce2
fce3
ff54
ffe3
0079
ffbc
00c4
00b2
014c
0359
030c
0411
fcf5
ffe2
ffe6
ff9f
0074
011d
00fe
0107
01b3
02f2
03aa
063e
fe5e
ffb5
ff4a
005b
ff9e
fffa
02d6
0252
02dc
0184
0469
05f9
fd8a
01a5
00be
ffc6
0108
ff81
0199
0202
01d5
024b
03cf
068c
ff26
01c6
0269
018d
0240
0183
01ec
0221
0261
0252
0213
0364
0033
0253
0182
021d
02e7
0076
00f0
00a1
ffc1
015e
0199
0134
0018
011f
0186
01bb
0148
02d7
01c7
ffb2
ff3e
0008
008e
0076
fde5
01f8
fedd
017a
0195
0216
012d
0157
0143
fefc
feb6
fe6d
fde5
ff6a
ff78
ffbe
ffa1
0026
0035
ffcc
ff70
004c
003d
ff93
fe1c
fe5f
fe29
ffbd
ffff
00dd
013f
019e
021c
00cd
01a7
01f3
fd24
fd75
fd9a
015a
0240
0146
ff68
0175
000a
fde2
fc96
0178
fffb
fe68
0120
ff4f
0067
009a
007c
0108
000e
007c
ffcc
ff41
04b2
02f8
00ae
01c6
0069
01e8
0224
00a1
fd83
ff82
fe05
fdcd
0136
fffa
0009
017c
0015
01bc
0134
0259
00f4
001f
fdf8
fd7a
fed7
ffb1
018f
022a
017e
00bb
0182
02e4
00fe
ff16
fda5
fece
fdf7
037a
02e3
00a8
0134
001c
0032
0143
ff16
ffb8
fe71
fe5c
ff5f
0290
01f5
001c
025d
ffc3
004a
005c
fe54
fed9
fe2c
fdc3
0071
00ec
00cd
0262
011d
0101
0128
003b
0068
feb3
fe73
fdf0
fffe
fff2
0181
0214
0239
01ba
0251
0059
0088
fec8
fe47
fea1
00e7
0083
00b4
00b3
0283
0148
024d
00cc
feca
ff6a
ff7f
fe49
00f1
fe16
ffe1
fe13
0049
00f2
0152
ffc8
fe74
fd3a
fcef
fe47
0170
fd54
fe48
fe3c
ffb5
fe74
ffd6
fe90
fd53
fc15
fb93
fd7a
fc51
fd75
fdb9
fe44
0058
fba1
fdd1
fddf
fc9d
fb17
f991
fba8
ff0d
fef4
ff7e
0077
007c
fee0
ff43
ff0e
ff1e
ffaa
ffa4
ffb5
fff4
0012
ff7d
0030
0077
ffc7
0082
0010
005a
0048
00a5
fef6
ff6a
ffef
ff20
001c
fec6
0028
00ac
0041
0084
ff03
0087
00a6
ff35
febe
ff0e
0002
00ca
0081
ff2d
ff67
004f
ffc9
ff21
fec3
fed9
ff87
fff9
feef
ffa6
ff39
ff88
009c
ffd7
0045
00a7
00ca
fead
ff59
fec5
0064
ffee
004f
feed
0092
fefd
ff88
009c
ffbf
feda
0079
fee4
ff40
ff6e
ffdb
ff0e
fefb
ffc2
fed3
0005
ffe1
ff46
0047
009d
ff14
ff84
ff8e
fecc
ff43
0031
ff5e
ff19
ff92
fec2
ffe2
0019
febe
ff37
ff72
ff35
0092
002d
ff53
ff54
ff61
ffdb
ff6d
ff7a
ff25
ff09
0037
fec6
fee9
0086
ffb7
0083
0082
feee
0015
ffbd
ffe8
00a7
ff10
ff25
0040
fef8
ff4e
ff6e
ff6f
ff52
feea
feca
ff44
001a
0027
008d
fedc
006d
ff58
ff36
0084
ff16
00f5
0310
01f7
01b2
02ad
02ff
0272
014d
00bf
029b
00e7
fc5e
0025
04eb
01df
0033
028d
03a7
0255
01db
ffd9
0118
ff85
fd3d
017f
02c0
0089
ffd4
02b2
01f1
027e
00ea
ffa8
ff6b
ffa1
fd1d
01a2
0067
ff2d
011f
0202
01a2
00fd
01dc
ff38
ff3f
ff24
fc05
014a
ffa7
0042
0077
002c
fff8
00f8
017d
00ea
0157
0005
fba8
ffcc
fecf
ff16
fdf1
fd15
00e3
029d
00e4
00ad
0099
0135
fd2b
ff49
0015
ffe2
fd7a
fce1
00ee
00b4
001a
005e
00e7
0087
fecc
0002
013a
0020
fdd6
fef7
01bd
00c8
00da
ffb8
0117
00ee
fe0b
ff69
002d
ff5a
0064
0165
01c8
000a
00c9
fd09
fe97
00cf
ff74
fe98
ff9e
0106
0099
015c
0049
fffb
006c
fdcb
fe57
0092
0141
ffcb
fff5
ffcb
01f0
028f
0322
03a5
0210
ffc4
007a
01a3
0072
001f
fddf
fcfa
fd9d
fecf
ffa4
ff7e
fe58
ff39
ff81
005a
ff0a
0119
0245
01c0
02bc
0489
0248
ff7a
fc1c
fd5c
f9e9
fca7
ff31
00e0
fff0
014a
0388
042e
0419
02f8
0146
ff5b
ff68
01d3
ff63
0153
014e
03d1
045c
03ef
0599
0562
02d1
017e
ff3f
00eb
ffd4
0270
01e3
03cb
03e3
0524
04aa
054e
02b2
01f5
fff1
01e4
01d6
03c8
01fe
039d
0436
04ed
05a2
04eb
032d
0151
fff9
040a
00fe
02ab
010e
0342
020a
0495
0432
02b3
01e0
0154
ff8f
0063
017d
01cd
0194
0118
015f
02a9
03b0
015c
0155
007f
fdf2
fc5b
ff0b
019e
fe2b
ffdf
ffb6
01c3
0368
014f
00bd
0138
ff6c
fee9
fd9b
0025
ff4e
006b
ff17
011d
02a0
0200
016c
01ed
008f
fe33
fd68
ffb0
fee9
ff39
fee8
ffac
0172
0163
001f
ff2c
ff93
fb17
feaa
ff72
fdeb
fe0f
ff03
0050
012a
ff71
fd62
fcf7
fdba
fbfc
0184
003c
fe8a
ff16
fe7a
ff92
feff
fede
ff50
ff1f
ffb6
fe8e
0521
017b
00f6
00dc
ffed
ff1a
fe85
fc57
fd18
ff28
0027
020b
01ba
0190
0135
fe4b
ff3b
ff0c
fe93
ffee
fda8
ffc3
fe3e
01d6
0355
0083
01ce
fe61
ff18
0019
00b0
009c
002c
ff77
ffe4
ffc5
00a7
fec5
010a
ff84
00a7
ff8a
ff89
ff67
fefe
ffc2
ff4d
0050
000d
ffad
fe88
00bd
ffb8
ffca
fc6b
fe4e
feb2
fe52
ff63
ffea
fe7d
fede
fe84
ff0f
feee
ff2d
019b
ffb7
fedb
00cc
ffe5
00df
ffa3
0214
0068
ff6b
004e
ff42
fee0
fd4f
0141
0073
ffb6
0038
ff80
00bc
0087
ff2c
fefa
fce9
feb2
ff50
ff65
ff90
003b
0071
ff70
0164
004e
fe70
ff78
fe1d
fef6
fe12
fddf
ff7f
ff80
ff1f
fe85
ff98
ff02
ff8e
00c2
014d
01e5
ffef
004e
0056
ffdf
fd4d
ffe9
ffab
ffe5
01c5
01a2
00b4
0134
0150
0047
012f
012a
001c
ffc2
0096
fff3
ffec
ff74
00e0
0136
ffcd
ffa7
0039
01cd
0012
fe43
fde4
fed2
fe77
ff08
feaa
fdd8
fe87
ffeb
00e2
00a7
00a9
fffe
01be
00ac
0146
ff8e
ff2b
022b
0140
ffdb
00b7
fe57
fef3
ffdb
0015
00fb
0158
fdac
fc84
0054
0056
ff19
fffd
fe88
ffb7
feb3
0125
ff54
ffdd
0114
ff4e
ff4c
fcbf
feca
fdf6
ff66
febb
0082
fd86
ff94
fefd
005d
017d
fe68
0177
007a
ffbc
0061
ff10
0110
ff2a
ffc1
0046
00fb
01f9
0084
ff1c
00cc
ff7f
ff8e
011b
0063
feb6
00ba
ff36
fd64
fdd6
0083
fffc
ff95
fdfd
ffd2
009a
0283
fc5c
fe6e
fee2
ff5b
ff32
fe0b
ff82
feaf
fea3
ff39
0131
0168
ff0e
0073
ffe4
fec1
ffc0
0054
00db
fd3c
fe1c
fe36
0144
ffcc
ffb3
feb1
0017
ffb9
00e0
0065
fdd8
fc4a
fe09
fe0a
ff93
0149
01c9
fefa
fec3
ffba
ffaf
ffb7
fe90
001a
0035
fffd
ff80
0071
ff93
00a7
0009
015a
00b1
ffe4
00ac
fe81
00cb
ff62
ffe1
fd6f
ff34
01ac
009b
01c3
0044
fe46
fe8b
fe98
ffd1
fd1b
013b
01cd
fec0
0087
00a9
ffde
000d
febf
0057
fe64
fec2
fe92
ff85
ff83
fcd6
fee0
fdac
ff3c
fed8
fec6
ffba
fe74
fd91
fd75
fcbb
001c
fe40
fe08
fe86
0095
fd39
fee9
ff24
ffcf
ff8c
fed6
fef7
ffa2
fc6e
fce3
fc9e
fe33
fec4
fe62
fe24
ff32
00d7
00a2
fd76
feaf
fd1f
fe9d
fc53
fce9
feb0
fe3d
ff86
0041
ffae
fd6b
fe2e
ff74
fe76
ff88
fd6b
fcb8
ff3e
fee9
fea4
ffee
ff1b
fe2f
ff8e
fece
fe6d
ff81
fe0e
0088
ff69
fed0
fec7
fcf0
fe53
fe71
00b8
fed8
ff6d
01bf
0018
009e
00a5
ff52
fe15
ff96
fca1
ffb5
0035
ff11
fe07
ffae
fffa
fe7f
feac
fea3
ff81
ff40
fe1a
fee0
ff9a
ff4d
fd1a
fe09
0030
fe7c
00ac
0005
ff49
fe0f
ff36
0028
0004
0066
fdd4
008d
fde9
ffa0
0063
014c
00e3
000a
ffc3
fe75
0111
fff8
ff56
005e
0329
ff53
0186
003f
ff5e
ff7b
00ef
0147
ffff
fe7a
014d
00b6
ff40
ff1a
004b
ff2b
005b
00a7
01c1
024d
0042
0034
ff64
fec8
ff60
010b
005f
0018
0014
fde7
0031
02cc
ffb0
014d
fdf8
fd68
00e8
0050
02b7
02cb
0049
fdb1
0085
0143
fef5
0024
ff5a
002b
ff9e
022d
02b7
02bf
ff93
000d
0087
0172
ff1d
fe63
ff7e
ff7c
ff18
0001
002d
0066
0206
02b9
021e
0286
fdb7
fead
0038
0071
feb2
0113
0063
0071
01d4
0219
0109
ff4b
ff69
ffc7
fe78
00a4
0004
00c3
fff3
00fa
00ea
020a
ff18
ff9b
ffb7
007b
ff3d
0080
0166
ff74
fe0b
fe39
fef0
feec
ff12
0035
ff50
ff2b
ffb6
ff3d
006b
ff80
fe5d
fda6
ff9d
fd80
fe97
fe89
fec9
fe9a
003b
fb62
ffdc
008a
ffa4
001e
00a9
fff2
fe1b
fd98
fdf9
0162
00b4
0162
ff79
007a
fff9
0096
ff8d
fdef
feb7
01c8
009b
0126
012b
ff87
0006
0027
fea1
fe32
fd6e
fe4d
fead
fe01
feb9
ff2d
fe2a
ff7a
ff59
ff6d
0157
0042
ff04
004f
ff37
fdce
fe03
fec4
ff10
fe80
fec6
0073
ffa5
003c
ff20
0003
ff50
fdf1
feab
fd88
ff9c
ff43
ffc8
fea8
fdb2
ff67
ffc0
0025
ff78
fdee
fe3a
fd7b
ff6b
fcfa
fe9e
fda3
ffff
0019
fe3f
fe5f
feaa
ff84
ff35
ffe5
fe86
fe41
fe2c
fcd5
ff21
ffb9
003e
007c
ff03
ffc8
0092
fe8f
fe9e
fe35
fee5
fdeb
fdaa
ffa7
ff42
0064
0124
016b
004a
fed9
ff92
fe00
fc22
fd20
fd72
ff62
ff3a
ff5c
0009
0027
fff2
ffd1
fe4f
fe79
fdc4
fd51
fdef
ffa2
fe09
fe28
ff77
009c
fef5
00fa
0006
ff63
fe81
fe77
fd94
fd58
fd53
ff1e
ffab
0050
001e
ffcb
00e8
011f
ff56
00eb
ff73
ffb2
ff21
ffc7
0009
ff99
010d
ff54
0123
018b
001b
ffeb
ff48
fe4b
ffc4
0008
fefe
ff06
ff24
ff5e
0051
02c5
01dc
01d4
014e
0046
ff78
017e
00f8
ff62
fe59
00b6
ff4f
ff3e
ff42
028a
fecd
fe25
00b7
00aa
0098
00e7
0099
ffba
009b
0060
00a8
0137
ff77
ff7e
007b
ff8f
0011
02d9
0012
ffbb
0092
018e
ff5e
ff98
ff66
ff50
fedd
0138
00c1
01d0
008f
ff95
ff59
ff06
fe8f
fe49
fe90
004e
ff07
ff91
ffaa
00f6
ff0c
fdee
ff3e
fe03
fd71
ff98
ffb5
ff6f
febf
ff46
fe7c
0055
febd
ff5f
fe72
fe60
fcb5
fe27
fed7
febd
ff07
ffc9
fe7c
fe25
fe9c
ff26
fea0
feba
fdd6
fdaf
fe79
fea8
0123
00bc
003b
feca
fea8
fe82
fe90
fe21
fe4e
00d1
ff3f
ff6e
003e
0094
00a3
feb5
ff0d
fef2
fe49
fe9b
007d
fe88
fdf4
fdd3
008d
ffb7
00b3
ffac
ff42
fda2
ffd6
fdfa
012e
ff78
ff46
feda
ff50
ffaf
00ec
000c
ff14
ff90
ffe2
ff1f
ffe6
ffc4
ffdc
fe86
ff0d
ff4f
ff73
ffad
fe71
fe79
0084
fff6
fd95
ff18
002a
0108
ffb5
006e
fff9
ffa1
0064
ffe7
ffb5
ffd5
0129
ffad
ff2d
fec6
ff00
ffc6
0039
0032
0025
ffa2
0147
013e
0069
0001
0184
00b6
ffca
007e
ffea
ff63
0027
0263
0016
0013
00f4
021d
01c4
feed
ff90
ffaa
ff7e
fea8
012b
01ce
002a
01ec
01e2
ffbb
00f2
fff5
0112
00be
ffe1
fd31
011c
0178
ff98
01cf
ffa1
000f
ffea
01e1
00b5
01c6
00d2
00e6
ff7b
0153
fe85
fe33
fd7e
ffcc
0093
018d
014c
008e
0074
ff28
ff13
fd89
ff6f
fe77
fc9f
fdcb
ff52
ffe2
ff5b
0058
0069
014f
0064
0074
fef8
ffe4
fe87
ffc3
fee3
ff0e
0068
ff11
ff3b
ffc1
0151
001b
ff76
fffe
fed5
0106
0096
febb
ff02
ff42
ffb5
007e
00e5
01a0
ffbd
004f
fdcf
ff9f
0015
ff1d
ff1f
ff40
004b
010d
026d
ff71
fefb
ffa4
ffcc
0022
0086
003d
ff1f
ff96
01ec
014f
ff29
ffba
ff50
00cb
ff14
ffbe
fff0
ff98
ffbe
0019
00be
ff80
0003
ff9b
00a5
00e7
ff54
001c
009b
0082
ff6f
00a0
0047
0048
ff0a
0037
00e3
ffd8
0108
ff73
0075
00f2
00e0
ffc5
ff6e
ff11
00a7
ff7c
ff24
ffbf
003f
ffac
002f
0031
ffd2
0035
005e
ff4f
0054
ff38
fed6
00b3
ff11
ffd9
ff40
ff92
ffad
ff9e
0053
ff5a
ff55
0052
ff38
0089
0091
00a8
ff2d
ff64
fef0
0085
ff44
ff39
fffb
fffe
ff48
002a
0063
0038
00ab
ff14
0017
ff36
0023
ffbf
ffa8
00a2
ffac
ffbd
ff25
ff3c
ff25
ffd9
ffd2
0043
00af
ffbc
00f7
ff5f
ff93
fecc
00e1
0003
ff4f
00f3
00cb
ffae
ff7f
0039
ffa8
ff20
005c
ff07
ff6b
0076
ff93
ff32
00ae
00c6
00c1
ffe8
ff08
ff2d
0044
ffd2
ff5c
fff6
fff4
00e5
00d6
ffd7
ffc5
0035
ff01
ff08
ff43
ffcf
ff8d
00a5
ff22
ff69
fed4
fee5
fef5
0045
ffc6
0049
01a7
007e
ff86
0016
ffb6
fe94
fee2
0069
fff4
ffcd
feaa
fef6
00c7
0274
ffa7
fe73
ff93
febd
0003
0163
0157
014e
ff80
001e
008a
ffdf
ffd6
feca
0257
0199
fefa
0052
00af
0036
0049
fe7e
ff94
feee
00bd
fdec
0014
006f
ff19
ff98
ff7e
001d
01d1
fe5f
fee8
02ae
ffb6
fffa
ff1d
ff78
01ae
002b
0131
ff66
00f3
ffe2
fdcb
00b5
ffe0
fff8
0137
fffe
017d
0067
00a9
0006
001c
ffff
0038
fdd8
feac
fd59
ffda
020f
014d
01a4
fff0
00a4
00de
fe5b
ffea
ff9d
fdae
fe4f
fe0f
ffac
ff66
0099
0227
0000
fe50
000a
00d7
fe1c
feaf
ff10
fee0
fe74
fee1
01ac
0089
00fa
ff7f
0061
ffce
ff5e
ffd5
00a8
ffe2
fe8f
ff01
feea
ffb4
ffee
00af
014e
fe6d
ffa2
0026
00fd
ff1a
000e
ffba
ff0b
fe72
0067
ff4e
00a1
01d6
ffde
0126
ffea
0133
ffa9
fe0f
fec0
017a
01b9
ffbb
ffbe
ffac
ffb6
008d
0038
ff61
00e0
ff76
005f
002c
00c4
ffc5
00c8
ff56
0031
00af
0003
0038
ff2c
00d3
000e
0034
0069
ffd2
0027
0037
0038
00ad
fff2
0091
005e
0038
ffa5
00f6
fff6
0009
fffd
00c2
ff58
0044
004e
ff57
ff29
ff63
ff6e
00af
ff72
0029
00ab
0055
00ea
ff52
ff22
004c
0034
ff3e
ffc5
ffff
00f7
ff07
ff06
ff6c
0089
00c6
ff07
ff4f
ff83
ff1c
007f
ff99
fff7
ffc4
0090
00c3
ff3b
ff3c
00d9
ff41
00cb
00f9
ff70
ff4d
ff3d
ffeb
00b8
000b
ff82
ffc0
ffe8
ff86
ff67
ff9b
ffbe
ffaa
00e2
ff8e
ffb2
ff41
ff29
0056
002c
ff89
ff39
ffdf
00ce
00f1
0051
ffb3
ff4b
fffa
ffa3
005b
ff68
0033
ffa5
00bd
0028
0025
0081
0035
ff6e
ffd0
007c
fff6
00e0
ff19
ff6a
0007
00d0
ff27
ff9f
ffcd
ffda
ff6d
00e7
00ec
00ae
ff64
ffcf
ff28
ff6e
ffcc
ffcc
0022
ff27
006c
ffbf
ff60
ff37
ff18
ffc3
ff18
fff1
ff84
0101
ff9f
ff5e
ff9c
00de
ff73
ff45
ffdd
ffae
0076
00a5
ff33
002e
001a
0043
0027
ff7f
0034
ffe8
ff25
0063
00f8
00c8
ffaf
ffeb
00af
00df
ff7d
ff23
0053
ff1a
000f
ff76
ff63
00d6
00e3
00f1
ff3b
fffe
007b
0042
0052
ff38
00d8
fff4
00d1
0061
00f1
00aa
00ad
0052
00db
00f5
00c4
ff4b
ff79
ffe8
ff14
007a
005e
ff0f
00bd
ff82
ff0c
008d
00a6
0074
008f
0001
0079
00dd
ffe1
ff0a
ff57
0055
ff29
0001
ff5e
ffdb
009f
ffe3
ff22
ff6c
ff35
00c5
0066
0070
ff70
00a3
ffdb
ffce
00e1
007c
00b5
ffe0
009e
0045
ff36
ff7a
00a3
0078
000f
0038
00ae
ff5e
ff73
008e
0054
ffd1
00ee
00d2
007d
ff43
ffa5
ff10
ff74
ffd8
0088
0056
009b
0019
0082
ff4a
ff2c
00bd
007c
ff32
007b
ffb4
ff66
ff16
ff09
00b3
ff80
ffc7
004e
01d2
ff9d
fee9
ffda
fee3
ffea
fe8e
fec7
000f
ff32
fe6b
feee
fe4b
feb0
feb2
ffab
fd78
fd4d
fec4
fe35
fcc9
ffba
ffab
feb9
0030
0053
0032
fec4
ff4f
ff84
ff1c
feee
fe9e
009b
00a5
fcd7
fe47
01ba
02c2
0334
026a
01dc
0144
ffc9
ff84
ff0b
ff75
ff99
ff3e
fedc
00e2
00f0
0129
01e7
ff20
0167
00b4
fd1f
fe58
ff69
004a
ffbd
ff2b
fdd0
ffde
0008
00b2
0278
0266
006d
fe60
fee7
fe9b
fe70
ffd6
016a
fe78
fe54
00ec
0239
00bc
fec7
00e7
fea7
fcaa
ff65
00db
ffe4
ffbe
ff0f
ffc1
ffd1
ff38
0090
ff7c
0064
ff43
0118
00db
fed1
ff73
fe8b
ff17
0104
00e8
ff57
0034
003e
ffe8
ff91
ffc2
0074
0020
fed3
010c
00d4
003f
fec1
fdf9
ffe2
febf
00a4
ffc1
ff09
0004
ff10
fef1
fef9
fe38
fe1c
017b
ffe1
00fe
00c4
01df
0038
007f
0088
0071
0040
0192
01c6
00c3
01d5
009d
0101
0092
001b
ff46
fe15
fe4c
ff30
fffa
00eb
fdeb
ff10
0081
00f0
00fd
0072
02e1
0033
ffd2
ffb0
feda
01eb
fecb
fed5
ff49
001e
ff57
ffe0
fe9c
ff7b
fff0
fe73
ff5a
ffc4
0135
0106
fedc
fdc8
ff68
00e0
00c2
fd7e
000c
fddb
fe7a
0049
018d
00e4
fe46
ff02
ff80
00e9
0013
ff8d
020f
ffa9
00bf
0002
00f2
00c5
0161
ff82
fe8d
00b5
00a0
fe56
ff19
fdd4
ff2b
0048
fff1
0104
011d
fe48
ff54
fe24
ff02
fed2
fe11
fdcc
ffed
0039
fe81
0037
00a2
fecc
fe3b
feb2
fd6d
fe9e
fec6
ffd9
0014
ffd0
003b
0165
00f4
0024
0202
fe6e
fd9e
fe3b
feb0
fe26
fdb6
ff7c
ffdf
017e
fe9a
ff3c
0100
006c
0014
fe93
004b
ff0c
0069
017c
020f
0004
006a
004d
00d1
01bc
0017
fff9
ffac
ffd9
0151
ffdc
00eb
0286
fee9
00ba
fef7
007b
ff1e
0080
fedb
0079
0066
0050
00eb
ff9c
000f
ff54
ff6e
ff13
ff4f
fee0
ff6a
ffaf
ff02
ff26
ffae
ff43
fefb
009c
ff92
ffca
ff59
0099
ffe3
ff8b
ffea
ffe1
009d
009f
ff67
ffae
00b3
006f
ffc9
007f
0007
ff72
007d
001d
009b
ffa4
002e
ff11
ff6c
ff65
ffc9
0088
ff39
fedf
0084
000b
ffb9
0010
fee9
ff9e
ff5f
0009
ffd3
001f
0052
00ab
ff28
ff26
ff89
ffc0
ffaf
ff47
00b0
006a
fff2
ff27
ff54
ffd2
0054
0006
0020
004b
006b
ff70
fee6
fed8
ffc5
0034
ffd6
feed
007f
fefd
fecd
ffb7
008a
ff07
0021
007c
ff54
ff62
ff73
ff80
ffc9
005b
ff96
fecb
fef7
ff60
00b0
0001
fed8
ffe0
00ba
ffb1
00ad
ffcf
002a
00b4
feed
ff4e
ff02
ff25
ffa3
005f
ff92
ff90
00a0
ffaf
fffc
fef5
ffba
0061
005d
fee1
0021
ff7a
ff67
ff3e
0061
ff65
00ad
001c
004d
ff3c
0017
ff89
fff8
0055
007a
006f
ff46
fef9
fedc
0016
ffdc
00e2
0122
ffcd
0225
0057
fe1e
ff5e
ff0f
00a1
0040
ffa8
006a
0191
010d
0269
0015
ff33
fe95
0074
0049
0277
ffa3
ffa7
0207
02b9
0228
028f
00a9
ffd9
00fd
0176
ff39
00a9
fff5
ffdc
01d4
0120
02cc
012a
0111
00a6
01f8
ffc8
0063
008e
ffcf
0067
ffa9
01e4
007e
01f6
0210
0200
0137
008a
0084
0007
00c7
013e
0118
0120
0141
00b2
01af
0201
0008
0257
0114
fe71
ff0a
0044
0200
00b6
00c4
ff76
00b5
039b
01b5
0085
00c7
fef4
001b
009e
0070
0247
ff89
0049
ff2a
0001
00e9
0055
009d
0134
fef9
019b
01c8
fff5
002b
0001
0097
ffaa
005a
ffa6
ffbc
0002
000b
014f
0192
0184
fee1
fd45
ff4c
ff47
0093
00c7
ffbe
ffd7
fef1
0136
ff17
013b
fffc
ff74
0018
00d2
ff49
0120
ffd8
00a5
008c
0127
fde9
ff9a
fef3
fee8
ff6e
00c7
fef2
ff1a
012b
00c2
fed9
ff96
ff29
00ef
ff74
024b
0093
fed0
ffbd
fe13
ffde
ffaa
006a
fe55
00b5
011c
fe28
ff02
ff73
fff2
00c0
0353
00f6
ff78
0110
003d
0181
01d5
0137
feb5
ff57
010a
fff7
0029
0021
015a
fee5
ff38
01c0
0177
01fa
0212
fff8
fe38
fec9
fe81
feb6
ff06
0082
ff16
0106
01f2
0040
ffa1
00ae
ff5a
ff9d
fda2
fe4b
fed2
0030
fdc1
0078
0045
01ba
01d7
005b
00c5
fe51
0107
ff0b
ff84
fff1
fedf
fe01
fd37
fff4
0207
016e
00c3
017f
01bc
ffe4
ffa9
ff98
ff21
fe51
fec9
fd98
fda8
fd93
ffe3
00a9
019e
0132
0045
fee2
ffcb
feb6
fe93
fff5
ffc2
000d
ff7a
007a
026b
00d1
ffcc
0074
fdf8
0113
005d
fe2a
fd83
fdb7
fecb
ffc4
0121
ffd0
ff6c
00c8
ff20
ff71
014e
fed6
fdc5
fc82
fdb4
fcba
ffa2
01ab
02f2
00d7
fecc
fd49
fe72
0119
007d
002f
ff83
fe38
ff97
0045
0110
fecf
0041
fe6b
fce9
fdf2
ff44
fee0
ff48
fe74
fd42
fdaf
fe21
00db
fe7f
fd13
ff1e
ff3d
004f
01ea
0292
017e
006e
ffc4
0299
0225
ff6d
ff46
fe35
fd68
ff7a
0046
01c4
01fe
0143
034a
04e2
00c5
fef4
fc6c
fc62
fe02
002a
009f
ffc3
024b
02dc
0329
0461
0326
fe1b
fbd5
fd24
fdfa
fdc0
fe66
ffea
02cc
017c
0143
0407
02e8
00cf
fb2e
fe80
fe42
ff36
fefd
0090
0081
0099
ff99
015b
016b
00c4
fb71
fc23
fda1
fd98
fd21
fea1
fcd0
fc8d
fdab
002d
fff3
016e
fa62
fd02
fdd9
ff25
fe12
fbef
fe81
fd6b
fbf3
ff77
fc43
fd59
fbed
fcdf
fd63
fe9b
fc8d
fa7d
fbd3
fc59
fc35
fb76
fb09
fc52
fc91
ff6a
fe61
ff0a
fe1f
fd3b
fd33
faa0
fc1c
fd75
fdb9
fd73
fe61
ff39
0108
0144
012f
0119
00a5
ff18
ff28
feea
fdc4
fd40
fd35
fe9b
0104
ffd4
0058
00bf
00e8
0214
ff5d
ff16
fe19
fd91
fd1a
fe22
feae
ff93
fec5
fdaa
fe93
fff3
fffe
ffc8
fe70
fe6f
fbe7
fda2
fc11
fa66
fb63
fcd5
fa96
fb64
fc85
fe44
0000
0226
fde8
fd1d
fc4a
fb44
fabf
feba
fcef
fe71
fe96
00a2
0125
0094
fe25
ffa7
fef0
ffad
0024
fecf
ffdd
ffc8
0116
0459
036e
02a5
fe0d
006a
002a
feeb
01e7
0243
01d9
02d4
01d5
0491
04ef
0654
00e8
01ff
ff78
011b
006f
0157
02c9
0342
02e4
04ca
043f
0516
00a9
001d
ff75
ff3e
fff7
0262
031f
048e
037f
03e6
03eb
0310
fd4f
ff13
ff3a
ffe7
0268
0231
03df
03c4
0516
031e
000e
01dd
ffb4
0333
0108
018c
0031
0168
0192
01be
03ed
01f2
007d
ff3e
020f
0270
0044
011c
0111
0038
0057
ffcb
01da
022b
00b4
ff50
fea6
00b5
00d0
0202
fff9
fe9f
0079
0235
01e1
0139
feaf
01b5
fef5
023f
019f
0016
00b6
ff78
0187
020b
00bd
014f
ff79
01f4
03eb
03d1
0417
ffa0
005c
011e
00c3
00a3
febf
fef3
fefc
01c8
04f3
01d3
02ab
fddb
fdd2
ff7a
0056
feec
fdf7
ffb5
fe97
00e8
0266
03a2
01ae
ff34
002f
fd59
007d
ffe9
fdde
ff7a
fe24
0162
01b1
024d
ffe9
01c0
fec5
fe0e
000e
0016
00a9
0130
fdf9
fe18
014e
0017
fe03
0098
fed2
ff99
ff9e
ff92
ff43
ff04
fc01
fd1d
0233
00ae
fe55
fd49
fe6c
0062
ffe4
00f5
ffd2
000e
fc3c
fd55
01eb
ff37
004e
ffa8
ff7a
00cb
ff56
00f3
ff19
ff67
fdf5
fcb7
015f
feef
ff55
00c0
fff9
fee8
febb
002e
0047
fc6a
fe68
ffa8
0186
ffec
ffbd
fe39
fed5
fc0c
fe32
00a8
fe5a
fd41
ff22
003d
01b6
ffef
fd93
fb18
ff96
ffd5
01ae
0072
0048
ffe8
001a
0085
00d7
fb9e
fbd7
fdee
fd90
ffee
ffc6
ff31
fe8d
fe7f
fb61
00ee
0060
fc46
fed5
fe55
0043
00de
ff93
0161
0006
008d
ff45
02b4
0344
fec7
ff03
0047
006a
ff5a
ffdd
00f7
ffea
0074
0263
01ca
0122
01c8
fea1
ff57
0180
007e
0120
00cd
015c
009e
0290
00ef
019e
ff54
fd99
fc72
fdb2
ff6b
fe68
00de
013c
0021
012a
01f8
025c
ff60
fd8f
fe6a
feda
ffb1
fea3
ff55
ff97
fdbd
0051
00e0
0172
fc60
fcd1
fd4c
fef3
fefb
feae
0025
ff04
fe24
fdd0
fd6a
ff7e
0047
ffa8
fba6
fc24
ff8c
ff58
ff53
feff
fd2b
fd8c
faab
ff1f
002f
0192
ff0e
fe09
ff07
feec
febe
ffcf
feb1
fca8
faad
0144
0187
006b
0155
ff56
ff3b
fde5
fd4b
fd40
ff48
fd58
fbbb
0106
0107
003d
ffe4
fc42
fd29
ff20
fd69
fcac
fd98
fd13
fe2d
ffe6
0081
ff8c
fd80
fd6b
fd56
fdf0
fd65
fd73
fc74
fd6b
fea5
ffc4
ff10
004a
fe5f
fddf
ffb9
006e
0069
ffbb
fcdf
fceb
fe09
003a
feca
ffde
fe04
fed4
ff6b
00d7
01c6
011d
fcd3
fcd6
fdac
ffd2
00e1
042a
0328
019e
0114
ffc4
0050
00cc
020c
00db
0209
ff31
00c0
025b
01b8
0033
00a7
ffa5
fd37
ff2f
ff31
ffea
0388
ffde
00b9
02ac
0377
01a3
020a
0104
ff9b
0201
0287
02f4
040b
fda1
0100
0259
04d6
03b1
03d6
02be
0264
028d
0362
04e0
03c3
fc42
0132
032e
0409
02a6
03a4
02f5
0372
026f
0413
02ef
03d1
fdf8
01a5
030b
042e
02aa
035c
0228
0127
00cc
02de
0277
02d9
ff20
01d0
03af
0345
02f0
0363
026d
01d9
0262
01fa
011e
0334
ff53
014f
029e
01ae
02be
01c8
0221
022f
01e7
0226
014a
01cd
fea3
0090
00e3
027f
006f
ffd2
ff81
ffe3
0055
ffbc
0087
01a2
fedc
ffd3
fed6
ffab
ffe7
ff3a
ffc2
ff75
ffc8
ff9b
fec3
0070
fd77
ff11
ff75
ffd5
009e
006e
01c2
00d2
0178
01a2
0193
0131
fd46
fd10
fd5c
febe
ff3b
ffa8
0124
00ce
019a
00e7
00e0
0110
fe3c
fe6f
fd6f
fe0c
fd02
f8ea
f862
fd25
0002
fd92
fc17
ff50
ffec
fdcb
ff9c
0044
fea9
fe16
fecb
0180
0225
ffdd
fdea
fd92
016f
0036
0288
0210
0068
0033
0154
00c1
01f9
008d
ffa2
fef3
016d
02aa
031d
00fa
0152
ffe6
011c
ff5f
0032
fe65
003a
ffa3
0142
0126
02a3
01ab
016b
ff76
0019
ffcb
00e5
fe82
005b
feaf
01a7
0167
0013
00bc
ffdd
fec3
00b4
0005
0232
ff86
019f
010f
ffb3
fe62
fe2b
001b
ffcf
fe81
fe7c
004f
01dd
0329
011a
fe93
01b6
ff35
ffd4
ffc0
ffb8
00fd
fe8b
ff36
00c8
0163
ffd9
fd20
0228
fe77
ffdd
ff35
ff90
ff17
ff75
ff2b
ff61
0118
ff34
fdab
0258
0127
ffda
ff10
fecc
ff54
008b
0217
008b
011c
01a8
ff9d
0199
025b
0134
ff17
fe3b
ff68
00d7
0029
01dd
00ac
0243
ff3b
fdf6
0146
022f
016c
0050
00d1
ffc5
0158
0365
0615
0398
043c
0086
00f3
0073
026a
00e0
0053
0205
0171
0005
0266
fe8a
0103
0353
026c
0478
045d
0223
04bf
03d3
02a7
01aa
0050
005b
018b
02cf
0332
027b
026c
0536
039a
0239
0093
fe6f
0128
0272
0197
0052
025a
0450
0375
02ad
0155
0064
000a
0119
005c
01b8
011f
ff91
024c
026c
0088
01a1
ff12
004f
ff2d
021e
00f1
01af
0137
000d
fed9
ffe2
ffe8
0096
fdfa
fee9
ff45
0079
00ba
015f
02ec
ff05
fe5c
ff24
fec0
ff4e
ffca
fd14
ff7f
008d
00fc
0026
027c
fd4b
fdcc
ff14
fe8e
004d
00c3
fe25
fec0
ff70
007b
0104
01d4
fbab
fea8
ff6a
fe7a
ff35
fdc0
feff
ff03
ffbb
0155
0248
0118
003e
01f8
ff89
fc57
fc89
fdb8
fd8d
ff90
006d
009c
01f5
0158
ff65
016e
fdd9
f9e5
fbaa
fd2b
ff77
013b
fffa
01b3
febd
0132
ffb5
017c
0001
fe2b
feac
00cf
00dd
01f6
016c
005c
004a
fe43
ffd7
00f8
ff82
ff1e
000d
000a
0075
ff96
ff9e
ffa4
0088
0051
0065
ffca
ff3c
ff4d
0024
ff6e
ffdb
ffa8
ffb4
0061
ff51
ff83
ff41
0009
ff9f
0134
ff31
000b
ff99
ff1b
0061
00a8
ff45
005c
0102
ff6a
001f
ff53
0076
fffe
0018
ff26
ffc3
00aa
ffdb
007b
0096
ffba
006a
ff57
febe
00b6
00cc
ff18
ffe0
0122
00c2
ff27
ff76
ffdb
ff7f
0032
0046
0112
0123
006d
001e
015e
0026
0069
ff72
ff70
ff82
ff11
00d7
0014
00b6
00fa
008d
011f
ffd7
ffb4
ffc0
00cb
ffaa
004e
0042
0040
0036
fff5
ffa5
ffe3
00ca
0000
00c2
00db
fff2
00e2
ff3e
0037
ffde
ff99
00bd
00c2
ffef
00b3
0117
ff4a
ff00
0029
ff5c
ffd3
00e0
0104
ff55
0068
0080
0109
0021
00cc
0024
000e
0092
ffd2
00b0
ff37
001c
ffc7
ff9d
ff98
ff3e
ff45
00e1
ff80
ff27
00b4
0006
0099
ff59
ff54
001b
0060
00d4
01ee
01ac
00e1
0074
00cc
0055
017c
0168
ff2f
0093
0357
feb7
0397
005e
00a0
015f
ff44
ffff
014e
00fb
0142
fcca
004a
0289
04fe
025a
00f0
0208
01a6
004a
0164
0222
01b6
fcee
fe93
0219
0229
001a
0093
00ac
ffaa
ffcb
fff3
fed2
00d9
001d
0039
fffc
0223
0181
ffd9
ff26
0073
ff74
ff8f
fceb
0152
010d
02ed
fe82
0032
feda
ff1f
ff1c
005a
fff8
ffb5
fed4
008e
0190
026a
fd84
fd66
ff64
fd0f
ff4f
001d
005c
fe9d
ff13
013b
0180
0301
ffb5
fe79
fea4
ff64
011c
001d
ff99
fe92
0056
0178
00ef
02ba
fda3
fe77
ffd3
008c
00bc
009f
00c0
ffae
ff46
ffc9
00b8
0164
fec2
ff95
0009
ffda
ffba
0038
ff15
003c
ff9f
ffa1
fe75
ff19
0116
00dd
ffb5
ffb5
ffb0
ff4a
fe9c
ffc9
ff43
feb4
ffc9
00ee
feb2
0278
0143
ff7a
ff09
ff80
ff65
0047
ffa0
ffa8
fe95
fd55
ff42
0048
0031
ffc1
00ab
000e
00e5
ffa2
00b8
ffa1
0119
ff35
00bb
00a4
010f
ff55
ff67
0014
0112
0058
ff5f
00d7
0036
fea7
001e
ff41
0109
ffd4
012d
002e
0130
fffa
009d
011e
0094
ff70
008a
ffde
ff84
0009
ff61
ff97
004d
0030
00f4
ffe9
0024
00c6
0029
ff4f
00e2
ff4c
ff6c
011e
fffe
fffd
001b
ffc4
00c1
011b
0116
00ed
ffec
ff80
009e
0095
0119
ffe4
004d
0125
0061
ffd1
ff83
ff64
00af
0008
0109
ffdc
ffed
0033
012d
0098
ffd4
ffde
00aa
006e
006e
00fd
011a
ffd3
ff7d
ffc1
00e8
0042
ff75
00ae
ff72
0008
ffe7
007f
0077
0087
ffe8
0085
fff9
00d2
ff7d
0031
fff8
0055
00e8
ff9f
fec1
ff5a
0071
ff5a
005e
00b3
00f3
ff75
ffa3
00cf
ffaa
0098
006a
0076
ffac
0061
00e4
ffc9
0011
ffda
ff18
0003
00ca
ff99
0117
00f7
005c
0075
012f
00b2
ff69
ff45
ffbb
ff6f
0024
0050
ff85
ff8d
002e
0048
ffc8
0063
001d
0023
fee6
ffa9
ffb6
ff62
0045
0005
ff73
ffaa
ff96
000d
ffd2
0042
0024
0011
011d
00b0
ff75
ffcf
0001
0065
0138
001f
ffc7
ff5c
ffa9
0035
00e5
0134
ffd4
013d
003a
ff8a
0075
0046
0052
002a
ff40
00f0
00ff
0045
ffa7
00d8
ff84
ff79
00aa
001e
ff1a
00b3
0044
0021
fff1
00f4
fec2
0075
ff96
0092
ff5d
ffea
00c0
ff02
ff4b
ff97
0082
00c6
00a5
fed2
ff17
00f1
0126
ffec
001d
ff0b
0098
ff96
ff9c
011f
ffe6
00ce
001f
00be
011d
0028
000c
0025
ff9c
ffed
ff2c
ff04
005a
005b
00c2
ff54
013f
00d9
ff81
ff1b
ffeb
00d4
009e
00ae
0014
0073
ff84
000d
010a
ff9c
008c
ffbe
ffbe
ff84
ffc3
00ec
0124
0032
0009
0060
0002
ff8b
0036
0026
ffe1
0029
ff72
fff6
0005
00f6
ff75
0113
0065
ff78
fec2
00a3
013a
0206
03da
0372
0388
0368
0385
0371
03c0
0498
0441
0401
019e
0262
024e
03ce
02b7
0212
02ab
028e
039f
046e
04b8
03c7
01e4
ffe9
01b2
02bb
02a8
00db
00ed
007d
025f
03c8
0273
0246
010e
0123
026d
ff78
016a
00fc
00e4
001c
0073
009f
00f5
ffa2
01eb
00c7
029b
ff02
fde6
fd4e
fd9f
fed0
fdcc
ff2b
007a
feaa
003d
ff5c
002a
fe88
fde5
fcf5
fbf3
fdc9
fde9
fec8
fec6
fed4
008e
fdd8
fe86
feec
fbc9
fd74
fe77
ffe5
ff8f
fe04
fe86
fe06
00ab
fe09
002d
fe83
fd9b
ffd6
fe6c
fe69
fddb
fd97
fec7
fe3b
0236
ff20
0130
00dc
00a5
ff3f
fe94
fd3c
fd57
fb14
fc66
feaf
0124
00f6
004e
0039
00de
007d
fe6f
fc9f
fca0
fc53
fe24
fc19
fff4
00b7
007e
ffae
0015
008c
00f5
ff75
fecc
fe9c
fe13
fbe5
031a
0062
01b0
02dc
ffc1
0033
01a2
01aa
0082
fef0
fd87
fd63
fe18
fed6
fe46
fdc1
fc38
fe80
fbcc
fb41
fe6c
0135
fd58
0021
000a
00cb
0022
fd82
fcd9
ffd3
ff5a
fdd3
ff65
ff72
fe41
fe77
ff9a
006a
0169
fe3b
fe83
001b
fdcd
fda5
fbfa
fe1a
ffe9
feed
fe4c
00ea
0024
fe16
febe
0090
fe52
fc25
fe09
fdc8
ff70
0170
fde8
fcc9
fce0
fe84
fe2a
fdc4
ffbf
fe6e
fdde
ff07
017d
0289
fcdf
fba9
fcea
0036
fee3
ffc0
005f
007f
0073
01d9
0232
02a0
fd4e
fe39
0070
018e
002d
005c
0111
01cd
02d1
036e
038f
014a
fbdd
fee1
00de
03a6
021d
0276
023d
01d0
01fa
02c8
0115
ffa7
fd8f
0096
02d6
02c1
0100
010c
0159
002d
01c7
0168
0031
ff9e
fcaa
0041
01e8
024f
0247
02ab
011d
ff8f
013d
01ac
010d
0041
fe16
fdb2
01d1
004a
ffc7
005a
00af
0064
004c
029b
0170
022c
fe49
fef7
008e
0078
0107
00a4
0207
02f5
003d
01f5
00fa
ff9f
004b
00e8
000e
0138
022b
ffe9
0154
000a
00cf
009d
0006
00f2
ff30
ff0e
fee6
ffe7
0279
00dc
002a
01dc
00f3
fff7
0214
0089
ff24
fe2c
fe55
0186
007f
010b
0175
0020
01c0
0095
01b4
0085
fe35
0019
00ac
0112
00c6
00f4
00d9
0203
00c1
ffce
0092
ffae
ffbc
0068
ffc7
ff04
fe97
ff73
006e
ffa0
0043
ff9e
ff01
fedc
00b3
fee9
febf
fe8f
fd8f
fe7a
fec4
001b
ff78
00a6
fd8e
feba
0136
fe36
feaf
fe20
feea
0066
fee3
fdd0
fd9f
fec9
ff77
ff35
012f
ffb4
0119
ff2e
ff22
ff9f
fe58
ff66
fe12
fe54
ffd3
fea9
02b7
0041
0152
ff80
fe79
001e
ffba
fe82
00e6
008e
00d2
00fa
0114
ffff
fe9b
ff6c
ff70
010b
ff50
00d1
01ba
002c
0159
ff8f
0045
013a
ff8f
00f3
003b
0003
ff50
008e
007e
00a0
0157
ff1b
018e
00d7
01fd
009b
01e9
ffc4
00b6
ff79
ff5b
0080
ffec
fff7
004d
fe8b
ff2b
01fb
0157
0024
0018
fef3
fd9f
ff00
ffef
fd71
0193
ff36
023f
0273
03c5
0257
0035
ffb0
fe9a
fd77
fdb7
fefd
02fd
00dc
0320
044d
02d6
02aa
00d6
feea
0026
ff1d
ff2f
00cb
0184
007f
02a4
031b
0250
03a3
ff09
fef9
ffb3
ffa7
0007
032a
02e4
fe3e
0016
0126
005c
029d
004f
0160
00a7
fef6
00ee
0394
00a2
fc92
fe12
ff12
0245
027e
ffc9
02a0
021a
004d
0001
0267
01d0
00ce
fd4c
ff75
0125
01c8
00c4
0078
00b6
0068
ff20
01ab
005c
ffcf
fe4b
00db
0329
0254
0116
009f
0283
ff21
fe6b
0175
ff76
fdc8
ff5b
0280
033d
0398
02eb
00e4
01b9
fea0
fda9
ff9c
0022
fe30
fefe
024a
02c9
0374
0411
02e9
008b
fe04
fe10
01b9
ffe5
fd64
ff49
0172
0247
0344
025d
0130
002f
fc8c
fedf
00af
0315
ffe4
fe72
fe77
00b7
00b4
0357
0263
02a6
00a0
ffd7
02f2
00f6
fdad
feb4
ff54
ff34
fe08
ff8e
01f8
0323
0165
00b0
01e3
0280
019b
013d
0480
0590
0204
0347
0476
0402
0172
ffde
013c
028e
019e
fe63
fc63
0075
0086
00c1
0282
0444
00d9
fed5
ffc0
01d6
0168
01c6
004b
ff2d
fe91
ff01
01da
0315
00fc
004a
ffc4
026b
0283
00d8
ff62
ff73
005b
001c
01ba
01ea
01d1
ffe2
000b
002f
00e5
006d
0044
fff0
fff7
ffc7
0157
023d
022e
00b0
fef6
fef2
ff9e
00e7
0067
ffae
ff32
ffa9
0277
02ee
017f
00d1
0051
004b
002a
004e
ffe8
febc
fe9c
fff4
01e2
02c0
01a1
02f3
00fc
ff90
00bf
0019
03b8
019f
013d
02cf
0123
0078
01f3
0246
0240
0074
0186
02df
037b
02b0
0357
0393
047b
03bf
01f4
0081
0519
00f3
ff10
008f
0162
017b
0286
03b9
03eb
0387
01f7
021f
0387
ff7f
0034
006b
ff40
0131
001b
001d
01c3
00b2
ff94
ff2b
fbc6
f8ff
038d
02f0
0199
0055
fe60
fea2
00d8
015e
00d1
fedf
015d
003e
ffa1
fdcb
fd3c
fdaf
fcf2
ff6c
023e
0517
00e0
002f
ff74
ffb7
fbbe
fa1b
fd03
fec6
ffbb
0111
01a3
0401
03a2
02c6
fefd
fe11
fd25
fcf5
fd07
fd4a
003c
0138
0120
040d
0726
0440
ff50
feb3
fe96
fc3e
fd91
fd6c
0144
01d0
00f5
01e8
00f3
022b
0045
0168
0013
001a
fc1c
fe90
01f9
0116
0078
00b7
00a1
02bd
fdc7
001d
02d9
0160
0074
003b
003f
01df
0087
ff45
ff9b
012f
fe93
fd0a
00dd
fe7b
fba8
0027
0049
018a
00a8
0080
0110
0017
ff17
fc88
fde7
fd17
fc83
fe45
ff0f
fe22
ffda
ff58
feb5
fe1e
fe4a
fe04
00b8
fe90
0060
006d
0098
fff8
ff1e
0321
0221
fddf
ff3f
fc85
0135
0184
002c
0219
0148
016a
0032
0136
0143
fe08
fd9e
fdd3
0366
0026
010f
029f
0060
00cd
ff74
00bc
014a
01e9
0098
fd9f
0246
02a3
0172
02f5
01dd
0221
0255
0373
024d
0236
0079
03a7
0123
0011
01df
030b
ff5c
01a6
043c
028d
014c
ff28
fe8a
0062
00f0
fdde
00d9
01cb
feb0
ff89
02c4
023c
0337
00c7
fed4
ffa4
00a1
fd1e
002a
028f
025f
055b
0581
04fb
03c6
ff9e
fdeb
ffd6
0021
fe5e
0113
0584
04be
03cd
049c
03b7
02f1
00b3
fcac
fe80
fff3
fee2
01ab
061b
05a0
02c1
0249
0373
01d1
0127
fa94
fec8
0107
ffd1
0233
0310
0344
0384
02c2
040b
015e
feba
f95a
fc0f
ff42
feee
ff81
01cc
0041
0144
023b
0136
0319
fd76
fe1d
fd5f
ffc8
fead
008c
ffc2
fdf5
fdc8
fe41
ff66
0141
ff34
fc28
fd48
00c5
fd16
00d9
0015
feca
fee8
ff14
0024
0077
ff80
fc13
f928
025f
ff23
005b
0151
0020
fdbf
fd4e
fe99
00a7
0001
fe21
fb12
024b
0144
ffe6
000f
0032
fdb4
fe7a
0099
ff12
ffe4
0095
fd4a
0142
fdbf
fef0
ffb3
fe0b
fe80
fecf
fe9a
ff46
021c
ff17
00ac
fcd4
ff45
01a8
031a
012a
001d
fd3c
fc07
fe24
fe48
00cf
fe51
fe6d
01c3
0283
02d2
0392
01c1
ff84
fcd6
ffbc
fdfc
fe8d
007a
014c
02c3
0138
01a2
0397
007d
00b9
fdf6
ff79
fd6a
004d
00ee
00ee
ff7d
ff95
0127
03a6
01d5
0104
0034
ff09
fe7e
024e
01b7
0019
fff0
0122
03e9
0631
02aa
0011
ff0e
fffb
fe7e
0206
ff6f
00a4
027b
033a
02b7
04b1
034d
008a
0014
023e
019b
036b
0297
0228
0499
04a6
022e
0180
0362
ff9e
00e0
ff3d
ff52
fefd
00ce
023a
0179
0224
000a
ffc6
039c
01da
fe74
fc2f
fb84
0018
fef4
fe52
fd67
ffab
007a
0011
0295
02ac
019c
fc81
feb3
ff73
ff72
0185
ff44
ffdd
fced
fe26
ff92
027e
ffc7
ff30
ffbf
ff9e
0067
ff9b
ff57
003a
fcc2
fa2f
fd92
0029
fd6d
fd3e
fd34
01e3
02b7
fe1e
fe65
00a4
0142
fecb
fefc
fe59
fca2
fd54
ff4b
ff1e
fffc
039c
03fb
016a
0164
0073
fc60
fa7b
f9ac
faab
fdf6
ff78
fe50
06c6
032a
0481
00f2
feff
fb81
fabb
fd82
fb2b
fdf0
fe99
fe16
03c0
0377
0557
005e
0144
fdb3
fbe8
fdaa
fdb8
fd4d
00b1
0046
02e6
05ab
0471
03c2
0227
000f
fee9
fe0a
fdae
ff5c
010c
01bf
0369
03fc
0352
0352
029f
ffb0
fc7b
fdd2
fd40
00ec
02e6
01b4
06b7
03aa
0273
01be
0234
ffbc
fdca
fd6c
fec8
01db
02a0
0143
0325
ff3b
0125
0156
008c
01c8
0058
ff21
ffda
000d
0154
0146
0088
fd7b
ff5f
ffcf
01f8
01e4
0191
0198
ffc4
007a
019a
ff6f
fdbc
ff3b
0115
ffe6
00e4
0333
0256
00c3
009f
ff85
01b9
0180
fb8c
fff3
fd4f
fc37
fd38
ffec
00de
fe41
fe4b
00bd
039a
0156
ffc8
ff8e
fd6d
fe60
fc27
fddc
003f
0198
fff8
0015
01fc
0025
00c7
ff41
fee3
fef2
006d
ffe4
0057
00da
001e
0149
0216
01be
fd49
fde0
fd65
ff06
0182
000f
00aa
00d9
ff83
ffbd
012b
ffab
fe97
fdeb
fe9a
ff8a
ff13
ff3b
0121
ff55
00f2
0157
01a0
ff78
0065
ff58
fe6e
fea4
ff10
feee
002e
ff95
ff7d
ffdf
014a
ff90
ff39
fe06
fdfe
ff71
ffc4
0106
00cd
012b
fe47
fcf3
ff62
0065
fd55
fae7
fc3f
fd27
00e8
0169
002d
00d4
fe6c
fce0
fdae
006c
000c
fbc9
fda5
fea0
0003
01f7
0148
ffa3
ff3b
fe71
fdc6
ff5b
03eb
fe31
ffb8
fec2
fe12
01c3
020c
ffbe
fe43
fd7f
fe46
fdb6
03fb
ff1c
fe60
ff80
fec2
008b
019a
011f
005d
fdf8
fded
ff11
0211
ff42
fdce
fea4
fe8c
fffc
0234
0107
ff79
fd61
fe5c
fda5
0068
ff3b
ff3d
fe8e
fec4
01af
027f
ffc1
ff76
fdd2
fe22
fd7b
0188
000a
ffc2
0006
fea1
ffb9
005c
ffaa
ff48
fe33
fed6
fdb8
0346
fe09
fd09
0192
00c7
fff2
0163
01d9
fef1
0099
ff87
01a9
ff12
fcea
fac3
fc80
fcb3
fe98
ffa2
00e9
ffec
00af
ffc5
00b8
fc3e
fe5b
fedf
01db
0374
0576
0551
05cf
0201
ffbf
fed0
ff10
ff67
0010
01b2
04fe
0406
05c3
059d
0458
029c
0068
0019
ff2e
ffef
01d7
0378
02c5
01d9
021d
0203
0285
022c
fede
fe51
0035
ffaf
0107
0277
0283
00f1
00f4
00d7
0248
01e7
00b7
fe9f
00e3
01d2
025e
02c2
031d
003b
00d0
01c6
0237
025c
00fe
fed2
ffd4
01e5
02d4
025c
0417
0064
fe45
ff96
0126
01c0
ff8e
fe48
010c
013b
044c
02f2
0352
ff9c
ff5d
ff09
ff65
0019
010a
0169
0233
0116
0088
020f
023b
fdcf
fde6
ff7a
ff30
ff2f
ff85
ffbc
0060
021b
ff17
ffdf
01ff
fff9
0201
0162
ff86
0029
ff13
ff71
ffc1
ffb5
fe5f
fccf
fe13
fe9b
008a
0072
0129
fe23
fd72
fe6b
ff74
0054
0108
ffa7
fb01
fead
fd49
fecb
0234
00fe
fef7
0196
01e3
000f
01c3
0012
00d9
ffcc
fbfa
feba
fe6f
ff7e
ffa4
ff97
fe1d
01b3
02d8
0113
fe35
017f
001b
fe4c
fe6b
ff4d
fc24
fbfe
fe73
03fc
02fe
00bd
fca6
fe48
feb8
f942
fd3b
feec
fcb8
fda6
ff31
018a
0156
ff1c
fc73
f968
fc50
fad5
fd83
fee6
011a
fc52
fd0f
01f0
024c
ffa2
fbad
faa2
fe80
fcd7
fe90
fc10
fdc1
ffaa
ff75
fe5b
03c6
0106
006e
ff1b
fcc5
fd55
fef6
ffac
ff32
01dc
fd2f
ff36
0147
ff6e
fe12
ffb8
0012
ff55
005a
0166
00d8
000a
fdd9
00c1
0056
ffce
0074
ff57
0201
0208
0101
01b9
0286
fe55
fcc4
0230
ff7a
fff2
0029
fe42
01d9
00ae
02b4
0102
fff3
fe7e
f926
035b
fde7
fee8
ff02
fddc
0241
0313
005f
ff0a
000a
ff10
f5c0
0141
ff94
015b
ffbb
ffc6
fd38
ff68
0075
0109
019c
fcc3
ffaf
0077
ff48
0031
0098
0046
ffb9
fff5
ffd0
ff78
00b4
009d
fffd
007f
ff8c
0101
fff5
ff89
00a1
fef4
0002
009d
ffe7
ff8c
0091
fef3
0002
00d5
0099
004c
000e
ff8e
ffb5
0024
feca
006b
ffc9
008f
0004
0106
0005
00ec
ff5f
ffb8
004b
003c
ff71
003a
006e
ff58
ff29
ffae
00c4
004b
ffc8
00e4
ff45
0002
ff50
ff21
ff62
ffa9
ff92
ff31
fff3
ff7b
ffc0
fefe
ff40
ffea
fef9
ff76
fff7
005b
00a8
ffd9
ff21
012a
00aa
0102
0059
fec9
0040
ff27
00a9
ff68
ffb0
ff5a
ffde
ffc4
0050
ffb1
feb4
0076
0009
00f0
00c9
00b8
ff5f
00c6
ff3f
004d
ffc5
fffb
0067
00b0
0003
004d
ffaf
ff5c
ff74
ffe6
fff7
ff31
ff00
ff57
fefe
0010
fec8
ff64
00ed
006e
009c
007e
ff2b
ffbe
fee8
ffb4
ffeb
fedd
ffdb
ff7c
00d7
0026
ff50
ffa2
0042
ffc8
ffe3
007e
ff42
ffea
0060
ffe2
ffb4
003a
fe6b
fe8e
007c
fe70
fdfb
ff31
fef6
0102
ffa7
ff1f
feb7
003c
ff26
fd07
fd24
fe03
fa2a
fd01
ffcc
0084
feb6
0061
013e
fecb
fe2e
fe66
fea6
fec8
ff12
fdaf
fe53
ff74
01d2
017c
017c
fd5b
0095
0018
fd00
fd71
0045
fe53
ff83
0059
fdbd
fe4e
0153
fcfc
fe05
ffa0
fe05
fda8
fe0d
ff7a
005f
ffc2
ffb3
fec9
ff94
fc65
ff5e
0076
0026
015e
ff8e
ff09
fdae
ffb1
fd02
fbd0
ff11
ff67
fe32
0070
0284
02be
00c4
00fc
0042
fd9f
fc0f
f78c
fc21
00cb
016d
00be
0237
0152
00cd
0055
01c3
fdc3
fbe4
f93b
fc50
ffd0
02e0
029b
ff31
ffce
0058
0094
00e0
00aa
fd46
fada
fdd7
fed2
0206
0276
fee4
fee6
ff19
01e9
029f
01c0
009e
fa53
fdb7
ff0a
ff2d
00dc
0037
ff9d
0088
ffc4
026f
026b
003d
fa88
fb5e
0164
fe4c
fe8e
002e
005e
fdf5
fdc2
0069
006f
fdaf
fba7
fe71
00b3
ffa6
ff82
ff89
0063
0083
ff46
ffc7
0093
0086
ffc4
0031
fff7
00b8
0070
ff49
0004
ffdb
ffe5
0012
0012
006a
00a3
ff7c
00f5
00ab
00d0
0115
00af
006d
ff90
ffc5
ff5f
ffa1
00c2
ff15
010e
000f
0039
003f
ffda
0085
0038
0052
0000
0058
0070
00a9
ff89
004f
ff6a
ff11
00dc
ff26
ff5e
ff60
0093
ffaf
0055
ff73
0065
ff4c
ffc5
0084
ffd3
ff8a
ff4c
ffee
ff91
0081
ff15
ff1b
0042
0003
ff55
ffbc
011e
ff4c
0021
ff7a
003e
ff1e
0046
fff1
0029
007f
ff9b
0039
ff4a
ff47
ff0f
ff5c
ff93
0032
ff7e
00a7
ff88
0101
ff84
003d
0093
00fa
00f9
ff0f
ff8d
004b
0000
0099
005a
ffaf
ff40
fff7
ffe0
ff22
00e1
0050
00c5
ffa6
ff0a
fff7
00e9
0076
ff5f
ffde
00b8
ff9c
005d
ff4b
008c
00e9
ff12
0011
ff61
ff49
ff7b
ffdb
ff2c
00bc
00c6
ff74
ff13
ff4f
ff3f
fff5
0019
ffb1
ffbf
ff77
0061
ffc4
0030
001b
0125
ffc1
00eb
ffe8
00ba
0050
00b0
ff4d
ff4e
004d
008b
ff76
ffc0
ffe3
ff25
ff9f
0081
ffea
003f
ff50
ffa6
fff6
00e0
ffd4
0051
ffbc
0037
ffc1
00be
ff12
ff15
ff28
0057
ff6f
0008
0001
ff2e
002f
005b
0085
007b
ff61
ff3d
0001
ffac
00b6
0056
ffe8
ff2b
00a8
0062
ff3a
0050
0035
ff6a
0076
ff4c
ffcc
0046
ff8c
ff9a
0058
fff5
00a5
ffd0
ffc3
00bd
0055
0052
ff51
00ba
ff93
ff3b
ff94
000c
ffbc
ff08
00c4
0043
0093
0000
ffa1
ffe3
ff48
0008
ffa6
0092
ffff
ff2e
006a
00e7
ff79
00d8
ff5c
0054
00df
0066
00ca
007f
fef2
fff9
0057
00d0
ff2e
00da
ff58
ff60
0014
00e0
ffcb
0089
ffb8
0027
ff7f
fff6
ff64
005d
00e6
ff85
0048
00e9
ff66
0028
004e
ff90
008f
ffac
ff6a
ffe5
ffa7
003c
0071
00ad
00c9
00db
ffd1
fd27
ffc1
0154
0100
ffdc
0081
fe42
fd71
fe8c
fff1
ff14
00cd
007e
0059
010a
003d
ff8c
fe29
fd8d
fe1a
fd5b
fd72
fd05
fd24
ffc8
ff1b
febe
ff58
fd6f
fd22
fd33
fd75
fd68
fe92
ffa4
ff75
01fe
0035
fdea
fecf
fdcb
fbfc
fccb
fcf8
fdf9
0088
fefd
febc
0260
00e2
0001
fe95
fd22
f9cd
fa1b
fc17
fcb1
008d
01ad
00a2
0211
0424
0277
fe75
fc81
fbe4
f9a3
fd0a
fdc4
0170
01fd
0008
0120
050e
0255
ffcf
fc12
f9ce
fa2b
fd8b
00f4
0286
02ec
ff3e
fdba
0195
fe0e
fe15
fcb0
fa28
f9f1
fded
0107
0296
01a6
0086
ffc7
0049
fe94
ffbd
0067
ffec
fbda
fcbc
005e
009f
0498
0312
000e
0094
0102
01a0
0046
001f
fea1
fd91
0058
014b
0410
0603
fde1
fe47
ff98
ffc5
ff0e
00f5
000f
00b9
01e8
01fc
026e
04c3
fd08
ff8e
ff96
006a
0073
01e7
01e4
00f5
ff79
ff63
01e5
0174
0076
ffe9
fea2
fe78
ffa7
fe07
0050
0204
ffd8
ff83
ff5b
0267
ff15
01a9
02ac
000b
fdd9
fd37
fd18
fd9a
0052
0020
ffda
ff81
fd0e
0186
0436
02cf
fe4c
fe65
ff68
fcfc
00de
015b
0150
0031
fd2a
00f8
05ff
0311
fd34
003d
ffd4
0110
0110
007e
0045
fe9b
fd8f
fd44
03a4
0216
ff93
025a
014e
00b9
026f
020d
0107
fc65
0046
00ba
01dc
025d
01df
006c
feef
ffb8
017b
0278
fe63
fc35
0153
03aa
fd53
0204
0097
fe8a
fe3c
003c
014b
0127
fe67
fb5e
01cb
0138
fda2
ffeb
ff15
fda9
002e
004e
012d
02cd
ff4f
ff50
ffb9
0189
fdb2
fd8c
0014
feda
018d
01a9
0109
0322
0029
fb1c
039a
021c
ff44
ff14
fddb
fee9
fe94
006d
0295
0390
0131
feac
0144
0072
fd83
003d
ffce
fed9
ff34
0100
00b7
0124
fd5c
fd5b
fef5
0101
fcb2
fc39
ffa9
ff83
fd39
fd33
fe9d
fef4
fc1e
fe47
0058
ff27
ff13
002e
008c
ffb8
fef3
ffe6
ffa3
fec7
fe7f
ffb7
ffb2
0018
00bd
ff9c
fe8e
fea5
fd87
fec7
fee1
fd81
fd95
feb1
02a7
002a
0077
001e
01f2
ff84
fd77
fd92
feb3
ff01
fdfa
feb1
0145
0032
0136
0136
0156
fe6e
fd09
fcd8
ff59
ff87
fed2
fe81
0119
ff58
0106
01b6
0330
00ed
ff2c
ff4f
feeb
ffe8
0021
feac
02a1
01be
0198
0130
00d0
fec3
fe41
fe83
ff67
ffdf
0112
00a6
00e0
00e2
0277
01d6
ffbf
fdb7
fd99
fd28
febc
00d9
00d6
01ad
001d
00f5
ffa6
004b
0079
fe95
fe95
fe9c
0005
0196
014c
0008
fe18
007f
feb7
fff6
017e
fe77
ff60
004c
002a
ffba
fed4
0134
fe54
ff54
0117
005e
00e1
ffc5
ff98
00ff
ffb4
0087
007a
00c2
ff09
ff6f
ff12
ff2c
fdcf
ffec
0042
ff80
fe5e
0031
0199
0284
fe0f
fee6
fdf0
fe03
fd6c
ff62
ffc5
fee8
ff37
00e6
0175
0116
fd97
00a0
ff93
fd6c
fcce
fe1c
fe81
fed2
fedd
0295
00e3
01fe
fd99
0008
00b5
fd23
fd0e
fdcc
fd51
ff23
fd75
0111
01d8
019f
fe54
01a5
0409
0010
fe9f
fe12
ffbf
0055
fec8
fff4
002b
0134
fde8
02a5
044b
01f1
fe01
fdcf
fe82
ff40
ff9c
ff67
ff82
011f
fefc
029b
03e2
0290
0258
00dc
ff7e
fd0c
ff66
01d2
01c3
004b
0064
03c9
03aa
0383
ffec
ff2b
fe7e
000f
0143
023c
01ea
fefb
fcb5
0026
fe1b
ff45
00de
001d
fe7b
ffe7
0223
01c0
fe89
fd2b
fc56
ffff
fd81
fb92
fe8f
0023
0274
02d2
034d
00a1
ffc5
fed8
fc1f
0095
00aa
0023
ff04
fdf0
01f7
00e0
017d
0167
ff0b
ff9c
fcfb
ff33
02eb
0305
01e9
fe2e
ff25
fd87
0032
02b2
0348
ff5a
fe7a
0171
01e1
047a
0113
fe03
fbf7
fc53
fd6d
febc
009c
ff62
0330
028b
ffa3
0183
ffa4
fe9d
f9b0
fda8
fa91
fa94
fd87
00ea
008d
030b
02ef
025a
031a
fff0
ffb8
fe6a
ff72
ff32
012c
ff16
0027
01e3
0285
0164
00c4
00a4
fff1
001b
ffaa
ffbf
fe22
fdc0
ffb1
0141
fef8
0118
0285
0446
ffe9
ffb3
02d7
00f6
008a
fe09
0148
0431
0218
0109
05ef
04aa
00b3
febf
003c
ff1c
0096
fc82
020a
0461
036c
03fb
00fe
fffa
fb2c
fdd7
fcc3
fe95
008b
fe64
0244
02e1
022c
0070
fe6a
fbde
fce3
fbbc
fb16
fe32
ff73
ff2d
ff0c
0171
007b
01ab
001b
fd58
f9b9
faa6
fc80
fbdf
00b0
0233
ff3d
fe41
fece
ff88
ffe1
ff03
fe47
fd85
fd6f
fd05
01a8
0296
0051
003b
fe40
00d8
0057
ff6b
ff2b
ffef
ff02
fe56
00a0
0488
00d6
02ae
ff5e
001e
006a
fff6
fed9
ff77
fede
fd83
010c
0430
013b
03a2
007d
fe39
fe6d
fe93
fee8
fdf3
fdfe
00ec
ff4a
fe55
ffad
004b
0096
ffdb
ff41
00e5
0045
013e
ff8a
fe01
0085
01a2
0407
0247
fe32
00c4
fe8b
fefe
fdae
fef8
fd6b
fdce
fe02
00e5
00d3
fe96
fdda
fd88
feba
0019
028d
0083
fcd9
fef2
fd88
005a
02b3
fc87
fcd6
feeb
0147
0321
0240
ff72
fdb9
fdb4
fed3
0033
038d
ffe1
00e0
00c9
05ff
028e
006b
018b
fff1
00f3
fff0
024e
00bd
0187
014a
039d
0442
0439
0083
ff84
008e
ff63
fff6
0194
ff34
0236
01e1
048f
0520
0295
0125
0087
01ec
01ef
ffb2
003f
ffc7
ffcc
0157
032e
02df
0404
0207
0331
018d
01d9
028c
0178
0055
fb98
fe93
019e
00a2
004f
000b
0031
00ed
ff7d
0176
0032
001d
fa47
fdd3
fe22
fc60
fee4
0298
018f
02a5
00ee
0209
032d
ffd3
fe7a
0058
ff59
fcfc
fe16
0189
fe77
fcb9
ffb8
022b
0372
0053
fdbe
fe3d
fe5e
fe20
00d0
00ab
002a
ff66
0040
ff96
ffc8
ff70
fd3a
fd19
fe79
fe57
fe2a
fffa
ffb2
ff96
ff75
fffe
0105
00d7
02b3
0149
0020
ffa2
0077
00d0
ff9e
ff83
ffd4
fcdb
fde1
ff36
ffcf
004d
fd34
ffb1
00c6
015d
018c
0235
ffd8
0156
0458
0195
005c
fcbd
fdab
ffab
ffac
006d
01cf
02ad
00d3
0053
024b
0111
022b
00a9
01f7
ff75
feca
fde2
00f7
03c5
0240
ffef
feff
fe7e
0364
0338
0403
01d1
00ae
0152
00df
02fe
01ff
009b
ff26
fda6
ffe6
0229
02f3
0044
ff22
ffee
0284
02e2
024b
0074
fe3d
fe73
ffcc
001d
02ff
016c
001a
022d
0126
0160
0087
fee3
fe46
fcd6
ff75
ffc9
fff0
0155
003c
003d
ff84
ff47
0066
0101
ff6e
fd94
0006
fddf
0175
0152
01f0
00e7
016e
fe84
feca
ff92
ff43
fd76
009c
fe94
01a1
0191
ff4e
ff5d
ffba
fc5e
fd0a
0064
fe08
fd76
feed
ff7a
ffd9
fee2
feb5
fe1a
fe1a
fd66
ff11
fdeb
fe46
fffa
fe63
feb3
fea4
fdec
fdcd
fd84
fcfd
fe90
ffae
fea8
ff19
fff8
021a
03f4
0672
0627
0416
0190
01f5
034c
013f
ff58
ff2d
0123
027b
04c1
0468
04a8
0302
00ce
015d
01bc
01c2
0311
0054
00c1
041f
05f7
046d
037e
01e6
004b
00af
0074
00b2
0131
fe83
ff15
02ce
0596
065d
0159
00d5
00c9
0131
013c
04b0
030c
fd7a
ffc3
042f
055a
0596
0321
0058
fe38
0246
00d3
0457
03c4
01a8
0067
0251
048f
05c0
0373
0032
fd52
ffd5
0114
0448
03a9
0253
ff33
0118
059a
0969
0715
02f5
feac
ffca
03cf
044b
031f
030a
002c
0192
0622
07b3
0661
ffd7
fc33
fda5
0212
02e5
033e
0284
ff86
ff1a
02d8
031c
038d
fd17
ffb3
0065
02a4
01c8
024d
00f9
031b
ffb0
ff97
0060
fe85
fe44
ff75
01c5
02c9
04bf
02b8
009e
0362
001d
fd31
fcc1
00eb
fe2e
fee3
01ed
03d6
0395
0310
01e0
029d
02b7
fb8d
fd33
fe77
fee2
fd03
fed7
00ce
029e
008f
0151
0173
0466
0523
0338
0612
0253
fdf7
0026
019b
026d
ffbd
ff56
feb2
032c
01c5
021d
0494
009f
fe02
002c
ffcf
01a4
0007
fe6d
fed2
0286
02a7
0381
04d0
fff9
fd0f
fce6
00b3
01f8
0194
feba
011f
032b
0320
0223
0312
fb8f
fa36
fb8f
01e9
035b
01da
ff7e
001e
0234
0168
0123
ff1e
f8a0
fb4c
ff84
01b0
0247
0301
0108
fe02
fffd
0054
0306
fd54
f82e
fdad
0209
02b4
02f4
0357
ff60
fa8b
0103
0028
006a
fe4f
fc4b
001d
0384
01dc
01da
038c
fdea
fe58
ff49
0208
00e0
ff0b
0159
01b5
0273
011a
02e9
0118
fef3
fda3
002b
02c3
0078
ff70
0101
008f
0183
ffb5
0011
01dc
ff69
fd5d
ff74
ff1a
00d5
00fd
0055
015b
0169
0141
ff33
0172
000f
fef3
ff19
ff52
01d6
fff7
fdc7
00f5
01b0
ff80
fded
fe9d
010f
ffaf
023b
ff86
00c7
ff2c
fe5f
fec8
ff39
fd92
fc78
ffc4
0057
fd55
ff6e
fde5
fe50
fe8b
fdfe
ff30
fe13
fe50
0068
fd6e
fd34
ff1f
ff4a
fd43
f97c
fde0
fd7a
fd87
f9da
fc0e
ff3d
ff5a
fe47
fef8
fbbe
faa1
fc34
ffb0
0011
0005
fb53
fc7c
ffa9
fe22
ffa2
fdfa
fb70
fb3f
ff62
018c
03a4
0128
ff42
0005
fe32
fd5f
ff63
ff79
fe10
fddd
003d
020a
01e3
019a
014b
fee1
feb6
ff1d
ff9b
ff49
0144
fe70
0078
02c8
032e
0243
ffe3
fccf
fce6
0004
0089
0156
004d
ff49
ff81
0224
0122
012a
feec
fbf1
fd78
0132
00f8
018d
0008
fd29
00fa
0379
00ff
ff56
fc44
fd51
ff85
024d
015a
fff1
0058
ffaa
ff1d
012c
003f
fc2a
faca
fe75
ffed
ffad
ffaf
ff8f
00f0
fff6
fdac
ffcd
fffb
fd07
fc2a
fe0d
002e
0048
ff7f
ff14
fe36
fe13
fe03
ff3f
fddb
fc93
fc1a
ff4c
0012
00a6
ffca
fe88
fcdf
fd1e
feb1
fd29
fd3d
ff07
ff6f
ff59
ff08
ff40
0023
fff3
012c
0152
027f
024c
03ac
004f
008f
02cf
024b
0163
fd17
ff86
022a
ffa2
fe8e
ff24
ff91
ff0e
0028
ffca
0096
0227
00dc
fe6e
ffa2
00f8
0079
015b
fcdf
f9cb
fd33
fe05
fd90
fff7
00d7
0184
ff88
01b6
ffec
01e0
ffb8
fb40
fd2e
fdf4
fe5f
ff9d
004a
ffa2
fefc
00a7
ff48
036e
0236
0070
fb32
fea0
0107
0130
00ac
00d1
0044
ffc2
fe8f
01bf
00a9
fed6
fb2e
ffab
03f4
02e6
fe9b
00a8
ff51
fee1
fe72
ff77
fed5
fcb5
fd36
fedf
0139
01fa
ffc3
00d1
fdf0
fe6f
fd8c
fe75
fec0
fdd7
fe32
fd64
0058
0083
01af
ffeb
ff4a
fe45
fcb3
fcff
fe82
ff63
ffbc
fff9
ffd0
0239
0315
01fe
ffc3
fece
fc92
fd7f
fd23
fe74
0024
019c
020b
0296
0229
0071
fee2
0135
ff16
fc97
fc8f
004e
01d7
0186
0303
0087
0127
ffca
fe6e
fea9
fefe
fdf9
fda7
fe53
0098
00fc
0105
00e7
00ed
ffda
fdd6
0204
01c8
0160
fdb3
fcaa
f9e9
fa04
fd19
fbb2
ff12
020f
02f1
02de
0119
01e1
001c
fcfe
fca1
fff7
02a5
0113
004c
018b
0166
ffe4
ff1f
011b
fda3
fd0e
fc94
fefc
0115
fece
00de
02a7
fdd8
ffa1
007b
00f2
fed3
fe06
fdc1
0198
0065
fe07
fd81
01d0
fda5
ff99
001f
0144
ff2d
fb31
ff1e
01b4
0090
fcb1
fe32
0187
00a6
ff0c
018e
01f1
006d
fd18
fe0f
001c
008a
fc31
fd68
007a
fdc3
ffcc
ff72
fd48
ff6b
fe29
fbcf
fc8e
0002
fcc8
fb45
00b7
01b9
029e
00b9
fbfa
ff08
fcb2
fb03
fbfa
fd07
0071
feea
feed
0354
054b
0243
fe25
fde8
fd0c
fc8f
fd56
fe7e
0147
00e2
fee1
0417
03fb
0121
0031
0046
fe4e
fee5
fc68
0042
029c
0140
ffcb
0122
0086
0223
015f
01ee
fec3
ff7d
00b4
010e
019c
009e
03c9
0059
ff80
ffd5
fe04
ffc0
004f
002b
00c1
0039
003c
001a
ff74
00a4
008b
ffd3
0054
ffa9
00e7
ff69
ffd0
ffd0
feff
0063
ff8e
ff0d
004f
ffa7
007f
ffea
ff4c
0094
0086
ffd6
0021
00b4
0000
0047
006e
00b3
ffb6
00eb
ff82
ff78
00db
ffc5
0091
000f
0081
ff5d
00e9
0067
00b6
002c
ffc8
ffa6
000e
ffe3
ff49
0006
ff68
0033
ff1b
ffbb
00b7
fef4
ff74
ff7b
0043
ffd4
0092
00de
ffe5
0073
0032
00af
00c7
005e
fffb
0027
ffd2
0079
0097
ffd7
00dc
ffbb
ffc4
00c1
0067
ff0a
004f
0098
ff62
0051
00dd
00e5
ffc2
0040
0004
00b0
0110
ff68
ff01
ffc5
0102
ffb5
ffb0
00d6
ff1e
00f8
007a
ff1f
ff8e
0096
00e9
0041
ff01
0079
0028
00eb
ffd2
0060
ffb6
ff46
ff26
00bc
ff60
ff29
ff82
002a
fefd
00a3
ff34
00e4
00b4
0013
ff56
0053
00ca
ff3c
fff8
0090
0016
fef5
0033
ff58
ffb7
00cb
0041
0011
0006
0069
0049
0049
00ad
0055
ffc4
0005
ffaa
fe71
006a
0144
ffc1
fe2c
fcf6
fe6c
ff87
ff4d
fe3d
fcd5
ffa8
fe1e
fd85
fd01
fe39
fec5
00d0
ff65
fe1d
ffe8
ff5f
fe08
feaa
005c
ffd4
fcd1
fc23
003f
ff30
01d4
fda9
fdc6
001f
fe91
ff75
0027
ff0d
ff69
fd17
00c2
004a
ffaa
fea3
ffce
011b
ffe6
fdae
008a
01a9
fe6e
fe8d
0144
0241
0156
fe67
ff2f
ff17
0282
014f
ff4e
013b
ffd7
ff81
0222
01ad
ff6b
ffed
ff18
fe4a
015d
00ca
fed3
0027
fe74
ff1b
fe49
fe27
002e
0110
0042
fe3d
ffa0
fe26
ff89
0068
004e
fe9b
fed3
fcbb
ffac
0125
019f
ffd6
fc44
fd79
001d
fed0
01b5
fffb
ff23
fe5f
fffc
0118
0238
ff3f
fd1b
fd2c
fe9a
ffde
0100
ff30
fe91
ff43
ff52
ff3e
01bb
ffb1
0022
fd98
fd87
ff19
004f
00a2
ff35
fe70
008b
0126
0349
fe87
ff1f
ff5a
fe80
fd4f
ff2f
ff81
fe8a
ff53
ff60
0111
ff5c
fef3
00de
ffcf
ff5c
ff92
0136
ffc5
004f
ff81
00a8
00d7
ffa4
fff5
ffa5
ff5c
00bb
0124
00eb
0118
0130
ff65
ffc3
ff71
ff66
fff7
ffd9
ffeb
ff61
0016
ff6f
ffff
007f
ff69
0065
005d
0117
0068
010b
00e0
0117
ffc6
ff8b
fff2
00cb
ffd5
00ce
00e6
0071
000c
00a9
001a
ffa4
ffe6
0118
ffe8
0105
00ee
ffd0
ff4e
0049
005b
0106
ffae
fff3
0134
0009
ffd3
fff3
00bd
fffd
00f2
ff6e
ff8e
fff6
ffc2
0053
00d8
ff59
00ba
00fa
ff9a
0130
ffee
0089
ffc1
ff92
00c5
013a
00bc
0117
ffba
fff3
ff7b
00c9
0018
001a
00fe
ffaf
00e8
0050
ffeb
0005
ffeb
0075
ff95
ff69
ffbc
0073
005b
004c
0081
ffa7
ffc9
008b
0076
ffd3
ff59
0055
006a
ff83
00dc
ff6e
ffe7
0054
013f
00fd
0047
00ef
ff72
004a
ffd0
0050
0014
0000
002f
00f9
000b
013b
ff9b
007f
ffbd
ffcc
0053
ff73
00ee
00c6
0011
0109
ff73
fff6
00b3
00ca
00b8
ffe4
017e
00f8
0095
ff9b
002a
0005
ffda
00b3
0088
ff91
ffb4
00c0
ff5e
00bf
0078
008f
00a4
00d4
000a
ff6e
ffd5
0140
008a
ff69
0068
0087
ffe0
ffe6
0043
ff81
00b3
006f
0055
ffd5
0126
fff9
0073
ff98
ff55
0090
00c9
ff73
0034
008d
004d
ff72
ff64
0124
ff98
ffd8
004d
ff9b
00cf
004d
00de
ffca
ff4f
0017
0045
ffda
00d9
ff6b
00b0
ffe8
0099
ff6c
ffa7
00fc
00ac
ff76
0041
0023
0077
00f8
ff9e
00a8
ff9c
00b8
0101
0022
0142
00fc
ff76
ff84
0008
0115
00bb
ff9a
0131
00e1
ff50
00dc
ffbc
ffb1
ff56
ffbd
007e
0089
ffd9
0043
fff2
0055
ff53
0131
009c
ff80
005e
0008
0141
0038
ff85
ffcd
0129
00f0
012a
ffbf
0061
ffad
00bd
00d1
00d8
ff72
0132
0077
0010
0004
0085
0092
0040
004d
00bc
ffb7
ff8a
0066
0134
fd36
fd24
fea9
ffcd
fe27
feb9
fdfd
0009
00bb
ff85
fea2
ffb7
fe5d
fbb5
fcf3
fd99
ff2d
fe48
ff76
0063
02b9
024c
0155
0119
fd7d
fb0a
fc31
fef9
0105
016f
010c
0116
0133
030f
014a
ff7b
fc51
fa67
fc07
006e
0257
03e1
0491
023a
0067
fee9
0009
00b5
fdd2
f994
faed
fe03
004c
01d8
012d
0120
fea6
ff1f
fef9
00f5
fd33
fc57
fc71
fd61
fdb4
fead
fce4
ffba
fe99
fd7f
fe73
0033
ffb8
fdd3
fe68
fe8e
fe0b
0010
017a
0075
002c
fef9
ff65
feb0
fd03
fdc2
fc6d
fead
0127
0241
03fc
03f8
03d3
0056
fec5
ff7d
ff81
fd77
fe37
0065
026b
0220
039c
0368
033d
00eb
0014
00a6
fd69
ffe1
ffcb
01a0
0256
00e9
025f
0103
fe88
fee4
005b
ffe7
fd00
fe83
01e9
0306
028b
00e4
0094
fefc
ff0e
ff5b
ffc7
fdd1
fd4e
fffd
0344
03ec
00f0
ff1e
01e0
0161
0120
fef3
02ac
fff0
0019
ffb6
00ee
fefa
fc22
fff5
fefa
fff9
fc61
fddf
00a7
022e
fe7d
fefe
fe90
fe3d
ff83
ffae
fed3
000f
ffff
ffa3
00ce
0041
0279
ffa9
fe1e
ff3d
ffeb
fe8e
fd7b
00d0
fe84
fe52
fff9
ff18
016b
005f
ff25
00c3
0255
ff0c
ff02
0156
0298
ff08
fe55
01ac
00e8
00f2
fea2
0162
0038
ffbe
0046
ff6a
01ca
ff6e
ff3f
fee9
fde9
ff26
017a
022e
0102
0006
00f5
fda3
ff19
ffad
fff9
0030
fec1
0001
0209
02a3
01aa
030b
0017
fe99
ffc2
0065
0126
ff6c
fd2f
fd77
038e
0357
01cd
0303
0076
fd57
ff89
00b1
0050
fe5e
fcd1
fb4d
0402
02d0
00ad
0356
fef4
fc6f
fcc5
00ef
ff91
fe4b
feb4
fd7a
feb8
021d
00e5
0214
0026
fcfe
fdfc
025e
00ff
fde0
003c
ff6d
feff
ff3b
001d
0024
01c8
fffa
fd78
01e4
0047
ff18
fe2c
fe82
fc9e
fcd9
fe35
005e
fe8b
ff4b
ffa9
fec7
fed5
ff4d
00d0
0144
0298
00cc
0034
0082
0023
ff45
ff8a
00f3
ffc1
ff67
022e
029b
0143
007c
01ba
ffd2
0049
ffaa
00c9
006a
ff4e
0005
0229
0051
ffd3
0192
0031
ff7c
febb
ff7b
0016
ffbd
0054
ffe8
ff4e
fe2e
fe73
fe31
ff4b
0095
005b
ff94
ffd8
0134
fffb
ffc0
0028
feeb
fdf7
fe81
ff1e
ff8a
0078
ffd2
ffcc
0092
ff73
005e
0002
ff03
fce8
fce7
fdf3
ffd0
ffd9
002e
00ae
001f
ffc1
ff57
010b
ffda
fd28
fe74
00e5
019b
00b2
01d5
01e3
017d
ffbd
ff18
0167
ffea
ffd8
fe3a
010a
012c
01dc
017e
ffaa
ff08
fe8d
0008
0270
0019
0005
fe5c
ff9e
ffc4
0076
0030
00c3
0084
00ab
ff27
011e
ffb2
001f
0066
0049
ffa1
014a
00a8
01a5
0073
0097
ffbc
fffb
01a2
017a
ffaa
ff87
ffd4
006f
0140
ff7c
009f
0023
ff3f
ff19
0066
00ae
0185
0195
0071
ffe6
ffe5
00f9
00d3
0026
00c3
ff0f
0240
038a
ffa0
ff53
ff8a
ff19
ffcf
01c6
026b
02fa
ff4d
0105
028a
ffc1
fd9f
fe2c
ff36
ff25
007d
00a0
01e6
ffc5
0193
0201
022a
ff75
ffcb
fe01
fedc
016e
030e
020c
000e
fe66
00f7
fe9b
fcea
fd14
01c8
ffce
00a8
024f
0296
0090
020a
ff52
0151
ff2c
f9e8
0018
0532
0422
03ea
03c5
01a1
fff9
ff36
006b
fe13
fecc
fb8e
00d0
044e
048b
0452
0302
0180
fdd7
fd8b
0048
ff36
0004
ff60
0194
03dc
0424
024b
fec9
fbe9
fd8a
fe62
017d
00f4
ff85
0142
04f1
04ad
0158
0083
fc17
f9cf
fc75
0016
0196
ffd4
0034
ffe9
0352
0536
0243
feb9
fca1
fc63
febd
004e
0323
0009
0010
0139
01cb
041b
0218
ffec
ffae
008b
fdb4
0110
03b5
ff48
0136
0280
0002
ff01
009e
007f
ff72
fefd
fc79
fe24
002b
00e8
ff48
0255
0106
fd26
fbd7
fd48
fc69
fe54
feb2
0073
ffee
ff75
01d5
027f
01c1
fe7e
fe17
fc90
fd40
0199
0164
0344
02d4
ff3b
0085
fb6e
fac2
fc6d
fc51
fda4
ff4f
0154
00d5
fef0
fe1d
0107
fd8a
fb65
f879
f569
faef
00b8
02f0
03d0
0106
fe3b
fcf1
022f
ffbf
fca5
fb02
fac0
fd16
015a
0298
0248
00e7
fc36
fd82
00c1
fc0b
fdc6
fd6c
ff3c
ff85
023d
014d
00a6
fe29
fb89
fd32
ffdf
fd18
fe00
0250
02f3
034c
026c
026f
01b7
00aa
fbf9
fdca
fe9d
fd84
fed8
0114
012c
01f4
fe0d
ff9e
014d
0079
fcb5
fda4
0011
fe7c
fd61
ff12
0008
fe28
fc2e
fc16
ffd5
fde5
fd0f
ff1c
026e
ffdd
ff98
0027
004a
fe41
ff5c
fdb2
ff19
ff06
fd94
0116
01e7
fdb0
fcf9
fea7
0251
028c
025b
0197
0035
ff26
fd4c
ffe6
0259
fd3f
fc3e
ff49
017c
00cf
014c
00ee
fe83
ff13
fd8b
000f
0295
01fa
ff53
00b8
fe8c
ff4f
00db
0166
ffc5
0156
0021
01f8
006b
fd7f
fe33
ffaf
0198
0031
ff2f
fdbd
fdc7
0016
0008
fec9
fcbd
fe28
ff63
ff3f
015d
ff0e
fe2b
fea2
fddb
ff48
fd40
0013
fef6
004f
01a5
011b
02f4
ffbc
fe7a
fe7d
0018
fff3
0069
fffc
010f
01dd
ff7c
000d
02a0
00a5
ff69
fead
0082
0080
0011
0010
0215
0223
0194
01a8
01bd
0356
01c7
01fe
0178
ff4f
fee8
019c
02b2
ffd1
0077
024e
0250
ffbe
010e
00c1
037b
03ba
0035
0207
040e
00d5
fcf8
00bf
0153
0228
016b
0178
02c1
0207
01ff
03a3
03be
0241
fd4b
00b1
00a8
ff0b
ff53
0046
ffd9
fd82
ffe7
00af
fedb
023a
fce7
fea3
0085
feb7
fdaa
fd5e
fe2c
fddc
ff20
fdf2
0012
01d4
004b
fff7
015c
0148
007f
fecb
00e4
0031
ff08
ff0d
ff93
0094
0074
01cd
0189
011a
0079
01ad
008a
0112
ffed
ff45
ff19
00b8
0119
ff99
005a
0197
00af
002e
003d
0178
0031
01f0
02b3
0212
01de
002c
fec9
0025
fe7f
ff7b
020e
00af
015c
004a
ff5d
ff59
0111
016d
0271
03fd
0656
041e
03f1
03aa
022a
ff75
017b
0178
0079
03af
05b7
01e5
0255
0111
010b
002d
010e
ff81
0126
0066
fe19
002e
008d
fede
ff28
00f2
ff37
ff72
fd59
feab
ff21
fffb
fda3
013e
ff8b
fc02
faa6
fa83
fb0c
fc00
fc9d
ff36
fef4
fe8f
0054
0011
ff3e
fb62
faa7
fbc9
f99f
fbf1
fc5d
ff7d
00aa
fea1
0132
fe97
000e
ff19
fe30
fd26
fcb2
fc60
fd98
feef
01a7
ff81
ffd1
004b
ff52
fdd0
ff38
ff9d
fd25
fc70
fce5
fddd
fe8e
ff5f
fed0
ff4d
fe01
fcba
ff41
ffe4
fd87
fc33
fe1f
fe74
fe5f
fd41
006b
ff4c
ffd4
fc84
fc70
fe42
fe65
ff85
fd5d
ff25
012b
ffca
fe88
ff7c
ff43
fe86
ffa7
ffea
0063
00cb
fed7
fea4
fe40
ffd5
fd55
009e
ff04
005a
ffd5
009e
00ec
0279
0138
0185
0236
00ea
fdec
fd24
fb8b
fc4b
fed1
fd90
ff7e
ff77
00de
02e8
0084
0058
feb2
fd12
fd54
ff04
0048
0017
0084
0002
0108
0095
017c
ff6e
fffe
fcd6
fe1b
00d6
01af
01ce
011f
00ad
fffc
0060
0009
fefd
ff06
ffa8
00f4
023e
0404
0246
0219
0211
ffe8
0281
0195
ff94
009d
fe94
ffdb
0067
fde0
010e
0288
0288
017e
002b
00bf
0272
ff88
ff73
fe97
fd5f
febf
fd7b
0088
0125
00af
fed2
00d3
0276
ffb2
0170
fe77
fec4
fefc
feee
007b
01e7
00fc
006f
ff38
00ff
fedb
0128
fff1
ff33
fd7b
ff9b
01d6
fedc
0028
0208
0113
fcb4
fea0
ff27
00bb
fe76
ff21
ffa3
fdba
ff3b
008d
0077
0014
fffb
0059
ffc8
0101
ff2b
fe8f
ff93
fe99
01f7
0131
0276
ffb5
ff31
002d
fc4a
fd98
fed5
ff9f
0158
0018
ff87
0180
0119
0267
012b
fff5
fc97
fe0d
00d3
013b
ffe9
0110
00e5
037b
029a
023b
0075
fcd9
0249
ff1f
0033
0213
01e1
015f
000b
0016
fe78
ff5a
fec2
ffdb
0038
ff96
0087
020b
0222
01d3
00ec
fff2
fda0
fe44
ff87
ffb4
ffb8
0101
00a4
0280
01df
00bf
0094
ff8e
fe37
ff50
fef0
fead
fd7f
fa7e
fbae
fccc
fdfb
fe4e
0146
ffbb
fe30
fdcc
fdc0
fc81
fcd6
f979
f9e5
faf8
fc2e
fdc2
fd87
fe7f
fee0
feba
ff37
fea7
ff2d
fea9
fed6
fefc
fead
ffe5
00a9
00fd
ffac
ff68
feeb
00b7
0267
003e
ffcb
fdc6
fe9a
0058
ff9f
fff7
00ee
003c
fd85
010c
0113
00d0
0101
fdcb
ff43
fe6b
ff63
fd7a
ff0e
00a1
ff66
fff9
007f
feff
fdc8
fe83
ff44
000b
ffe4
002d
ff49
002c
fd74
fe8f
fe5b
fcf7
fe76
00a2
001c
01c1
feaf
fe6d
ff13
ff92
feba
0117
fe29
ff48
ff46
fde1
ff1d
0000
fc74
fe25
ff59
00d7
ff24
00c5
004f
ff20
ffb4
0150
00d9
01d2
011d
005a
018c
0132
0028
006b
ffce
feab
fd5b
ff63
0036
ffb0
fe89
0046
0003
0125
018f
0205
fee8
fe59
febe
0140
fff0
016c
0152
00fb
0013
013c
00db
fe76
0045
00bb
00b2
01a6
012b
028e
013f
0064
01b8
02af
00f4
ffcb
ff4b
ff8b
011d
02ab
020f
0384
0355
0355
02e9
0356
ffa9
feae
fee9
015e
0013
02dd
0418
03c3
0474
0579
039e
034a
fef2
ff05
fe9b
ffbf
0022
00e0
030e
03b0
03b4
039d
0467
0467
ff4d
ffba
fffa
01a0
01c0
001f
0196
02a8
0238
018f
01d6
0284
ff26
00da
0011
0360
01d9
0198
01a4
01cd
0161
00c4
ffe1
0107
0057
fecb
01e4
0377
01ed
0020
0058
ff74
0033
ffd5
ff21
00f2
fff2
feea
ff65
0145
0015
ff0e
ffe4
0009
fe1d
fec6
febc
ff8e
0141
006f
ff7a
fda4
fecd
ffc7
fe8f
ffd0
fda1
fed7
ff2a
0085
008c
02a7
0074
ff82
fd46
fcdd
ff0e
fdb5
fdfe
ff70
ff5b
ff17
0048
fffc
ffde
ff94
fddb
fea1
0147
0287
01f2
000a
fe4f
fde6
00b9
fe3b
009a
ffda
fd76
fd19
feea
ff85
fe16
fe2c
fe23
feeb
ff9f
007a
ffbb
fff2
fdf7
fe5e
0025
fff4
ff22
fe36
fcc8
ffff
001b
ffa8
ff3f
fe11
ff11
ff74
ff6a
fffd
00b0
0072
ff62
fef7
fff6
fe4d
fe89
fd6f
fecc
ff3d
fe48
fd76
fea2
fe58
fecf
003d
0006
fe0b
fd7e
fd6d
fdaf
fd69
fd1e
fc14
fc8c
fd24
fd8c
fdda
00bc
fee1
ff18
ff13
fc82
fc9c
fc97
fc4d
fd87
fc48
fdbb
fda5
ff5e
ff64
fffc
0186
ff0c
ff8a
ff55
fef4
ff3e
fd23
fdf6
fed0
fe54
007b
003d
00b1
0116
00ca
0120
00e6
0166
0038
fed9
0047
ff03
0102
000d
00ac
0043
0112
011c
009d
ffa5
0041
0110
0258
ffa5
018f
00ef
0058
0091
00c8
017a
006a
feff
fff8
013d
000d
026d
00ad
003b
ff63
fed9
0061
ffcf
002a
ffb9
ff0f
fefd
ffe8
fe71
006b
fdce
fd06
fc61
fd90
fd2c
fd3e
fed5
fce3
fd2e
ff8d
01d4
01ba
ffca
fe49
fce4
ff71
ffbf
fd40
ffb8
0194
0260
0061
0026
00ff
fff5
ff81
01d3
021d
01a5
011a
0126
0156
ff26
00db
ff83
0088
0044
00f4
0338
02d7
0383
0309
039d
0239
01e0
01bf
fdad
00ba
016e
00be
022c
0256
ff03
005d
0250
0333
01d1
00e3
fe7b
ff6c
fd63
0008
ff9a
ff60
feb6
0000
ff98
fe7f
0012
003b
0132
fde6
fc67
fd6d
fc17
fc2d
fcb7
fd26
fcd7
fbab
fda3
fed8
0077
fcca
fd08
fe9f
fee1
fe8d
ff89
ffe5
fdd4
fdcf
ff04
0039
fecd
ffcc
007e
0398
03ee
020d
033c
0162
00ec
ff9c
fe96
ffd7
ff67
ff44
01ed
0263
01bc
0271
0250
0172
00e6
0053
ff96
ffb0
ff06
fdba
feec
0196
013a
021c
021f
0132
013a
ffef
0035
014e
00e3
fee1
ffb6
fe28
fe68
fe63
ff2d
fecf
008e
feb3
00bd
01c1
fec6
008e
008e
ffdf
ff3b
ff65
ff75
ffe8
fff8
fed0
0033
ffcf
ff8f
0032
0012
ff8e
ff6b
0004
0058
ff24
00b8
fed7
fed9
fef7
ff87
ffb4
0064
00b7
fee7
ffd8
ffdc
0087
ff40
ff6a
ffb4
ff21
ffc4
009a
ff28
0075
fedb
0066
ffc6
ffa5
ff10
ff2a
ff68
0002
0012
009f
fff8
ff44
009b
ffeb
00a8
fedb
ff05
ff8b
ff22
ff3b
0006
fef5
ff98
ffdf
00b9
0060
ffa4
00a2
000b
ff9c
ff54
ffcf
0053
0051
005f
003b
001b
ff03
ff7b
ff30
ff0b
ff36
0055
ff90
ff77
fff3
007b
0050
ffb5
ff41
fefc
0008
0077
0098
00b8
004a
0037
ff66
0058
00b0
008c
0093
ffa6
ffc8
00ae
ff5e
fecf
fee7
ff4a
fed2
fff6
ff42
0010
0039
009e
0041
008e
ff1e
ff87
ff38
0055
ff93
0037
0089
ffdf
ffaf
ffa1
0090
ff32
ffbd
00b5
ff9d
004e
0094
fed5
ff0d
009e
00a4
008b
ff22
ff8f
0090
ff0e
ff44
ff3d
0128
ff7f
0171
ff5a
ff71
ff45
fd82
008e
ff52
ffdf
fe37
ffca
fee6
fd50
0001
0180
00f6
015f
002a
ff14
ffa5
ffd3
0053
fed0
ff9d
fffe
02bf
036b
0447
0345
01c7
0210
035e
0147
ff6f
fe24
0161
039a
05da
06e9
0676
061a
0585
049b
03ec
0307
00f6
fcb9
fe64
02a1
010a
01c7
02a8
0342
01a6
028b
02dc
0251
0193
fea9
fe9c
ffa4
fdb6
fd2b
fd49
fd77
fc51
fea8
ffb2
0146
010e
00cb
ffa5
ff39
fc52
fb13
fb0b
fb06
fb45
fc04
fc69
ff68
0052
ff44
0081
00db
fff4
0198
0240
0178
0176
00a7
00b1
ff9b
fe11
fd94
0189
01c0
01b5
032b
0332
0327
023b
0254
01bd
fff5
ff83
fdab
015c
003a
0251
033e
032a
01df
020f
03ab
01b0
00ad
ff58
ff89
ff57
fea5
ff29
ffe7
01bb
0213
0287
02cd
014b
ffe2
0110
ffde
0036
0067
fe08
0175
ff81
0163
012c
0007
ff34
ffff
000a
ff8b
002a
0030
00cb
ff67
00fa
fffb
00d5
ff64
ffaa
007d
00f4
0032
ffa3
ff1b
fffa
005d
ff58
ff08
003a
009f
000e
ffb8
ff4e
ffc8
fffb
00c7
0018
ffec
ff6a
ff0b
0048
ff58
007a
ff78
0090
002f
00ad
00bc
ff91
0086
00ea
ffd8
00be
003f
ffdb
00a8
ff0e
0047
0055
0045
0019
006c
00a6
00f4
00b3
0097
009a
ff4b
00f3
00cd
0015
ff76
004d
ff41
0053
00e8
fffa
ff61
0030
00f8
00c6
ffb9
ff6a
0019
00a9
002b
ff4f
ff6b
00d8
ff3d
ff7c
ff2a
ffb3
ff15
ff2e
00f4
ffda
ff18
00fa
0088
ff67
00df
ffa9
ffca
0066
0077
ff44
ffa9
0075
ff9b
ff19
ffc4
000c
ff1e
ff70
00ec
00f8
ffa3
fff6
005b
00b0
ff93
000e
ffd3
ffdb
ffdc
ffb2
0093
009b
ff45
0085
008f
0022
0002
0028
ff96
ff38
00d1
0098
ff9b
ff99
0087
ffe7
ff76
ff8f
0026
ffc4
00f4
0053
0014
ff37
000e
00cc
fffd
0020
ffdc
ff3a
00c0
ffd3
00e1
002d
00dd
ff77
ff2d
0070
ff7a
ff1b
0050
ff0a
ff86
ff30
007f
0022
ffb4
0099
002d
ff65
ff22
ff1c
ff10
ff66
0094
ffa9
003e
ff9b
fff1
ffee
0053
ff33
ffda
fffb
0094
ffed
ff34
ff25
006a
00f6
ff1e
00e1
ffc4
00de
ffa3
ffab
ff5d
ff20
ff51
ffef
00bf
ffc4
ff82
0044
ff89
00a2
0019
00b0
0013
ff2b
00f7
ff76
0020
007c
0004
002b
ffc1
ff82
ffb3
0091
ff13
ffce
ffe2
009a
0063
003e
00b6
00ac
ffb3
0034
ffae
001f
ff71
ff0d
0041
ff62
ff9d
00b3
ff51
00a8
ffd0
fff5
0010
ff3b
ff7a
004e
0061
003f
00a0
ff9c
ff23
0027
ff48
004e
ffe1
ffb3
ff4e
ff23
fffd
ff9b
ffd7
ff07
ffc0
0048
00f5
ffb1
ff25
ffa2
00ca
ff31
0068
ffeb
0043
00c7
0082
008e
ffd3
0030
0070
ffd9
ff8a
ffd2
002d
ff56
ff10
0075
ffa2
ffc9
ff2e
ff3d
ffe9
fe6a
009a
013d
00b4
0004
fee8
ff93
ff40
fe56
fd71
0054
fe22
ff68
0266
02ea
02d9
01a9
fff7
ffe2
ff82
fd74
ff61
018b
ffec
ff21
01a6
0349
00d0
ff9f
014e
00e1
012b
fe8e
fe59
ff30
ff74
0009
ff5a
ff88
fd7f
fbcd
fcb0
fe93
fd5c
fd14
fdd3
fe37
0003
0039
fefe
fdbf
fcc1
fbcd
fc9f
fc77
f9a5
f91b
f8cb
fc82
fc9f
0000
ffd2
ffdd
0103
002f
0062
ff83
fd57
fb3a
f9e1
fb41
fd05
ff48
01b8
010c
02cb
0359
02e1
01ce
00d3
009b
ff9d
fdfa
fe3a
fe62
fff0
0087
01d2
020b
0137
01ac
024c
025b
00af
017c
0088
ff4d
ff7e
ffe2
ff1d
ffc0
0027
00e8
0184
019e
015b
ff78
ff0c
014c
003e
ffab
ffe3
ffba
01e6
0285
028a
0042
0206
febf
fd59
ffd5
ffcb
ff48
ff28
001a
0172
0109
0012
ff7f
ff56
ff70
0007
0062
0203
0246
0124
ffa4
fed5
00d5
0186
010b
00a7
0119
ff83
fd7a
0166
0082
0139
0006
021d
01f6
014f
00ac
0015
01ba
0082
fea6
fe6c
0284
023c
02fb
01f6
04e5
0404
0209
01b2
00f7
0076
002a
026f
0390
02e9
0206
00e7
0126
00f2
ffcb
009b
02d5
0078
007a
ffa4
02fd
01df
0077
0198
010b
003c
0048
fe8b
ff71
0005
ff84
fdac
fe4a
ffb3
fe57
fd7b
fe19
008c
fffe
fc54
fd35
fe25
0016
fec7
fec1
fdc5
fd53
fe08
fbd9
fcfb
ff55
fdb2
fe81
fed9
0082
0129
febc
fe5b
fe39
fe76
fbf5
fd39
fdc1
fd7d
ff4f
fec6
0055
fecc
ffc8
00cc
fdde
ff1f
fe91
fcca
fda2
fd73
fd43
ffe8
fc38
fd6f
fe08
fe85
fdbf
fdd8
fd9f
fd02
fe46
fc3c
fe24
ffa3
fe01
0074
fe69
fe63
fd9d
fe58
0024
007c
ff10
ff64
fea0
00b6
fe4e
fe5f
fe73
fd9e
fec2
ff50
006d
ff67
fecb
0132
00cc
ffc2
ff01
0011
fdd3
fea4
00c7
ff20
fcc6
fd7b
ff15
ff7e
ffbe
0012
005c
ffc8
ffb1
0075
fefb
ff74
0054
0026
ff31
0020
0010
0010
ffc9
ff59
ffab
005a
fefa
ffde
ff42
ffbf
0043
0078
003a
ff3c
005c
ffad
0038
008c
0050
ff9a
0059
fed1
ff6a
003e
005e
007b
ff4d
fec7
0046
ff88
fedb
ffc8
0094
0049
fefc
ffef
feee
006b
00b5
00b3
ff25
fedf
ffe0
ff18
00af
ff40
fec9
ff00
ffe3
ff16
0040
ffa0
ff85
002f
ff7b
ff51
ff2f
ff03
ff8e
ff61
fffb
0069
febb
0008
00a7
ff1b
ffbd
fef4
003d
ff13
ff03
0092
fed2
0020
ff2e
ff1b
ff7c
ff86
ff95
0043
ffb2
ffaf
fedd
ff66
0054
ff6e
ff14
fef5
0067
fedf
ffa1
009c
ffd1
0059
0001
ffa7
006c
0057
ffa3
ff61
004d
fec8
ffb5
ff69
fefb
fee3
fefe
ff52
ffee
006c
ffe7
ff1f
fecb
ff95
fffd
009c
009f
0088
fee2
ff6c
ff70
ff18
ffbc
ff59
005c
0093
ff80
ff27
ff31
ff51
001a
0020
0024
ffc8
ffee
00a4
ff1e
fed1
ffbf
ff6f
0051
feba
fee4
ff88
00e7
00d2
ff55
ff5c
0035
010b
01f9
00a0
029d
00a7
018f
0148
029f
00bb
fe88
ff9c
0224
0252
0236
0334
034e
0249
01dc
03da
01af
0038
ffa4
fffd
0063
0333
022b
019e
00d2
0339
03d7
030f
02fe
0151
01db
01bd
0243
01a7
ff16
fe22
fee4
ffda
00e1
01e8
00e5
ffc0
0425
03ab
01c9
fefb
fcf4
fc4f
f9e0
faad
fcce
ff24
ffb3
0117
033a
0389
0260
00eb
ffbe
fd7f
fb49
fadf
fa18
fc8b
00bc
ffba
0127
0180
0180
0329
020a
00cd
fe1b
fd61
fd1d
fd80
fe77
fee7
00c1
0018
00f2
00a2
005c
fff6
00de
006d
fed2
0034
fed8
fea8
0081
fe2d
fd1b
ff21
ffb0
fd4b
ffae
0135
0018
feea
fd7e
ffec
ff52
fbd2
fc4c
fe4f
fd8f
fed6
01aa
0186
021f
fe3f
fc8a
fe88
012e
0222
ff63
fe4f
feb0
0119
021d
0158
0132
feff
ffa2
ffd3
0127
ffd8
ff43
fd37
fcfb
fd65
ff06
008f
ff49
fffa
009c
ff0f
00b7
fd4c
fa54
fbc5
fc98
fe0b
fa9e
fc5d
fae9
fcc5
fcb4
fdab
ffbb
fed1
fef9
00f4
feec
fec9
fd49
fce0
fc32
fe10
ffee
fec0
0044
01d9
03be
0367
02ab
025e
00e5
ff28
fded
fead
fef6
0103
00d3
0154
0354
0398
031c
028b
02a9
01a5
0164
0150
01c9
0157
fd54
fd64
fe0e
fe3b
fdac
fefd
ffa3
0056
0156
01fd
0286
002d
fa8b
f91f
f749
f71d
f656
f95b
fdcc
fe30
ff6a
017c
01b3
02d2
fca2
fc93
fbda
fd8e
fb84
fac2
fb7d
fcd6
fe99
ff9c
fff7
fef6
00a2
ff80
004c
0160
012c
01a8
0202
0147
0075
005d
fe06
fbe1
00fe
006b
0060
0292
0189
0202
0163
02c5
0175
ff7a
ff0f
fc97
0001
fe85
ff69
ff20
00a6
0082
0120
01aa
0167
000e
00b1
ff04
0072
0082
00ea
ffc8
fe1e
ff60
0070
ffaa
ff41
0126
ffd1
00de
02d4
001e
0035
0016
ffe4
ff12
fef1
ff7b
01b8
007d
028f
00e4
00ff
012e
00be
ffc5
feec
ff6b
0116
0057
016c
0181
00ad
fd28
ff5e
fee9
fec6
fe84
fd4e
ff29
ff0c
022e
0170
0162
ff8c
fe81
ff53
ff15
ff79
feb4
fe12
fe65
ffb9
02d1
005c
014a
0066
fb89
feee
feb6
0103
00c5
fe3d
fee1
016a
0141
02b9
023d
021a
fb75
fdd3
009b
ff26
fe64
ff43
fe57
00a8
ff8c
01e4
0105
ff9f
fe7f
fd9a
fe1d
fff3
fdaf
fea7
00c8
fe8b
fea4
fed5
fe6b
feca
fdcd
fe29
01e7
01b9
fee7
fed3
0042
00c6
fd75
fc32
fcea
fe37
0007
0033
00ee
ff0d
fc70
fd5c
fdea
ffa8
fd01
fa8b
f8e5
fbc4
fd5b
0033
01eb
fef0
fe63
fc04
fbef
fc51
fb84
fbe9
fe13
fdea
fa80
0078
0061
ff65
fe46
fdbc
fd81
fd73
facb
fcfc
fc69
fe8a
fd82
ffd1
ff36
0026
fefa
fd4c
fcdc
fc98
fc95
fcd7
fe7f
fe2d
fd57
fdba
0202
027a
0083
0179
0130
0171
ffd3
0098
0087
00ba
025e
00f1
fe43
fe05
fd4e
fd17
fe97
ff74
029c
010b
00b5
028d
0085
0057
ff14
fd93
ff12
fe29
ffc3
029d
018a
024a
031d
01e9
00ab
0141
fce4
ffd5
00af
010c
02e3
0520
0464
04b6
0412
01ee
fdf7
0048
ff8d
01c3
0385
040a
040e
0494
0508
056a
054c
0254
ff04
00c3
0196
01ea
03dc
0297
02e4
0331
056c
0397
03f1
01b1
0094
00f2
009a
ffc5
018e
0183
02f2
03ff
03d7
03ac
0127
ff46
ff82
ff26
fe5d
ffb2
ff48
0210
03cc
0213
0132
00b9
ff14
fd92
ff99
0116
016f
00ca
0074
0079
013e
ff3b
fece
fd4b
fdc5
fe04
ff46
fdd4
ff29
ff48
fdf6
fe83
ff85
fe8d
ffdb
feba
ff8e
ffdb
ffa8
fd6d
fda2
feec
fe0a
fdd4
fcb2
fe10
ff09
ffda
ff37
011f
019a
fde3
ff86
fc53
fcf6
fdd6
fc6d
fe8c
0008
ffa2
01fb
0146
0142
0015
0051
0110
00a2
023c
0149
00b6
00d6
ff89
ff84
008f
ffaf
fea6
001b
02b5
01f1
00c7
00ae
0168
ff2c
00be
0102
fe1b
00a8
fd8a
0142
0043
016b
016a
0013
ff1d
fdca
febb
fec9
fd26
0143
ffae
fed0
0023
fdf3
fd9c
fd43
fe7b
ff22
fe7b
fdd3
fe86
ffa0
0029
fe3a
fe20
fde9
fc41
fdd0
fd79
fff4
ff8a
fe9e
0024
004e
ffc9
fd16
fe08
faff
fcc0
fd1f
fdf7
febf
fda9
ff0a
0090
ffe2
ffee
ff61
ff0a
fd42
fef6
fe1a
fec5
fd9b
fcc6
fd81
feae
0179
0128
001d
fcec
fedb
fe14
fd22
fd15
fe65
fd13
fc8f
fca8
fdbc
fb7a
fe58
fb14
faf2
fd39
fc74
fc8a
fd66
ff25
ff29
ff50
fd9f
fcef
fde1
fd20
fd4c
fe34
ff75
ffc6
01ab
ff69
00d2
fef6
feb5
fca3
fdfc
ff07
fd2a
ffad
fffd
00ef
01de
00e7
004b
01df
0191
00c1
fe46
ff5b
fd73
fe01
011a
0148
0263
010c
00ff
023f
0194
0084
fe3b
000d
00f4
00f1
fe7c
ff86
fea1
010b
00bb
00cd
0144
01d3
0044
0180
0138
0110
ffd2
0015
003b
01b3
00a4
0031
0155
01e9
006b
016b
0041
ffcd
fe1c
ff0a
fec4
0059
ffee
fedb
ffc3
01d9
ffbb
0014
fc0e
fd3e
fd3f
fdd5
fd86
ff09
0058
ff8b
002d
ffdb
017b
fed0
fcb5
fd55
fc8f
fc09
fc82
fe0d
005b
0048
0081
047a
0312
ff4f
fbed
fc51
fd6b
fa56
fbbb
ff45
002f
0181
01e9
049a
0176
fe33
fde5
fe82
fe97
fe1a
ff94
00e3
ff8b
0168
0046
0237
fff7
fddb
fdff
fdb9
0147
01d9
00af
007a
0032
0075
ffda
01ce
0053
fe4e
fe84
ff95
0136
03a4
01a3
0198
0176
01db
0237
039a
00ec
0170
009b
029a
03f4
03ee
0339
021d
0221
013f
00cf
01d7
fd44
ff1f
00f1
00d3
02fa
04f8
0418
0205
0220
018c
ffeb
ff95
fdba
fbd5
fe95
fcb1
0031
00b9
ffbd
ff49
fdfa
ff7f
ff15
fd6a
ff46
000b
ff31
002a
004e
00ed
0043
ffeb
ff1b
ff02
000f
004b
006e
008a
00bd
002f
0057
fe92
feca
fe8d
fe49
fe4a
fe9c
013a
ffcb
fe39
fdc4
ffd2
fe5c
fcfc
fd0a
fdf5
ff9f
fddc
fda1
0185
003d
fe44
fd36
fec3
fed1
fdd5
ff3d
0127
019a
0176
fed0
00d3
fecd
fd96
fe3f
000f
005f
012a
01d8
0282
0200
024e
007f
000e
fedc
fe71
0123
02a7
0276
01bb
021c
02dc
015e
00bb
0099
00fb
008d
0095
009d
038b
037f
03df
01a7
0101
00ff
004c
fffb
018b
012a
00f1
02e5
02fd
0218
00fb
008f
0086
ff6c
ff7f
ff86
fff9
fee3
011f
00a5
0127
0133
fe1d
fd92
fed6
fe13
fe33
ffda
ffa0
fefe
ff93
001a
0020
ffb0
fe02
fca3
fcbe
ffa9
ff56
003c
0045
fe83
fd05
fe39
fd2d
fc48
fe6b
fde8
ffb7
00f9
007d
0115
0058
ff20
fece
ff23
fe76
fefe
ffbd
ffc8
ffdc
00a7
0147
00e0
0040
00f6
ff21
020e
0241
00d0
003d
fe4f
fd21
ff40
fd47
0009
ff39
00c0
002d
fedb
ff9f
ff3b
fed9
fdf5
fd9c
fe8f
fb12
feb5
fdef
00e8
ffdb
fe2f
fff5
ff8d
0176
ff8f
ffb3
fda8
fb11
fe62
fdb0
0035
ffd8
ffa5
0063
fef1
00d3
fead
ff28
fe33
fc7f
ff4c
fccb
fed6
0052
fe22
ff67
001e
fe09
fdbb
fdb7
ff7b
fdbf
ff65
fe94
fdd7
ff9f
ff24
ff4e
feff
ff71
fe98
fe70
0104
fe19
0048
ff1e
ff29
fff3
0033
feec
fef3
00cc
fda6
fedc
00be
001c
0203
01a8
ffdd
0181
0062
ff36
ff92
01ac
ff0f
fedf
00fa
01c0
0150
0108
014b
0093
0321
025b
005c
00d4
ffaf
ffd3
0026
0005
0062
00c1
0006
01a3
0116
ffd4
fea6
feeb
0025
ff45
011b
ff8a
ffab
00e3
ffd2
ff17
feac
fee3
ff29
fff7
ff4b
000e
006c
00f4
0101
ff9e
fea7
ff07
fd9d
ff02
ff3f
ff39
0060
fffa
ffee
0088
0116
0108
ffbf
01b2
01e7
001a
00ac
fe8a
fd5e
0078
015d
0031
0055
000c
0142
0095
ff04
003a
00c2
fda2
fed9
fcfb
fe3d
fe49
fc90
fddb
0038
01c6
012c
0294
fd84
fee1
fe4e
fe1e
fe60
fdd8
fe6b
ff03
01ae
003d
01c0
fe36
fee8
fd04
fe3c
fd00
016f
00dc
020d
0092
0193
006f
ff91
fe50
ff02
007b
0044
0023
0130
028e
02f8
02c5
0001
0098
ffc7
ff64
0255
02ef
026c
01d7
0182
026a
0169
ff38
013f
0181
007a
ffc6
00e3
ff2d
0354
0175
00b2
01af
01bb
002d
0013
0104
0013
fe66
0062
fe0a
ff13
0085
0072
029c
0088
ffc1
ffe3
0057
ff02
febd
ff80
ff39
01eb
00bd
0189
006a
ff9e
fe0b
019a
ffbb
000a
ffb8
ff2f
fed3
0053
0010
0192
ff43
ff1f
fc0a
ffce
0124
ff5e
fd70
fd35
fed8
ff92
003e
fd7f
fc5b
fdd5
feb7
ffef
0004
ff7f
ff70
0111
00f5
0127
00db
0166
ff9f
00ad
0060
00c5
ff58
ffdc
0034
005c
ffe0
fffb
ffe6
00f7
ff48
000e
ff41
fefa
ffdd
ffef
fffc
ffd8
ff19
00e9
0002
00f6
ff52
0092
0062
ffa0
fee4
fff0
ff41
ff1c
ff59
0069
ff26
0076
ff1b
ff48
002f
005e
ff0f
00a4
003a
00ac
ff43
0088
0011
ff2f
ff85
ff9e
0084
00b6
ffb2
ff13
ff9d
ffb1
00c1
ff7c
ff7d
0071
00f5
00b7
ff55
ff51
00e5
0091
00e0
00a1
ff2f
00d8
00a6
00be
00f7
fff4
009e
ff49
005c
ffe3
00c2
009d
0056
00d8
ffbe
ffd2
ff73
ff38
ffcd
0073
ff24
00b5
ff4d
009a
0047
ffb0
00b1
00ab
003d
0081
00b3
ff71
007f
ff45
00e7
00a6
0031
0075
ffa7
ff35
00c1
0013
008a
ffba
0085
ffdf
006f
ffb0
ff81
ff41
ffd4
00a4
ff58
ff43
ff3a
ff79
0017
ffb6
ff2e
ff1b
ff1c
ffe3
fff4
00be
ffe6
0003
ff75
001f
ff5d
003c
feeb
ff5d
fff4
ff3e
0036
ff4e
fef5
0072
fe92
0084
0048
0155
002c
fec6
0033
ffea
00d2
0046
feb2
00a5
fed6
ffd4
ff2a
feb5
fe1d
0015
fe0c
fe95
ff2c
fcfe
fd9c
fff6
011c
ff9e
feba
fe05
fe00
fecd
ffe2
ffb6
ff4f
fd5d
fbed
fdbb
0229
feda
fdcd
fcff
fd85
fc70
fe27
0087
0057
fee0
fe46
fea9
0239
018e
fc9b
ff86
003d
0095
018f
0278
01ff
ff34
fe87
00a1
024a
fee2
0143
ff3b
0103
011e
0157
011f
010f
0119
ff24
ff5e
021a
fe6f
0182
0191
0003
0063
00f2
00e6
ff90
ff72
ff6c
fe41
0093
008f
01bc
01c3
0008
ffd1
001d
ffb3
ffa8
fe9d
ff6b
fde3
00ee
ffca
00c4
0075
ff27
fe30
ff9f
fe54
fdc0
ffe3
fcd2
fdbe
ffbf
fff7
fdf1
ff9d
fe64
fd85
fcbe
fd5b
fd60
fd0e
fe2d
fdc4
fde1
ff48
ff82
fdab
feac
fcf3
fd6c
fde1
fca6
fc82
fd6e
ff0d
fdb7
ff5c
fe89
ff4f
0001
0074
0041
0103
0139
ff44
003c
0001
0100
0004
ff27
ff79
ff2f
00d8
ff28
fff2
ff4f
005e
0043
fffd
ff8a
000a
ff99
0017
00b9
00aa
00c1
ffcc
0077
00ef
0058
ff5c
002f
ff98
ff5e
ffbb
00bd
ffe1
007b
00c0
ffb8
ff41
0077
ff8a
ffde
ffee
0058
fffb
ff8a
008d
ff9e
ff83
003c
000b
0015
006c
ffa7
00aa
ff37
ffb8
0072
0041
00c3
001a
ffac
ffff
000f
006c
ffae
ffc5
008c
ff0f
00de
ffdd
0088
0088
005e
002d
0051
ff44
00c8
ff4e
ffc4
006d
006b
00e9
ff14
ff10
fffa
ff27
00a9
ff40
00d6
ffe5
0080
ff4d
ffac
0067
fff8
ff4c
ff5b
00d0
006e
ff75
ff1c
0055
0087
fffa
00e6
ff19
ff95
ffe0
0048
0074
ff6c
ffc2
005a
0008
ff63
ffc8
00b4
002c
ffbd
ff22
00d2
ffee
ff0d
ff3e
00a9
ff56
ffb6
ff1b
ffd3
ffe7
ffce
ffe4
009f
00e8
000e
fff6
ff87
ff89
ffa6
0017
ffd5
ff33
0094
00e1
ff6e
00d5
ffc5
0072
ffcb
0099
0022
fff2
0040
0004
0025
fff8
008f
fefb
ff20
ffc7
0029
00e7
0091
0006
0011
ff15
0003
0043
0074
00ca
ff58
ffb1
00fd
ff2c
00c8
009d
00d6
0060
0068
009f
00a6
ff9a
ff66
ffc9
0082
00c7
00a1
003a
0062
ff38
ff6f
ffec
ff19
ff58
ff26
ff11
00fa
0007
ff33
ff99
006d
0068
00dc
001c
ff50
ff1d
0081
ff3f
ffee
00eb
ffcd
0088
005c
0037
0053
ff2c
ff79
fff4
ffe4
ff97
0056
00be
ff21
ff34
00c5
ffc0
ff7a
00e7
ff6c
ffdd
ff42
0019
ffca
ffef
00d5
ffb4
0018
ff08
ff1d
ff99
00bc
ff77
002c
0088
fffa
0015
005e
006f
00ec
ffbb
00d3
fffc
ffbd
ff30
ff4f
00ee
003f
fff7
00ba
ff4e
ff14
006f
0054
005b
0018
ffc4
ffff
0086
ff82
ffed
ffd2
ff8f
004e
ff0f
ffd1
002e
ff48
002c
ff0f
ff72
0036
0070
002a
00ea
00bd
ff37
00a1
ffc4
00d6
ff56
fffe
ffe9
007e
012c
0049
0023
0068
01e1
ffcd
fef6
fff8
ff2d
fedd
003c
025e
feee
ff1d
00e9
0078
00e9
ff5c
00b3
00a8
00c8
0133
0049
fefc
00ad
00d7
0186
013d
016f
00a9
00c7
0224
0126
00fc
013b
011c
ffc2
0034
00e2
007d
00c3
015e
0115
01e6
018b
01fa
019f
00bd
0229
01c0
00de
00cc
0011
0068
01fd
0129
0116
020b
0283
008a
0201
ffdb
ffb1
ff05
0066
ffd3
fe21
fdea
00f1
00f0
0138
00e4
002d
ffe6
ffa6
fe17
ff55
ff2b
fee2
0016
01bf
0133
ff14
ffb3
0255
01c0
ff3a
fe24
fd45
ff1b
ff23
fe33
fe1e
ff0f
fe35
ff18
0240
0313
01d0
fff2
fe5f
fe80
0036
0196
ffe5
fe7c
ff41
032b
0096
0069
ff8a
fe4d
ff30
ffad
0053
0106
0120
0034
0157
02b7
00c7
00c6
005f
0065
0073
ffe0
ff71
0024
0119
01a2
0023
fee9
fd81
fe89
fd62
fd3c
fd58
fd4f
fd5a
fbb5
fdd6
fbf2
ffa0
ff53
014d
0301
ff7b
ff53
ff8b
ff63
ff69
0088
0093
0065
fee6
009c
ff8b
0170
00da
fef7
fe07
fd79
fefc
ff11
01df
fdec
ff49
00d4
0007
ff59
0016
fe6a
fec7
020e
0098
ff6d
011c
0132
01ca
0274
fc41
febb
ffab
feea
0085
0491
022c
0220
028e
01aa
fec6
00a2
fdd3
0202
0254
017d
0387
0359
0566
035e
03fd
022c
00ad
00b1
008d
02f6
0196
01d2
06c9
0553
04a0
0486
03c0
0277
006e
ff59
003a
0140
034a
03b2
0374
036f
05cf
02be
0344
004c
ff02
009b
0160
016c
0395
02a3
03d1
0214
0163
ff6e
00f7
ff97
fed7
ff14
0318
01a5
ff28
0036
013e
00ef
ff8c
fd6b
ff06
ff79
003f
0095
017d
ff01
fddd
fe6a
fe16
fffe
ffbc
fee0
fd76
ff4e
0020
ffa7
0014
00db
fdfa
fe17
ffe5
008b
ffeb
00e5
0027
013b
006f
fed7
fffe
ff37
fcf6
fff2
ff22
fe37
fe6f
00a9
0185
00d3
005e
0044
ff27
005e
0074
fed1
ff16
ff0b
fee8
ff6b
006a
fee0
ffd4
fff1
014c
ffaf
ffb7
ffb1
ffc2
006f
ff5e
0047
00a4
ffe9
ffa7
00ae
ff5d
ff3d
00e3
ff3f
ff9b
000a
fec9
0028
007e
ff56
0053
0091
0017
ffc8
ff56
ff05
ff36
008a
ffdb
ff7c
0052
ff24
fef9
ff24
00ce
003a
ff75
000a
ff24
0046
fee5
ffca
ff99
fedf
ff72
fef7
ffc9
fefe
fff6
0099
0081
fef7
ffd2
ff3b
ffd1
ff59
ff73
003b
0009
ff54
009e
ffe6
feef
004b
004f
fecb
ff16
0022
fef1
fff5
ff59
fee7
ffdd
fee7
fed3
0063
00a5
0056
ffcc
ff60
0097
0072
ffdc
ff76
007a
fef6
ff2a
0066
ffd5
ffd1
0030
ff9d
feed
001f
ff43
ffe8
0054
ff77
008b
ffbd
ff3d
ff75
feca
0013
0087
0056
0051
ffc2
ff4d
ff88
ff83
ffe6
0058
fee8
ff7e
feff
00af
006d
0096
ff8b
0052
ffe5
fffb
00a7
ff4c
ffc2
0080
007d
ff98
fec9
ffc4
0007
ff6a
ff75
ff66
fe92
fea6
fdbc
fdc8
0000
004a
0067
fefc
ffd5
fe69
fdc4
fffc
ffc5
ff02
ff73
ffb1
fe95
ff65
00ae
ff0e
fef7
fec8
ff60
01b8
0104
ff84
009e
fe91
004f
ffe9
012e
fde0
0094
ff02
0162
0234
01ba
ffda
ffcb
00a9
018d
0013
00a4
fdc6
ff85
ffec
00ae
015e
008f
00f4
0009
000e
0106
0193
0019
fd19
fd38
fcb5
fc72
ff23
ff90
fe89
ff43
ff13
0073
02e6
ffa5
fc28
fd4e
fd1f
fc6e
fe5c
ffc4
fe6f
fe49
ffc9
feb5
ffa5
0123
fe77
fe2c
fcbd
ff3a
fff3
ffd0
0007
ff23
0104
fef6
fe41
0122
feb1
ffee
fdaf
fe6d
ff35
ff87
016e
fee5
ffd4
ff8b
fe8c
0086
01a4
0237
018c
fef9
fe4d
00b8
0181
0086
ff70
ff72
fe0f
fdf2
006f
0053
0174
02b2
006d
fe85
0229
007c
00e1
0089
ff30
feeb
00c5
ffd6
fe4f
00b2
fd2c
ffb6
00c5
0273
040a
0206
014e
000b
fe55
fec7
ff53
fdc7
fe81
fead
0071
ffce
0056
fdcd
000a
feed
0177
0352
00ba
038e
036b
0215
010f
02c0
00d4
00a1
ff6f
0176
027b
031a
0365
03e5
033b
00e3
012e
0237
ff53
ffad
0019
00ce
027d
011c
00b0
ff98
00d5
fefc
ff55
fe5e
ff73
ff7c
ff97
ffda
001e
ff82
ffa7
fcde
fcdf
fc5c
fcf2
fe04
0083
016d
0177
010f
00a4
ff1d
ff64
ff9f
fe18
fe58
ff30
fe1b
01fe
02cb
025a
00e2
01d4
02b1
0119
01fa
fe3d
fd63
fdef
ff4c
0131
023d
014c
00c7
0179
0354
016d
0128
fea9
ff2d
fe1e
ff3d
010d
ff65
004d
0172
018b
0203
0065
fe6c
fe35
ffc6
ffa7
023b
021d
ffb9
00ba
ff95
017a
007c
010d
fe96
fee4
ff77
0055
0032
0035
0032
ff4d
fdea
0181
00be
fe27
ff05
fd77
fdfc
fe68
fe96
fe9e
004c
ffc3
fe89
fdc4
feed
fd36
fdc3
009d
ffef
0023
000b
fee7
ff64
00bc
ff37
007e
fdee
fde1
fe4b
fd51
fed1
ffc4
001a
fd7e
fd53
ffd2
ff5e
fdbc
fe2c
fe5c
ff7f
0033
010a
0018
ff1e
feb9
fef7
0073
ff5b
fe5b
fdda
fdf0
ff50
0144
fedd
ffc3
fd73
003c
0283
019e
fe82
fe1d
fe8d
fdd7
fdbc
ff64
ff04
ffb8
fecc
02ee
032d
025f
ff04
fe6b
feb7
fd27
ffd0
ff6e
ff6b
00c3
0112
0219
01ee
006e
feb2
fde1
00a4
ff9c
fd70
fea4
0011
0026
ffdd
ff42
fffe
004f
ffb8
fffd
0019
0055
007e
00cf
00c6
ff4c
0010
ff16
ff6e
000f
fdd6
ffd2
fd09
fff6
014b
01fa
ff6b
ff69
ffa4
ff29
ffcc
0049
fee9
017e
fbcf
fe03
fe21
ff64
fdae
ff07
fd6c
ffb3
0021
0080
fea5
00cc
fe9d
ff9c
fdb0
01c8
fe98
ffb8
000f
ff66
0026
feb9
002c
019e
fe97
00ba
ff8b
ffb5
ff23
00cb
fef7
fe42
fff2
ff89
fcb4
0044
009d
0035
019a
0109
00b2
00e1
fed6
fe99
ff8e
ff71
fe29
ff45
fe29
fd8c
fe18
ff66
ff02
ff74
fd79
feae
ffc2
feca
fdfd
fe07
ff63
fee0
fd88
ff27
fdde
fce2
ff06
fe7d
ff11
fc52
fe3d
ffe4
0242
003c
ffe4
fe41
fde2
fdbd
fdb4
fdba
febf
fe93
ff3a
ff85
0292
0102
00e0
0055
0010
fcb3
fdd4
ff8d
0011
0083
004c
0003
0267
0004
000b
00be
ffff
ff7c
ff74
0138
00eb
ffda
0100
ff1e
01a4
00e3
0053
0131
00d2
ff64
0037
006d
ff79
0032
000f
fff1
fe46
00bd
00dd
ff9f
00bd
017b
0050
00f3
009a
00e0
00c4
0081
fe2f
0033
ff97
ff10
ff89
0097
ffc9
0033
00a1
00a8
00cb
009e
005d
0043
fe76
ffcc
0040
ff99
ffb1
004d
0018
0024
013a
000a
023c
005d
ff5a
009c
00c1
ffe1
008b
00fb
010b
008a
0069
fdc0
ffba
0076
00cf
0047
00e9
0060
0100
0116
00ed
0000
ffea
00d4
009a
0050
feb7
0065
00cb
00e7
0175
ffa3
ff25
ff95
0025
01d8
009c
0101
0174
0233
0186
0118
0131
0096
ff45
ff29
fefd
00b1
0379
0134
028a
034c
0369
01bb
ffb6
0130
0176
0198
ffde
0056
02d3
03bf
0231
01a1
01b9
02fc
0006
0119
01f2
0182
0260
0218
022a
014d
ff82
fec2
01e7
0104
0124
ff36
0106
006c
ffe7
feff
016b
02e0
00c7
ff82
020c
0117
0068
ffde
006e
ff5f
fe51
fea3
00cd
00bc
00db
01dd
01bd
00c3
0201
ff85
ff7a
feab
fe6b
fe19
00a6
0092
01df
011f
01b9
0087
0057
ffb8
ff5d
ff64
feec
feb8
017c
0230
0235
030f
013c
008f
0042
fff3
fde0
ff9e
fe33
fd71
fef9
007d
00b0
0353
007f
024c
019e
0165
006d
008a
ff65
feb5
fe7a
fcda
fe58
fcdb
ff07
fe36
fe84
fe6d
fef9
0069
008d
0009
fe08
fd5e
ffbc
fdbc
0001
fdd2
fdb0
fe95
ffca
009f
00ef
0216
0058
0058
0035
ff3d
011c
ff4b
fdbb
fd8b
ffdb
00d2
ff71
0468
011a
0055
019d
0166
01a0
01bb
0067
01ab
027f
ffee
ffbf
01c7
003c
0059
013e
006a
0087
00e3
00b2
0199
02bc
01fd
01a3
00f1
ffc6
ffbf
ff3a
00b8
ffba
0054
ff69
ffd5
00d1
0199
019b
013b
fead
011b
0142
0182
01a7
fff1
fe76
fe8a
fec9
ffcb
0021
0214
fdf5
00c6
0100
028a
0250
0160
ffd9
fe40
00fd
ffbb
0099
feb8
fdcc
fde0
0089
013e
012b
ff1c
0094
0043
00a2
ffe2
0095
feb4
fee4
ff76
ff4b
00d2
0126
ffc8
00fc
0052
ffb0
0075
01a5
ff1f
ff01
fdd1
00dd
0162
0083
ffbe
00c4
ffe7
00f6
00a0
0194
012d
fd46
fd96
000e
0163
ffe6
006b
ff5d
00ab
01d4
0036
009a
0169
fef5
fc97
fea8
00f8
001e
ffb2
0005
0141
0117
ff19
00b7
00fb
00e9
ff76
ff8f
008c
00a7
0133
0012
0059
0072
ff9b
000f
ff70
ffe4
0229
03c5
0308
016a
023b
01a8
01f3
fff7
ff61
005d
fedc
024a
01d4
00a0
01cc
01f3
0351
0170
022f
001b
0143
0106
00b6
022c
01a8
011f
0213
0191
014c
0156
00c6
0069
009e
0079
0044
00c6
ffc4
01d8
02d9
022e
01bf
01f0
013f
013a
01a2
017a
ffec
0097
0096
0257
02b1
0277
01d6
01f1
024c
02b3
0196
00bc
ff85
00e3
0178
028f
01aa
0270
0177
031d
0299
0379
02a6
0206
ff70
017a
01fa
0310
0208
0278
0306
0346
0269
0317
0250
0206
019d
013b
0391
036b
019b
0331
0332
0208
02fe
02cc
ffd0
0019
0011
015b
026c
0361
0291
0366
03d6
0198
01bb
0145
01c9
0245
00b0
ffdb
01da
0232
00c9
0101
0215
017f
0065
0042
01b5
01d7
00f4
fefb
0169
0163
007a
00a7
0180
0054
01fe
0144
01f6
0196
0076
ff32
0043
00cf
0138
005b
00a4
0107
0067
019b
0148
0034
00d3
003d
fecf
0085
0019
0064
0044
00a6
0164
00af
0075
0048
016a
fc7b
fc75
fd17
007d
fee1
fc62
faf1
fe41
005d
ffc1
fe2e
0084
00b5
0123
0034
019f
0273
029e
048d
0325
032d
0325
fff0
00bf
00df
0112
00dd
0240
0277
021e
0195
0389
01ff
02d7
0080
0191
005a
0161
0122
00a9
02b2
02a9
014e
0248
0267
012d
01da
0100
009d
0011
01ac
013c
028d
034a
049a
0106
01e9
0161
0123
0199
00d1
00ea
0141
021b
02c2
027d
02f3
0261
002b
00c1
025e
00d9
ff60
ff96
006a
0127
0193
01c9
007b
00a3
00ab
0207
01ed
022a
ff05
ffd7
feba
ffdd
0108
0223
015b
010f
0164
011e
0041
ffc5
ffde
ff84
ff44
001e
ffe2
0043
0167
019e
01c3
0070
ffd8
0197
ff83
fe73
fe02
00b1
0140
01e2
00cc
011d
017e
02b1
016b
00c9
feee
fee5
ff8e
00c2
0207
029f
012d
018f
023e
035f
0261
0207
ff3f
ff10
ffbc
01b5
01d8
02c6
023e
03f5
0416
0344
02d5
0285
001a
fcc3
0031
0175
02dc
0264
0211
016b
039a
fff5
ffd2
ff98
016d
ff73
febc
febd
0077
ff42
ffb8
01ea
fffc
018e
0090
00e8
ffeb
fe6f
fdcd
fe2c
fdff
fe1c
fea6
ff7c
ff68
00dd
ff14
01ed
fe31
fdde
fe46
ff38
fea0
ff7b
ff95
fefd
ff16
ff3e
0073
00da
fe3c
fe80
fdc5
febf
fdd6
ff65
ffcc
ff6d
fe64
008a
005c
fd87
fdd4
fe0f
fde8
fddd
fdca
ffe6
ff42
ff84
ffc2
008c
0125
00bc
ff3b
fdc7
fcc3
fded
fdbd
feb8
fe2f
0052
0044
fecc
ff07
01ce
ffba
fd8d
fc02
ff12
fe11
fddd
fe87
0006
ff27
feb5
ff2c
00ca
ff32
feb4
fe32
004c
fef0
fdd7
fe59
fecb
ff0e
fe4f
fe1c
fdef
fe17
fcb1
fe4c
012e
ffe5
ff9c
ff3e
fee9
febb
fd6b
fd41
fe9f
ff1c
fe44
fd9e
ff64
fed6
ff59
fe4a
fd3e
fd31
fc7f
ff0b
ffbc
0225
ff9a
0153
006e
013f
ff20
0002
009b
007f
00b2
00e4
0103
febf
ff95
ff86
ffdd
ffc5
ffd4
ff7d
ff79
ff58
ff2d
ff1a
fed0
fff8
fff0
ffa9
ff41
0073
ff29
000b
009f
fef3
0082
0005
ff51
ff46
ff9d
fff6
0045
ffa3
000a
ffc1
ff76
003b
001d
feee
ff7d
ff24
003c
003f
ff15
ffec
001f
ff6e
fef5
fffa
fee4
005e
0030
fec0
ff03
0081
001b
fef8
008d
ffd4
ff62
00aa
fef1
ff98
ff03
ff6a
0071
ffb2
000d
00ac
ff6a
0062
ff53
ff75
ff6d
003e
004a
001a
ffc2
005f
ffc5
0041
0007
004a
0135
0096
009a
ffdd
001a
feda
00ab
ff59
ffa0
004a
003d
007b
fec2
008d
fefa
ff01
fefa
008d
ff0d
003c
ffa8
0030
fed9
ff00
ff40
0015
ff5a
0061
ff16
ff53
ff7f
ff32
0019
ff03
ff55
ff00
ff52
ff26
ff3a
00ac
002e
ff41
0069
fffb
ff1d
ff29
0036
0010
ffe0
0044
ff84
ffa1
006e
0056
ff6e
0081
ffa7
001a
00a5
0023
0036
ffeb
ff80
0045
0012
ff36
01a1
0091
fff4
ffb7
0195
012e
0007
000a
0007
ff78
0086
fe02
03c6
0175
011b
ffb9
0002
ff5f
00b4
ff03
fe61
ff5d
004a
0006
0492
0114
ffc7
fee0
fe19
fe9a
0133
005d
fdee
fd49
ffac
ffc9
0037
0015
ff09
fdf8
ff8f
ffdd
ff0e
fecb
fda4
fdd3
fe54
0077
0011
feec
ffe2
ff65
ffed
011c
ff0a
fe2a
fbee
ff46
ff0a
ff90
0074
ff6e
0025
ff84
ff55
fdd4
fd0c
fd0f
fd98
fe12
fe70
fe61
fda6
ff2c
ff68
ffa9
ff52
fe9f
fd1f
fd15
fc35
fe83
fe02
ff5b
fdfc
fedc
fddb
fe45
fe74
fe11
feae
fdce
fba5
fda8
ff05
ff3a
febf
fed8
fe0e
fe45
fd27
fd83
fede
fd8c
fd95
ff42
ffe3
fe9e
fe93
001c
fd51
fcf5
fd69
fd49
fd7f
fc87
fd95
febf
fef4
ffc4
fe9e
002c
fee8
fd95
fdfa
fe49
fe3c
fd39
fd2c
fdc9
00f1
fecd
ff6f
ff75
01bd
0182
00ae
00df
ff67
0074
fff9
fe9e
0077
002d
ff4a
ff03
001b
00ab
0007
ff94
ffa0
fff3
0122
003b
004b
0062
ff4a
ff7f
ffb7
ff79
ffc8
00d2
ff95
005b
0032
006b
ff19
0085
0085
ff25
ff60
0039
ff54
feca
fee7
0073
0089
00ed
fff3
ff29
0026
ff7b
ff0c
00a1
ff78
ff34
ffbc
ffff
ffb5
ff85
ffaf
ffea
0003
ffbb
005c
ff5a
fef6
ff17
ff8a
ff95
001a
ff52
000e
feed
ff2d
ff9b
ff3f
ff55
ffb0
ffff
0032
ff22
0087
fef9
ff61
0037
ff4d
0053
ff86
ff76
0046
0008
ff67
ff55
ffdd
fff6
0010
ff9d
fef6
004e
0070
ff02
ffd9
ff65
000c
0092
0075
0030
ff88
ff82
fef1
008f
ffa2
ff6b
0064
002b
ff4a
ff8b
0008
ffb5
ff61
ffbc
003c
ff45
ffe2
ff0b
ff8f
0080
fec7
ffa8
fef2
ff98
ff97
ff1d
ffd0
ff49
ffbc
ff6e
ff37
0094
fec8
00e7
ff78
ffc2
ffda
0082
0076
ff43
fec1
fef6
0053
ff87
ff39
ff3c
ff5c
ff2b
0017
ffcd
ffc7
007e
ff57
ffd9
0056
0011
fffb
fec7
ff52
ff83
ff49
ffed
fedd
005f
0072
ff54
0058
ffb4
ff8d
ff3d
ffb5
0018
0010
0084
007f
ffb4
fee2
ff4d
ffc2
fff4
ffa4
ff9f
00c3
febf
ff18
fef5
00ab
fedf
0075
0035
fed0
005e
ff82
ffef
ffb1
ff39
0087
ff8c
007e
ff69
00a0
008a
0062
ff5b
fff8
ff5f
febe
003a
ff34
0072
0083
fefc
ffc6
000a
ff35
ffab
ff54
ff86
0018
001e
ffee
ff9a
ff69
ff30
ff1f
ff0e
0060
ffd5
0080
ff38
ffaf
0036
fec4
ff5c
ff38
ffd7
ff48
ffe3
0029
006a
ff61
009f
ff3d
0008
0060
ffc2
0015
ff44
ffb7
0080
ffdd
ff01
0022
ffbd
ff05
007d
ff60
0052
fefa
003e
0010
0050
ff21
ff64
ff32
0093
007b
feee
ff2c
ff59
ff5c
ff0b
fff9
0055
fff5
ff8f
fee1
ff00
fec4
0017
005c
00b6
002d
ff0f
0079
ff6f
0098
feda
0076
ff99
0002
fe9b
ffb9
0097
fe88
ffdc
ff71
fe81
ffd0
ff7d
ff80
0052
ffe7
fffb
01ba
021b
ffe7
fe46
ff29
ff5d
ff71
007c
010a
0032
00a5
0068
0178
0217
017e
ff66
0051
0093
ffe4
01aa
0135
ff66
fee9
ffeb
0192
035f
0138
fef3
fe5a
ffbb
007a
0019
ff07
ff41
ffc3
002d
01fb
0166
00a7
ff12
fd6f
fed8
004b
ffc6
ff3e
febe
ffa0
0051
00c0
0019
ffe4
003b
ff86
ff2b
ffa3
00e4
fdb4
fecc
ff8f
ffd6
0152
002e
fe63
ffdc
ffc7
ffda
0022
fef7
fde4
ffd5
ffd9
ffa9
ffc8
ffe0
ffaf
fe72
ff94
ff05
ff36
fe05
fe65
feea
fea8
febe
fd27
ffe9
0042
004b
ff15
ffcc
ff2b
ffce
fe92
fe9f
ff46
febb
003d
0197
ffe4
ff96
0095
ffd5
0043
fefd
fe4c
ff33
0031
00b4
006c
00cf
0101
0080
0104
006f
0136
0002
00fd
0084
0119
00ff
ff64
0014
ff68
022f
00ff
014d
02c0
ffb4
ffa9
01da
fff4
ff03
ff91
fdb8
fdfa
fe6c
fed6
fdb6
ff47
ff3d
fe3f
fedb
fefc
fed5
0072
ffdd
ff73
ff66
001d
feb7
fddb
ffc4
fe2b
fe97
fe9e
fea9
0169
fe90
ffb9
ffb7
ff32
fee2
fce4
fd6d
fef5
fee4
fe9b
ff07
ff31
ffeb
ffd0
ff2b
01d6
feb8
ff53
fef2
fe7b
0015
ffa4
fefa
ff1b
0198
ff38
ffdc
01ee
ff73
00c1
ff46
fefa
003b
0136
fe82
0159
0105
fe1d
01ad
02f8
01ee
02cc
027e
ffbb
fff6
0199
002e
0182
fe09
fff7
03d0
036f
0377
035d
0342
0131
0120
0121
ff9e
0061
fdb8
ff76
0113
024c
0251
0283
0337
0172
022e
0248
0232
00ba
fca4
009f
02bd
0230
0303
026b
038e
030d
0317
02b4
0369
013f
ff43
00b8
028c
0229
0303
02b5
01a1
03c8
02dd
0220
0270
00f3
002a
ff66
0223
03ac
007c
0112
ff1d
ffd6
0042
ffe1
fe41
00c5
ff79
febc
0090
00b3
00f0
00cc
ffb4
ff0e
ffec
ffe6
0013
01c3
fef3
fffd
00a1
ffdc
ff30
fff8
ff36
ff5d
ffea
007e
0004
ffc0
ff59
ff71
009b
0016
ffbe
ff78
0029
0069
ff73
fefc
ff37
feff
fe88
0025
febd
007a
fec0
0050
0022
ffeb
009b
ff0e
ffd1
00a5
fec1
ff47
ff11
ff1c
ff3b
ff62
ffa1
002a
ff6e
ffe8
ff1b
001c
006d
ff3a
ff72
ffaa
ffdb
00ad
ffb2
001e
fece
ffb5
ffd7
ff7b
fef0
ffd0
ffa6
ffe8
ff07
0081
0054
0073
ff44
009e
0033
ff47
0014
009f
0073
0089
0073
fff0
00a6
ff61
ff0f
fecf
ffed
ff6f
0013
000d
ffef
ff1f
ff38
0054
00a6
005a
ff3c
fed7
ff6c
0018
ff93
ffac
000d
0097
ff9c
ff0a
febf
ffd3
ffdf
ff61
0018
ff85
ff8f
00b0
00ad
0081
0069
fed3
00a5
005a
0036
fea3
fea1
ffbd
fea6
ffba
0051
ff3b
ff27
001f
0006
fefb
0092
0069
ff6f
ffa5
ffe0
ffc6
0044
0054
00a0
ff85
001e
0031
00be
ff2c
ff77
feea
0042
fe4d
0260
02b3
024c
0264
016c
0152
0257
01ca
014c
fee9
0185
0006
02a1
02b6
02f9
01e9
02fd
0416
025e
017b
040d
0006
0137
019f
02de
02de
02ed
0241
0266
038c
02d1
0215
0294
0072
020a
00c0
01a5
0283
01ef
019b
02dc
02a3
0096
01d2
00e8
001c
012d
026d
02a1
00f9
004b
ffe9
0145
00c3
0284
0222
01ab
0082
009e
0306
0244
00c9
ff37
fedd
00d3
0168
00f2
0178
00fd
0079
00db
0057
01f6
ff3c
ff81
ff94
01af
018b
00ed
00f7
012f
ffbb
0025
0146
0095
ffdc
021e
029a
0434
039e
0252
0146
02a4
0098
001c
fff9
01a0
01d3
023f
028f
036b
02b5
0279
01df
0155
00ba
0096
0025
03b0
02c5
01b2
031a
02fd
0381
026f
0259
0061
0095
014c
0067
045b
0498
02f6
02d1
0234
0166
01e7
010e
008d
feeb
02cd
01ec
0204
0185
02ea
00b8
ff8e
febf
fd9c
ff88
fe2b
007c
01dd
00ed
028c
016a
0077
ffee
01a6
02ec
01fe
043a
0242
ffcf
010c
ff6b
001e
fe5d
fdd0
fd27
fffc
ff66
fff0
002a
0086
fe6d
ff21
0133
ff27
fea0
ff36
feab
fdd2
fd70
fdec
fc29
feee
ff66
ff92
008e
ff40
ff95
00a0
0044
0016
fe5a
fef1
fd73
000a
fea2
ff9a
00f4
00fe
01cd
0159
00d5
0099
fec4
fecf
fe41
010b
00be
0145
005e
003a
ffb9
ffd7
fea8
ffe0
fee6
fe10
ff9c
01f0
00ab
0050
ffbb
ff7b
00d0
00b4
ffc3
ffb9
febc
ff5d
005f
0053
0172
ff58
001d
ff43
0057
0171
00ca
0051
00f6
00e9
019f
021b
025b
fede
0036
ffa4
fe5d
ff11
005d
00da
00bd
01b3
023e
01b8
0316
014d
fffb
ff3b
fe71
0100
0064
ffae
ffa2
00b4
0153
011c
0211
00f2
0050
009a
ff9f
01a1
014d
00ec
fef3
0078
0128
0200
0062
ff08
0041
0055
0167
02e0
00e1
0182
0120
00bd
0203
0083
fedd
f4f5
ff50
000c
ffeb
fffb
ffe1
0016
0022
00de
01f5
0051
0045
ff31
ff78
fdb4
ff25
ffed
fff1
0010
001b
0061
00ab
0132
00bd
ff96
fd73
fe86
ff6d
ff40
ff39
002e
ffd4
005f
01ca
0112
0110
0084
ff71
fdff
fee0
fed9
0056
fff6
ff4d
fefd
0043
00cf
0084
0022
ff15
feea
007a
ff94
fefe
002b
ff39
fe82
ffd8
ffec
ff16
ffbd
0033
fff6
fed7
ffc1
fe70
ff5d
000e
fe64
004d
ff63
ff3b
ffa9
fea5
ff2a
ffcb
00dc
ffa8
fee6
ff61
ff23
0144
fe46
fe35
ff13
fe1b
fd5c
ffdd
0084
ffb8
0010
ffba
fef1
ff62
fee9
fec4
ff1e
fd90
ff23
fe3e
fe69
ff22
fe13
fef1
ffce
ff24
ffb5
ff6b
ffc4
ff49
ff38
fe12
fec8
fe82
ff27
fe94
fefb
ffed
ffd6
ff1f
fe4c
ff2b
ffc3
0006
0029
ff37
ffb1
ffb6
fed7
ffe9
fffd
004c
006c
ff18
ffb7
00c3
00dd
0022
ff92
ffda
fefe
ff98
0024
ff66
fff2
ff4c
ff61
00d8
fee8
ff73
00e2
00ea
feaf
0007
0068
ff7a
0050
00b9
0104
0173
ffcb
ff9e
ff8f
ff5f
ffda
fe30
fff8
ff28
002a
fe98
00f3
feeb
feb2
ff3c
007b
fe91
0034
0008
ff45
fee8
fff3
ff65
fee5
001b
002a
009b
fe57
ffc0
ff5e
ffa5
ffee
00e6
0087
fede
ff91
0082
fffa
fec3
ff5a
fec7
ff40
ffa5
fe76
00dc
0073
0080
01d5
ffdc
fe67
fe42
000c
0064
ffef
0058
00b4
010c
0138
012f
00de
ffcd
00de
0056
ffc1
0131
ffcc
0085
ff7a
0195
003c
0010
ffde
ff01
00ca
0002
fff3
ff61
00cc
004c
016e
ff25
010c
fe99
fee0
0034
0046
fdde
fef6
009b
01bb
00db
00b7
ff48
0081
ff89
00e2
ff87
ffcd
fe88
ff7c
ff99
feae
ffc6
ff1b
ff8c
fe93
0028
fe9c
ff2f
ff95
fed2
004b
ff47
00e2
ffb7
fde7
ff27
ff4f
ff6c
0047
0031
001a
00a8
ffdb
0005
00ff
ff50
ff76
007a
ff18
fd78
0020
fef6
fea6
ffa8
02ca
00ff
fff8
00b0
ff2f
009e
0003
fee2
ffd6
fdde
ff69
fe6d
00a1
0041
ff1f
fee4
ffea
00e8
ff29
fe70
fdfe
feb5
0003
ff8e
0096
00df
ff36
0014
00bb
0204
fec8
feb8
0023
fe43
006a
0054
0097
febc
fee9
ff9d
00d7
00a8
ffe7
ffdb
ff1e
0082
008f
011a
0001
ff7f
0195
003c
0157
0199
002c
009b
00a5
fe7d
006e
ff9a
00a8
0009
0081
015a
0178
0090
fe25
febe
ff86
005d
005a
0088
0027
0107
ffda
0036
009e
0138
ff74
ff90
001e
0023
fe6f
ff77
0152
01df
01d0
0188
ff6d
ff07
ff76
ff8b
fec1
fef1
ff62
0025
ff86
fff5
00de
017a
ff85
ffbc
fead
feec
001b
003e
ff2d
ff3d
fff0
010f
0021
0046
ff71
feb5
ffb2
fe24
00bc
0170
fe8e
009e
ff74
019f
000b
fffb
005c
fff6
0029
0087
fefb
ffd9
ff18
ffb3
0146
ff25
0089
ff52
0195
ff22
fff4
0034
009f
007d
fffa
0000
0153
ff68
002b
016f
00f4
ff40
fd88
0065
ff49
00a0
ff67
ffeb
0028
feeb
005c
ff44
00b7
fdf6
fe92
0011
ff4e
ff9c
ff17
ffde
0066
ff57
fe46
ff55
fe61
ff3a
0034
fea6
0020
0103
0180
0022
0024
0034
00a9
fe92
fda4
ff8b
fe7e
ff53
ff56
0140
011c
0097
00e6
000a
ff5b
ffbc
fd2e
ff5a
0138
0024
00ce
014a
00a4
ff56
fe54
ff62
0084
0033
ff3a
ff71
0063
00b3
0012
00e2
0058
00f4
fe8f
0068
019d
ff9d
fed1
ffa0
0011
ff2c
0104
ff22
0043
0012
010f
0018
ff25
004b
003a
ff4c
ff72
fffb
0039
ffec
00b8
0156
0127
ff65
00be
00b5
ff7e
0081
ff40
003c
00d4
ff60
ff57
ff5e
0096
febb
0045
ffe2
00bc
00ef
0038
0069
002a
0063
0030
0084
0029
010a
00bc
fff5
005d
fe84
ffd1
017f
feeb
feb5
fecb
ffbd
0144
00e6
feaa
ff94
ff19
ff0d
ff4e
0063
ff9a
0046
fdb6
ff2f
ff94
00bf
0089
00e1
017e
ffec
ffea
003f
fee2
feab
feb2
fee9
fea2
00c3
0040
0036
0140
ff97
ffea
fe27
ffb8
ff75
fef4
fefe
feaa
ff37
0009
01e7
00ac
011a
0033
fda2
00b0
00e5
fe7c
ff01
ffae
ff53
007e
0118
018e
0153
ffc4
fe54
0063
ffb4
ff9c
0031
ff3c
fe54
febe
01f3
00b6
ff63
ff76
fef3
006d
ffc2
ffcf
ffa2
fece
fec5
ffb4
ff6f
0033
0070
ffd0
feb3
fede
ff88
fe4e
0064
003e
ff17
0053
ff7a
ff4c
fe70
ff31
ff6c
fe00
fe66
ffc0
ff89
ff8d
fffe
fe2f
003a
004e
ff35
fec3
ff49
fe79
ff1c
ffff
ffdd
ffce
fed7
ff1a
000b
ffaf
fdf9
ff50
fe55
fe39
fe35
fefd
fe68
fed3
ffc0
0034
fe58
ff32
fe5d
fd94
ff6d
fef1
ffba
007d
001f
ff53
ff5c
ff5c
ff36
fec8
fe7e
ff75
ffd3
008e
ff84
001d
0085
ff5b
00f0
00e5
0143
ff7d
007d
0081
ff01
fff6
ff9e
0150
00fe
0073
010a
ff12
ff7d
004b
ffd1
008e
0048
ff72
ff7a
ff59
ff90
00b7
ffcb
0187
ff59
ff6e
fed3
feb1
ff20
005d
ff10
fe99
ff4e
ffee
0160
023b
ffde
008c
ff02
009f
ff70
005b
ffa9
fef3
fff7
00c0
0173
01a2
00ac
ff0a
ff2b
ff50
ff31
ff67
fe9c
ff88
feff
0088
000e
0179
00a2
ff6f
ffae
fe9c
0028
007b
fe93
0040
ff4a
ffdf
0000
fed2
0113
fe15
0013
feff
ffa8
ff2e
ff0a
ff37
ff52
ff9a
ff5a
ffe0
00c8
0040
003f
0019
fe8d
ff07
00c2
0059
ffb6
ffbb
ff48
ff33
004a
ff99
00b2
0053
ffb7
ff2d
009e
017e
0085
ffdf
0042
fe1f
ff2b
ffa2
ff3f
010b
fefa
00a7
00d4
000f
fffc
001b
fef7
fe1e
ff79
ffec
fffc
014f
ff4a
008e
00a7
0079
00e8
0159
ff7a
ff42
ff3d
fe06
0018
0124
fe7c
0011
0169
fffa
0167
0150
0032
ffd3
00d7
ffb2
0125
fff1
0090
01d5
feb0
ffe7
fefe
0120
0088
0098
febd
ff9c
ff6e
ffbe
ff98
fea4
ff26
fefd
ffac
fe84
feaf
ffe4
ff42
feda
013d
00ec
fed8
fe2e
ffce
ff48
ffa3
fec4
fe62
ff82
ff58
0021
00bb
ff10
fec0
ff7c
ff49
001a
ff53
fe63
ff0e
0006
fff6
ffc1
fecc
ff95
ff1a
ffb2
ff88
fefb
fe52
ff2b
ff80
ffd9
006b
ff8d
0109
0050
0011
ff0c
0003
fed5
ffc3
003f
00fe
00ed
002b
0083
00ab
0165
ff43
ff3f
ffcc
feda
00b0
0102
0046
0064
0220
01ff
0174
ff98
ff0a
007a
00dc
ffa4
002b
fe90
ff12
00af
021f
016e
00b0
0155
fdf2
ffd9
ff2f
0022
ff08
0047
ffed
009f
0133
0000
fff5
feaf
003b
009e
006e
ff65
00ac
002e
000a
0078
0161
0121
0002
ff46
ffcf
0005
ffee
ff60
0012
febc
ff99
002f
0147
00ad
fe4e
0046
fe91
fed4
ffb4
0061
0050
ffbd
00e1
ffcb
ff77
feb0
00b8
fec9
fff9
ff8c
ff48
002d
0055
0058
fed0
ffd8
ffb9
fec7
0082
fef0
00a1
ff03
ffb4
006c
004c
ffd7
ffdb
0077
0041
fecc
ffe2
ffd4
ffa4
ff7f
fffc
0012
ff37
0049
ff6b
ffdc
ff64
00a4
00a2
0071
0007
008f
ff7d
ff4c
0011
005f
003c
009b
006d
ff1b
0003
0041
00b0
fece
0062
ff76
ff78
ff6b
ff7b
ff93
001b
ff0f
0001
0080
0037
0085
ff6e
00ac
ff54
ff22
0090
ff92
fee1
fec7
ffe9
fed6
004d
ff93
ffdb
ff7c
ffb1
feee
ffab
00a8
ff37
0015
ff84
fefb
ffa1
003e
fff3
0084
ff4e
002e
ff35
ffd3
ffdf
ffa4
ff5b
ff03
ff63
ff69
ffc6
ff6f
ff6d
fff8
ffc1
ff9b
0005
ffd1
ff81
ff28
0055
ff2f
008d
0073
009d
0022
ff0b
ffbe
ff31
ffef
0069
0032
00a0
0071
ff40
0050
0093
005a
ff76
ff69
ff06
009d
ffb0
feea
ffa3
ff4e
0001
fee4
0039
fedd
ff49
ff89
007c
ff3c
ff9b
0040
0014
ff14
ff14
ff5b
ff1e
00ab
fea7
0017
ff5e
ff32
ff1a
00cd
ffae
0046
00aa
0006
020f
0214
ff90
fe95
ff92
003b
ff90
0036
ff72
000a
ff33
0088
000e
fffc
0035
fed7
fe68
fff2
00c6
ffd6
fe4f
fee1
0020
00a7
0039
fe1e
ffd4
0032
ff37
0081
012c
0027
0081
0117
00d7
00a8
00e5
0027
fe92
015f
014c
019a
0096
00eb
0097
0038
ff84
0030
ffce
ff10
ff0b
ff69
0100
0083
00bb
00b0
ff5d
002c
0148
0069
005b
ff0a
007c
004c
008d
010c
ffaa
ffd9
005b
0009
0078
0000
fff9
0033
ffff
0050
ffa1
fed0
ff52
ff95
fefa
fec5
ff57
0007
ffc2
ffdf
ffb1
ffb4
00e8
00cc
ff8c
ff83
fec8
00ed
0020
00d8
ff20
0013
00dd
001a
fe72
002b
ff09
ffb7
ffc6
0034
fef0
00bb
ffb5
feb3
fedd
01cb
0020
ff2e
007f
ffa2
ffcb
ff93
0075
0040
ffa1
ff18
0096
fff7
ffff
007b
009f
ffe8
ff7f
ff3f
ff4f
ff2f
ff13
ff4e
ff85
ff3d
ff5d
ff15
ff10
ff4d
ff21
0008
00a4
ff3d
ff34
fec9
0058
ffc3
feec
ffe4
fee7
ffbd
ff33
ff6b
ff43
ff18
ff0d
00b1
0068
0075
ffeb
ffb8
0053
0079
ff9d
ff06
ff0a
ffdd
0029
fef9
ffb7
0085
0090
ffd7
ff77
ff41
fff8
fef0
0014
ffcb
ff4d
00a5
feee
003f
0068
ff9f
ff7a
ff9d
0060
ff19
ffde
ffa6
fec7
006d
ff1d
ffaa
002f
ff4c
ff8e
004c
ff07
ff31
fec7
ff5c
007d
fedb
ffe2
ffef
ff33
003b
ffb9
feea
ff88
ff51
fff5
0003
0074
fefb
009b
ff68
febf
ffed
ff66
ff5e
fed7
009f
fef9
0027
ff2e
ff1c
005a
fefb
fee0
ff91
fef6
fee6
0058
fefb
ff25
0057
005b
fec1
0057
005b
ffd9
feed
0067
00a7
0065
ffc2
0074
feec
ffbe
0024
ff46
ff35
ffdd
009a
ff71
fedb
0020
ff5c
009d
ffe3
0041
ff11
0046
009c
0065
0076
00ac
003a
fefe
ffc4
ff8f
ffd3
00a8
ff8b
ff2b
ff5f
003e
ffdf
009b
feeb
0079
febe
ff56
ffd8
ff65
0010
ff16
ff19
ffaa
ff06
0047
fff3
fed7
ff53
ff77
0020
0028
fefc
fee4
0065
ff1f
002b
0040
ff3e
0083
ff4c
ffd1
ffb1
001a
006e
ff6c
ffe3
ff6a
ff22
0006
ff86
ff25
0043
ffbd
fff1
ff96
fff2
fee5
fee9
ffa6
ff1e
ff00
ff4c
fed7
0066
ff00
0083
ff4b
ff75
ff10
007f
fedb
0062
ff7c
ff4e
ffd7
006f
ff6a
ff57
fee8
0023
0020
ffb8
ff77
007c
fee9
0098
fec1
ff36
ff90
003e
ff5f
ffd4
ff26
ff38
ff0b
ff2e
0089
008a
ffdc
006a
007f
ff79
0009
ffe7
0056
ff20
ff26
0098
ffbf
ff92
ff24
ff6c
ff65
ff61
00a1
ff28
008e
00ac
ffa1
ff52
fec8
00af
004e
ffc8
002d
fff0
ffea
0063
0083
ff0a
fede
ff40
0035
fed7
0062
0070
fffb
fee7
00d9
ffa1
00ad
ff1b
ff62
00d6
ff8d
0062
ffdf
0072
ff87
fe2f
ff7a
00b3
008d
0015
014a
0023
0216
0063
000f
fff9
00e0
0121
00da
fff8
ff56
ff95
00f6
ff69
0052
ff7d
009d
014d
0103
0032
ff19
fff4
ff4f
ffe1
fff2
feaf
001c
fff8
fe40
fe7c
003f
ff23
fe6e
ff03
00d4
0050
016d
ff78
006c
fecc
fd71
0055
0085
0028
fe3b
00bc
fdfb
fde0
ff8d
0074
ff8d
fe0e
00c4
0011
ffe8
febd
ff7d
feee
0075
00b2
004e
0141
000e
ff38
003a
0182
01be
ff69
ff80
fe91
ffbe
00ef
00db
00ca
ff87
fe55
00b1
ffe4
fffe
003c
fee3
ffcb
fe60
ffe0
0027
0169
ffc7
ffbb
fdcc
fec5
ff4c
ff4a
fec6
fefd
011f
fef5
008a
ffa5
fe94
fff8
ff51
00b2
0035
005b
ffe4
ff4e
00ab
ff85
ff82
01bf
00e0
fefc
ffa8
ff50
ff01
feae
fecb
ff23
0018
ffda
001b
00a1
ff2d
00d8
ffe6
007f
ff9d
ffe8
00a6
0010
ffa9
005a
fea5
00c3
008d
ffed
fffc
0044
00e7
018a
ffa7
0120
017f
022a
0158
009f
006d
fe62
fe24
ffbf
ff3c
ffb4
ff65
0031
00ee
017c
0118
0068
ffaf
005b
ff3a
ffb9
fe7e
011b
fea5
fe3c
fffc
ff44
0137
0008
00a3
002b
ff61
fff3
ff80
012c
fffd
ff39
ff4c
ffef
00eb
0138
0201
fffc
ffbc
ff52
fffc
ffc9
006c
ffe0
fff6
0020
0037
0054
010e
fea5
00cb
ff79
ff70
ff6d
fe86
ff40
0016
ff47
00f0
013d
fe7c
0005
001b
0059
ffaa
00d2
fef0
ff98
ffef
0184
ff86
ff1f
fe11
00af
ff2d
019d
fef9
ffd3
ff26
ffec
0186
006d
00e6
ffa0
ffae
ff62
00d4
ff25
0016
ff5d
ff4f
ff35
ff1e
ffd1
ffb6
ffe3
ffac
ff5d
0134
0078
002b
ff5b
ff61
ff1a
ffad
0148
0112
00ba
ff43
fe70
006e
ffdd
ff27
0094
ffba
002e
ff91
ffcf
020b
0044
ff24
ff45
ff2e
003d
ff81
ff0f
0144
ff48
0046
007a
00d0
ffc8
ff90
ff08
feee
005b
ff0f
00a5
0060
006f
000c
00a7
ff49
009b
fef7
fff8
ffa5
ff54
ff02
0066
00b7
ffe0
fe9c
0087
ff30
ff1c
001e
fee5
ff35
0063
ff56
ff37
0096
007b
ff4e
ffea
fec7
fee7
0014
00a1
009f
fef4
0073
ff9f
fff9
002e
0018
ff33
0067
ffbe
0015
fefa
0040
fec8
ff4d
003d
002b
0059
0047
004e
ff6c
fec5
ff4d
ff3b
006e
0007
0093
fec2
ff0c
006e
00a3
ffe4
0063
fffa
00a1
0078
006d
ff77
00a8
ff34
006d
ff8d
007e
0074
ffc0
ff0d
ff19
0003
ff2f
0007
ffe2
fec4
ffdc
0046
ff0b
ff76
00a0
ff44
ffce
ff3a
ff5c
0073
ffc4
ffea
002a
ff18
ffac
ff72
ffbd
00af
fff5
fff1
ffec
fece
ff72
ff72
0009
ff36
ff59
fee5
ff2a
ff83
ffa1
fef2
ffa3
0046
006a
ff19
ffa3
009c
ffca
ff13
ff4d
fef7
ff91
feee
ff0f
ffe3
00b2
00af
0052
ffac
ffc4
0019
fefc
ffd8
ff30
0048
00dc
ff2b
003d
ff0b
ffdf
fec3
ff6c
00cf
ff5e
00bc
fe73
003e
ff1a
ffed
0042
fe41
ffed
ff9f
006d
0138
ff48
0102
00ca
ffba
ff8b
003b
ff6e
007f
002f
ffb5
0023
ff5e
00e3
012a
ff7c
004c
ff64
001a
ff28
ffbc
0152
0068
fee1
0165
00a4
fdd8
ff81
0048
ff8e
ff9f
004f
ff70
005f
ffa8
008b
006c
ff84
ff4e
fea7
0083
005a
feb3
ffca
ff58
ffdd
001e
0093
ffc0
0036
ff49
00c7
00c8
00d9
fed2
fff9
ff19
0023
ff7f
ff80
ff44
005c
ff79
ff23
002a
015c
ff31
ff75
00a2
fef3
ff89
ffbc
fff3
ff41
015a
015c
0130
010d
006d
ff28
fe9c
ff5e
001f
016b
0035
ffb8
ff3d
006c
ff5a
fff9
ff25
ff01
ffef
ffd4
0053
01b0
002d
ff4b
feef
fefb
fed8
0037
ffeb
feeb
0004
0013
ffa3
0104
ff84
0019
ffc7
0074
fe0f
ffc3
0011
ff68
fed0
ff16
0046
0002
fffc
00a7
011c
0175
fffd
ffb8
019f
014f
fe43
00d5
009e
ffef
0077
009a
0213
00f7
febf
fea7
ffd1
012d
0152
ffe8
00d6
ff88
ff8b
ffee
002c
ff1f
01dd
fe8c
ffe8
fefe
001b
fed4
ffd2
0017
0021
ff64
ff03
ff51
00b9
fe57
ff64
0013
feea
fe73
ff68
001c
0015
005a
fecb
ffc5
00d9
ffe7
fecf
ff5f
fee2
ffe5
004f
ff82
0068
ff6d
ffe5
ff85
0063
00bc
ff2d
fef2
fedd
ffd7
0087
002b
0063
fee6
ff1f
002f
005e
fe88
0054
ff9d
ffa1
ff0b
0018
0044
fef2
00ab
00a8
ff0e
018b
fdbe
ff1e
0021
fe1e
ff6a
ff30
fe40
ff69
0076
00a6
0013
ffd1
fd5b
fed8
fe21
ffbe
fdaa
fee0
ff8f
0094
0037
00d9
0022
ff70
fe4e
003e
ff35
ff4e
ff95
ffbf
ff9b
0029
00a1
003a
fde6
fed6
fd62
ff5f
ffb7
ffa4
ff94
0049
ff98
006e
ff3a
fdbd
fe4f
fea3
ffa5
feb8
004b
011c
0063
ffb4
0040
ff54
ff2e
fe30
feb0
ff9b
ff70
ff62
fdef
fe98
0097
0091
0293
018f
000d
0039
ffb5
00ce
fe1a
ffad
ffde
ff32
0116
00c2
008e
01c6
0113
0210
016b
0325
00fe
ffe7
fde3
fe0d
fdd1
ff1e
022c
01cc
0233
02e0
02e6
00c2
fec0
fff2
fd50
ff30
fe56
ff9d
00f3
01dc
00bc
0152
00bc
0148
fdea
fd0f
fee0
fd27
fe87
ffb3
00a1
0026
0104
0153
ffaf
fff1
fb8f
fd80
ff9f
ff68
fd39
ff31
021c
008b
0106
ffa7
0184
003e
fe57
fe4d
fff9
0013
ffaa
fffa
001c
0030
ff63
ffb9
0049
ffbe
fea3
ff29
ff3e
0026
003d
ff13
fe60
fd21
fef9
ff3c
ffc9
0005
ff1d
ff2c
ff16
0044
003b
fff8
024f
016e
0157
0066
00ad
0105
001d
005e
fec4
00bd
00ee
003c
021a
02cd
0049
0154
00e1
ffa4
ff8c
ffa2
ffbb
0254
0208
0192
023c
018d
0085
01b8
020f
ff8a
0029
ff7e
ffca
0127
0256
01b9
0204
0168
00a2
ffe3
0087
ff0d
fefe
ff5e
fe47
fe55
ff43
fec4
0000
0035
013f
010d
0048
01aa
0134
fc75
fe1c
feb2
fe62
ff65
ffb2
fedb
fe4d
ff29
ff94
ff98
fffa
fe6e
fd5c
fe49
fee4
008b
0118
ffe5
00e8
fe9c
fe5d
ff2c
01a1
fc90
ff38
0152
ff6f
0052
017e
ffb6
0242
0103
ffa1
00f8
00c4
fbaa
0082
ff2d
0015
0143
01d1
01b7
01c3
00c1
0061
0043
ffa7
fe0f
ffca
ff30
fff4
005c
00d0
00fc
00b2
00a6
0046
fff2
0056
fe0d
ff59
019d
0042
018d
0260
0253
016f
0140
00f2
0052
ff97
0016
0187
00a6
0006
02a0
02b8
01ef
0204
01c7
0104
025f
ffc7
00d1
017d
ff48
ffac
0273
0262
0187
00b9
022f
0219
022d
ff95
0071
ff3b
feb0
003b
0052
01a0
007f
0141
010b
00d9
00ee
fec1
00d4
006c
00d6
0111
fe9b
ff85
ffe0
0023
fef4
ffb5
00f3
ffae
002c
fe6f
feb1
fea5
fef5
fd93
fde9
fda1
fe14
fe32
000a
00c5
0150
0045
0061
00cc
0114
00a1
002d
fdcc
fe17
ffb3
ffe8
fe26
01a7
ffd1
00f2
02ec
0108
0189
00c7
00b6
005b
0099
fed9
fe6b
ff9e
ff38
0010
013f
004c
00f5
002c
0005
0015
fef3
ffe9
ff1e
ff97
fef2
ff48
ff22
fff5
ff60
ffd7
ffa8
fe42
ffb7
ff91
ff4a
003c
fe1d
ff2e
fe94
ffd1
fdb5
fd70
feb7
fec7
fd91
fffa
0008
ff85
fdf9
ffb0
00a8
002c
fd39
fe0d
fe18
ff12
fe86
fe81
fe8f
0066
fe61
fe1c
0171
000e
fd60
fdc7
fe23
ff8d
0004
ff08
feab
ff91
fe93
fd51
00e0
fef2
fdee
fd14
fde4
fe99
ffa8
fd47
fe98
011b
ffbf
ff52
006f
fe62
fb95
fbd6
fcae
ff10
ff3e
ff82
fe9c
0013
0112
0040
fe51
fe96
fe80
fe74
fe02
0113
0049
0116
00ca
fdf6
fede
00a2
ffe6
02ae
0277
0246
00b2
00ef
02c0
0191
00a3
0057
fe12
fee4
fff3
0115
fff7
ffe0
013d
001a
00cc
ff32
00c9
00ee
ff55
0071
0227
0085
0254
0172
01c3
01bd
00af
0072
01b4
ffb1
ff49
00f9
0128
0116
0206
011c
01aa
01e1
0182
0048
005f
ffee
00e8
ff8f
0043
fff5
0072
0218
01b6
009f
00cb
00f9
0181
fd74
fd94
ff14
fe7f
fd7a
fff9
ff23
fea6
fe72
0073
010c
0188
feb7
fd8d
ff37
fe27
fee2
0069
00da
fe72
fec2
0067
0034
ff9a
fc38
fdea
fef2
ff49
fecc
ff51
ff3f
fedb
fd9d
fee5
ffb1
0190
fc7f
fd69
0021
0014
fe20
ffe2
ffb0
fe9d
ff23
fe1f
fe7f
fd25
fe57
ff27
ffd1
ff6e
fff3
fe41
fefa
fe88
febc
fd42
fefc
fdbd
fe9b
fdfe
fe74
fcfe
fe1d
fdb4
fd5b
fef3
fe2c
fce3
febb
fcb9
ffb7
fed8
fdf3
fdc1
fed5
fdd2
fdcc
fd79
fd3a
ff88
fe3f
fdd4
ffed
fc71
fda9
fe46
fdea
ff17
ff32
fe79
ff94
ff9c
ff6d
fe3f
0093
fe0e
fc4f
fd89
fe9a
ff71
00d6
ff93
fd43
fd74
ff20
ff1d
ff1d
0138
011b
ff58
00ed
0080
00d1
0129
00f6
013a
0095
0087
00a0
0282
00b3
0028
0002
003b
00b4
007c
ff93
ff9f
001f
00dd
0056
00c0
00f8
ff25
ff74
0076
0132
0173
00ff
ffa8
ffbe
0040
006a
0183
fff8
ff4d
fe92
0052
0131
01b5
01a9
0061
fe93
fe52
fe46
0146
0021
ff03
fff6
0157
0271
0250
0348
0161
ff7a
fff6
fef6
0086
02c6
02d0
01b2
0303
027f
02dc
0416
0324
ffec
ff9a
ff81
0163
01f9
0267
02c5
03e8
02a1
020f
0109
00c0
ff32
0050
ff2c
0098
02a0
0196
0211
020e
0149
ffb9
fff6
00af
ff81
0134
fe25
001d
018b
01be
011d
0132
0062
009e
000b
00a6
0066
00a3
fd12
008b
007b
0075
0186
0136
0163
00e2
009e
fff4
00af
01bc
ff68
fdee
feae
0069
0028
0118
0113
01de
00b0
00b7
ffee
00d1
fd7f
fe87
ff41
0105
ffcb
00cc
00c6
0151
00e6
0021
0108
01f4
fff9
0261
00e7
001e
01c7
fff7
0239
0101
025e
03f8
0059
fef7
ffde
0141
0388
00b2
007b
006a
ff51
ffb4
0001
feb8
fe44
fe0d
0012
0134
fed9
00ee
ffe5
007c
01d1
011d
00a1
025a
ff7e
ff30
ff43
ffde
ff00
002b
ff76
00dd
0207
0020
02ce
02a0
00c6
0048
fee6
000d
fee4
0180
ff25
005d
0240
0099
01c2
014e
00c0
ff65
ffad
0047
00be
00ae
ff9e
0048
023c
0135
0087
ff59
fffe
011e
0019
0051
0212
0047
ffd7
00df
02b9
028a
034b
017b
0150
01d8
feef
0059
0121
016f
0148
009b
021b
011d
0188
00e2
0058
ff38
ff31
fe59
0026
0110
010c
ff8d
0137
0199
0252
025f
019e
0236
fde2
fec5
0029
0188
017b
00cb
0189
01c6
023a
0239
0071
007d
fde1
009b
008c
ffd4
00b7
ffea
0182
01cb
000a
0145
017e
00fe
ff08
ffb3
ff5c
008f
0171
01c5
01db
02eb
02eb
0195
01d4
01bf
02cf
0052
0006
0154
01a1
01f1
01be
0125
ff20
003b
ffb4
ff6b
008e
fd9b
fdec
ffdd
0094
ff95
0045
0164
0011
0040
007e
01ad
fe7a
fda7
fcb3
fda2
ffac
0023
0163
00e8
0122
010a
0077
ff84
fe0a
fc46
fc42
fca8
ff59
ff43
ffca
007c
0001
ff26
00b4
ff2e
ffd9
fd99
fc02
fe12
fde3
fdad
fea1
0042
ff48
ffb1
0174
00f0
ff41
ff58
ff4c
0003
fdc8
fef2
fe3b
fe72
fee0
ffe2
0076
007f
ffa0
fead
fe91
0021
ff86
ff1d
ff13
fdb9
ff29
fdb4
fdd2
ffc4
0050
00d3
008d
ff27
010a
0177
ffda
fe1c
ff1c
ffcb
ffe1
ffe7
0042
0023
00da
fff8
007a
00c6
ffdd
ff78
ff0c
fdc9
ff9a
fdad
006d
02e9
0104
0087
feda
feb6
feec
fe9f
fec2
ff0e
ff5a
fe87
00e7
ffe4
0246
00c0
0077
ff0a
00da
fea9
ff5f
fef6
fe02
00d3
ffb2
004e
007c
ffdc
ffdd
fec6
0084
ffcd
0091
0066
ff97
0070
ff52
ffd2
ff64
ffce
ffbf
ff5a
ff25
00c2
0063
00bd
0027
ff39
feea
ff27
00e1
006d
011b
00a0
ff6c
ff39
012e
ff60
ffa4
0042
0010
ff9b
00af
ff7f
002b
00b0
0099
000f
fff6
ffd0
0042
ff71
ffa7
007f
ff82
ff0d
005a
ffe7
00ba
ff06
006e
fef4
0069
0039
ff10
ff30
ffbe
ff9b
00d1
0060
0058
ff3c
001c
004a
0060
0020
ff75
ffb2
fff1
fedc
ff8c
ff54
fedb
0056
ff2e
0064
ff70
ffc2
feee
003b
ff99
002a
0005
ff1e
0037
ff9b
0060
fee3
000f
006a
ffa1
ff95
fedd
ff42
005d
00c8
0065
0037
0057
ff4f
ff1b
004c
ff45
0040
ffed
002a
ffdf
012c
0053
fec7
ff3f
0021
ff91
ff67
0030
ffd4
0103
fffb
ff1f
000d
ff78
00d0
ff1a
0016
00bd
fff5
ff2c
009e
ff83
ffef
ff03
ff81
009e
011d
feeb
001b
ff20
0019
fee5
00ce
ff36
0001
ff5c
ff14
ff58
ff09
00ac
0094
ff78
004e
ff58
004f
0109
014b
fd10
006a
0173
0072
ff65
fed6
003e
020b
fee3
0321
008b
00f3
0100
0009
00a1
ff25
fe68
fe1d
fd1b
feb2
ff0a
ff5f
003a
01a6
00d4
01a8
005f
00bb
0015
fe1a
fea5
fdeb
feec
013c
0037
013b
0205
031d
015a
00da
ff00
fd6a
fcc9
fe6b
008d
ffec
0189
018b
01de
029a
0086
0015
ffd8
fde8
fd79
ff81
fdf8
0126
00fa
0128
015e
01a4
0135
0158
0014
fe27
fefb
fed7
fd95
00f1
01a4
0055
02cf
020c
01b0
0223
0023
0031
ffab
001d
feab
ffe0
0051
00ae
0186
0156
01f8
011f
00f7
0007
febf
ffc3
fe7d
00bf
00b6
00fe
00f7
0191
0173
0216
0269
026b
ffbc
fec4
fe69
fec9
ffbf
0092
00f4
0162
01ef
0223
02c3
029c
fffe
fcaa
fbc5
fe5f
00d8
003d
01a1
0145
0189
01d0
0248
000c
ff02
fef7
fff3
ff03
ff25
ff6c
ff34
fefe
fd54
0170
ffe1
fe91
ff77
fe1e
0094
00a9
002b
009b
ffad
ff76
ff85
00ac
0040
0083
ff21
0072
004b
ff19
ff6d
007e
0038
ffc7
000c
0022
000f
ffe0
000c
00b5
0015
0057
0034
0053
0094
006d
00be
ff33
008d
004c
0085
00c3
ff89
ffd9
00ba
ffd5
0009
ff62
0088
ff1c
0049
ffb7
0038
fef1
ff8c
000c
0048
008a
ffa2
00a4
00f1
00a3
00f1
009f
ffb6
ff50
ff84
00da
ff53
00e8
fefd
00c0
0043
ff73
ff57
ffc4
00ce
ff27
ffca
ff73
ff1e
ffed
0106
00bf
fff1
008e
002b
ff90
00d1
ff49
0007
006c
00dd
00ea
00d0
0066
ffa9
ff6b
00af
00a4
ffd8
fec9
0030
012a
00de
ff13
005e
003b
0066
004d
0012
0035
ff6b
ff90
0043
ffb9
0094
0027
ffff
00a0
00d3
ffe3
ffd8
00ac
ff26
fef9
ffbc
006a
ff88
ffb1
ffb7
ff7f
007e
00f2
00a3
ff3f
ffb1
ffdd
008f
ff9c
00ec
0018
009b
0031
ff12
ffb6
ffbe
ff87
ff57
00aa
ffaf
00cd
002b
ffe2
0134
ff9f
0020
00e4
0062
00af
ff17
011c
005f
ff26
ffa7
ff3a
00d4
ff54
00b7
0072
0049
ffe1
ff9e
0028
fff2
0087
ff19
00ef
ff10
ffde
ffae
0082
0095
004c
ff15
00e7
0005
0003
ff47
ffd7
ffd1
ff98
004c
0035
0045
ff7f
003b
ffd4
ff5e
00e2
ff9b
009b
00dd
000c
0028
ff57
00e3
ffb8
ffcd
00aa
ff1e
fff5
ff71
ff26
ff86
00ea
0090
000e
0030
ff65
ff08
00d4
fff2
006f
00e6
0041
ffb8
0005
0040
ff51
009b
00a1
ff17
004b
006c
0096
00a6
00a3
0013
0007
0090
0029
00df
ffbd
ffad
ffd7
ff50
0028
004b
0019
002a
0032
ff36
ffe2
ff28
ff74
ff49
000b
ff7b
0049
00b6
ff94
00b1
ff25
ffbf
ff9d
0021
ff90
000c
0054
ffcb
00ea
ff22
ffa1
000a
00bc
0083
008f
ff76
ff94
001e
0019
002a
fff6
008f
0020
003d
00ef
ffc8
ff11
ff1d
ff87
fec0
0168
0027
fffa
fde5
ffc2
ff25
00b1
01b5
017e
00d4
0163
0097
025a
fe64
00a1
fe02
fe0d
0071
0135
016b
0235
00b5
02de
0261
01b4
fdc2
ffb2
ff07
fe4a
fe7d
ffee
0161
0198
018e
0077
003c
00be
ff69
ff31
ff61
ffdd
00b4
ff61
ff73
0054
fe8f
fdf3
fdd7
ff1d
fd92
0041
fd40
fdcd
fec2
ffe4
00e4
ffea
fcd7
fa97
fccf
fdc5
fe10
feed
fd13
fcdb
fcd4
fc94
ff10
fe5c
fe28
fd60
fde8
fed2
ff57
ff01
ffd4
feda
fe46
ffcf
ff6d
ffb5
fdbb
ff18
fe9b
fef8
fefc
ffed
fff8
ffa0
fe24
004e
0054
0092
fe59
fe8b
ff46
001f
feff
011e
ff16
0022
00a9
ff7e
012d
0113
ff38
ff0e
ff13
ffef
fff6
0019
00de
00cb
01e7
ff87
014e
0134
ff3d
ff15
ff18
ff1e
ff9e
00ae
01c4
01a8
0126
017b
012b
ffdd
ff94
0051
ff0f
ff46
fef2
fe5e
0125
fe05
0084
0034
00e8
fe5a
fe26
fe29
fd68
fd56
00ad
01fe
fff3
0013
ff30
014e
0037
00d0
0060
015c
007a
ffbf
010a
ffae
fe3e
fe77
fea5
feb6
fdc5
fd76
ff30
ffbb
ff10
008e
fef4
fe82
fcbb
fd7c
fd42
fcc4
fd78
fe6a
fd3d
fe36
ff68
ffa3
fdf2
fd61
fe04
ff8e
fe88
fe04
fe82
fddd
0047
fc53
feb2
fd8d
0010
fee6
fe81
fc6c
fc07
fe7b
ff7b
feb5
fe0c
fe2d
fd9e
fd8d
fe75
00e2
fc9f
facb
fb4e
fe54
fe3a
fdb4
fd4f
fdd4
fc15
ff48
ff74
ff38
fc91
fb0b
fc3e
fce3
fd3c
fd22
fe0e
fe00
fe6e
fd6a
fe20
ff87
fd2c
fd0c
fc45
fb83
fd0a
ff7b
fe2f
ff3c
fe16
fe10
002d
ff8f
fed2
fde5
fc5c
fc4a
fcbd
fc0d
fe07
ff82
fe12
ff65
ff3f
fe25
ff5e
fead
fdfc
fecc
fea4
fd48
fdcc
fdaf
fd9a
feda
fdb8
feac
fef8
fea6
feb9
fdef
fdda
fce7
fe41
fe26
fe19
fe47
ffb3
fe4f
fe59
fd71
fe00
fee3
fe00
feb6
006f
ff9f
fe92
ffff
ff83
ffd6
fec8
ff91
ff7d
ffa4
0047
ff8c
0006
0032
fecc
0017
fec1
0092
ffdf
ff51
feea
ff60
ffbc
ffde
ff9f
ffac
ff3b
004d
001c
ff2b
fecc
ff9d
ffb0
ff70
ff4f
009d
ffb8
0043
ffab
fecf
ff1e
0019
fee7
feba
ff29
0066
ff6c
0075
002f
007f
008e
ff6d
0034
fee4
0072
004e
0074
ffb5
ff3f
ffce
fee0
ff99
ffc3
ff32
ff4d
fef2
ff9f
ff6a
0024
fed5
ffe1
0013
007a
ffaa
ff76
ff3d
0036
0058
ff0c
0065
ff4e
ffd3
fff8
ff90
0087
008d
0078
0020
ffde
fee7
0043
ffd1
ffb0
fee2
ffcf
ffb3
0047
ff66
ffff
ffa1
001a
ff8d
009c
fed9
febc
ffbf
ff74
ff7e
ff56
ff54
fec6
ff32
0048
ffa9
ff1c
0090
ffc2
feda
fed8
0062
00dc
fe9d
ff63
ff40
007e
ff3d
0062
fee8
ff51
ff17
fff7
ff75
ffd8
ff59
009c
ff1c
ff96
ff32
0030
ff7e
0052
0009
feec
ff9c
0058
001e
ff61
ff5d
ffeb
ff7b
0191
00e2
ffbc
006a
01aa
000b
0015
0098
008e
000b
ffd9
004a
0109
01c9
00f9
011b
016c
02d0
0261
022f
040b
ff73
0019
01da
03bf
0233
03c4
0351
02fe
0323
03e3
0515
039b
ff5f
002a
02fd
048d
0323
02b4
01cc
0348
02d9
0440
04a3
03b5
0043
0175
03a6
056c
027f
006b
0036
033c
0434
03a0
0416
038a
002b
00dd
02c5
0360
02ee
0125
0078
0305
03fa
0392
03e8
0299
ff87
0205
0282
0288
01e7
0025
00ab
041b
037e
0256
030e
030c
ffb3
0344
0298
024f
019b
00b9
01a1
0164
01aa
0267
01bc
0175
fff3
0316
003b
0239
02af
002b
0098
02a5
0206
01b4
016f
006b
00b9
0146
feab
0173
013d
0064
fe95
008e
00dd
0019
ff39
01c0
0009
01d6
004c
ff16
0045
ff65
fe8d
ff11
ff9a
0012
0041
fed7
0038
ff52
00a9
0000
ff55
fed0
00a1
ffd7
ffd3
0057
00f9
fec1
00b7
0056
ff83
fcf6
faf4
fc6c
fe2e
fd3b
fd0b
017d
ff2f
fd59
0151
ffaa
ffb4
ff85
00f7
feac
ff59
fe5e
fed3
fd5f
fcfe
fc36
fda3
fe32
fc63
fce4
fdf3
ff71
fe7d
ffe0
fd3e
fc6a
fd5e
fc52
ffa8
ff1b
fda6
fd46
008a
01ec
00ba
016e
ff3a
fdb5
fc40
fd8c
ff79
ff75
fe28
0060
00c1
0039
0009
0098
fe37
fc4b
fbeb
fea9
ff2b
00c8
ffb1
002d
000b
ffe3
ffe4
ff4b
fe7e
fc9e
fe92
ff44
fea2
fe08
ffb9
ff83
fe3e
ff5c
fe04
fdca
fea5
fecb
ffa7
010f
fea1
fd6b
ff98
ff71
febe
ff2b
ffbf
fd5a
fec7
ff61
01dd
00ed
fea0
fedc
ffec
001e
ff06
004a
00b6
ff34
ff56
00d4
0151
ffc2
fef2
febc
fe73
006d
0137
0116
ff5e
000f
0065
ff3d
ff65
fe67
febc
ffac
ff2c
006e
00aa
0196
0120
00b7
ff94
ff98
ffbd
fe3e
007e
ff38
fea4
fff5
0056
0164
0086
017b
ff35
fe75
ff11
ff89
0079
08eb
ffd5
ffa3
00aa
fe8f
ff14
003d
0120
0047
ff5a
fe41
fe84
fde0
ff68
ffd2
ff05
ffbc
ff48
fefc
ff25
fed4
feed
fdf8
fd99
fef6
ff2a
ff98
ff78
ffc8
fdf7
ff80
ff24
fed2
fe1b
fe1f
feb4
fee5
ffb9
fff2
ffb2
fff3
fe10
fe52
ff43
ffd9
fffe
feae
ff7b
fe29
00ce
feb4
ff74
fe43
fe8f
fede
ff39
ffa5
ff5d
ffb2
fe03
fec0
fed5
fd83
febc
fdfa
ff1f
ffb5
0081
ff83
feb9
006d
ff32
fee1
00ac
fe53
ff4f
fec3
ffb0
fee8
00e7
ff8f
ffa0
001f
fea7
ff55
01f3
ff07
ff6d
ff05
ffde
ff3c
fffd
00bd
0081
fe07
feb7
fe98
00df
fedf
ff4d
fe1c
fe66
ff6d
fdd7
fe34
ff92
fe91
fdc7
fe08
feae
fdfe
fdd0
fe51
fe3c
ff15
fe47
fe7f
ff26
fef4
fdba
ff21
fdea
fe92
fdca
0021
fe32
ffc4
fedc
0004
0012
fea2
feda
fe32
fe1f
ff2c
ffaf
ffbf
fe54
fef6
fe03
ff48
fe03
ffb4
fe3d
fefb
ffdb
ff18
ff8a
ffb4
fe59
fff1
fedf
ffa4
fe65
ffa4
ffc7
fef1
fe89
004a
ff87
ffba
fe6f
ffe5
feda
ffa6
fe74
fe83
fec2
ff98
fff3
ff80
fe75
ff14
005f
fec7
ff35
fe8c
ff6b
fe95
fe7b
ff5d
fe47
ffff
fecd
fe57
ff46
fd8c
fffe
ff03
fef1
ff91
fe2a
fefc
ff19
fe63
fe92
0016
fe3f
0028
ffb5
005d
ff71
0031
ff4f
fe54
ff77
fdd7
fe6d
fe1e
fe09
ff59
0008
ff2c
fea0
005b
ffc1
ff3f
ff4c
ff04
ff23
fe6e
ff21
001c
003a
003d
ff90
0014
ffab
fe5d
006e
ff71
feeb
ff14
ffcd
fff5
ff1c
ff87
fe73
fe1d
fe72
ff35
006b
007b
fe24
fdae
ffa7
fdf9
fe11
fefe
ff61
fec1
fea9
fe04
fe8c
003a
fd71
fd55
fe0b
fe7d
ff50
ff36
fe44
fd32
fef7
fdf6
fe0c
ff55
ff1d
fda1
fe21
ffb7
fe85
fe08
ffe8
ffe8
ff81
ff8c
fe97
fe98
fef6
fe61
ff16
0023
feaf
ffae
fe97
fea3
ff29
fdf0
fee9
fe4f
ff3b
fdef
001d
ffb8
fe95
000a
fffc
ff62
fef4
ffc4
ff1a
ff3d
fef4
ff7c
ff88
fe99
fee7
ffd6
ff1b
fe22
febe
fed8
fe7d
fe06
feef
00f8
0177
fdf2
ff56
005c
0002
ffec
0080
ffe9
0080
ffd3
fff3
ff37
ff19
ff00
ffde
ffd9
00c5
fe0f
ff89
002c
000c
fdaf
fe86
fdba
0160
ff66
005d
fe6f
fe85
0009
fee7
00e7
ff89
ff2f
fefc
0086
ffaa
ff4f
ffac
fd2e
005b
ff2f
ff9b
ffab
ff45
fedb
ff65
00ea
ff27
fe07
004c
fffd
ffa6
ff86
fef4
fee3
ffc0
fe15
ff02
0163
fee9
fec4
004f
0037
ffaa
fe23
ffbf
0071
ff13
fdd6
fd5e
0071
fefc
ff2f
fe50
feaf
fee5
ffc3
00ac
0115
ff80
fdf9
ff61
fe93
0059
ffa5
ff3d
fde7
ff2a
fe4e
0052
0117
0017
fe22
fe3b
ff3d
ff8d
ff21
010d
fe7c
fe42
fde3
ff22
0057
01ac
ffd3
fe63
ff99
0097
feb2
ff44
00aa
fe80
ff99
ffd7
ffab
fe8a
feb0
ffc7
0064
ffe8
ff06
fefa
fe30
ff6a
ff67
ff75
ffda
ff70
feb5
00ad
fdb4
fea9
ff69
fe65
ff51
feda
fee6
feeb
005d
ff64
fe84
00ed
ff46
ff67
ff27
ff55
fe34
ffc4
ff4f
fee0
ff86
fec1
00f1
00c9
00c3
00cf
ff0d
fddb
fe16
fed5
ff84
fe7e
fe55
0006
00b9
ff7f
00fe
0027
ff85
ff07
fef6
feed
fdf0
ffe5
fdcb
fe53
004e
fe55
0041
ff49
004a
fe86
fded
ff81
febc
ffb6
fdbc
feb8
002b
fee8
0202
ff2b
0034
fee7
ffcc
ff44
ff85
0095
fec9
003e
fe59
fe82
0052
fee6
ff2b
febc
001b
fee4
ffed
012d
feea
ff41
01a9
01c9
009e
fed1
ffd0
0034
fe79
ff02
ff10
0119
ff64
01df
025c
ff7c
006e
01b3
011e
0111
0136
ff51
ffd2
ffd3
000d
fdfd
0059
fed0
007a
00ca
ffa3
ff3e
ffbd
fe47
0071
ff39
0086
ff24
febe
ff31
0056
00ce
ff80
ff9e
0000
ff25
ff9d
fedf
00b0
fe5a
ff13
ff71
ff28
ff7b
ff3b
0026
feb9
fe8f
fed4
fec1
fe65
ff1f
006d
009e
ffef
febd
ff91
fead
fe16
ff0b
fef5
008e
ff78
ff00
fede
ff72
ffe8
ff84
ffd4
fdef
ff9f
fe25
fdc0
ff52
ff98
ff5d
fea3
ffb7
002a
fe60
fe5c
003f
febd
ffdc
003a
fe84
fddd
fff2
ff77
ffb9
fee2
ffbe
0015
ffb1
ff06
004a
ff1f
fe6f
ff07
fe72
ff8e
fe40
ff22
0056
005d
feba
feec
ff99
fe36
fffd
fdff
ff2d
ff04
ff59
ff51
fff9
0001
fff6
ffc0
ffb4
fef9
ff56
ff02
0070
ff1a
ff4a
fe89
fee7
feb3
ffcb
005a
ffd2
feed
fe9c
fe09
002b
fec6
fff4
fdc3
fec9
ff90
ff4e
fe38
fe69
fe42
fe46
ff28
fe83
feaf
fe9c
febb
fefc
fe35
fd8b
ff3d
ff99
ff1b
ff71
ff69
fe7c
ff0f
fe28
ff3b
ff24
fe94
fe30
fe7b
feb2
ffe3
ff8a
fecc
febe
fe56
fe33
fe82
ffd2
fed6
ffc3
fe98
ff4f
feb2
fee8
fec1
00ae
fffb
0063
0007
ff59
008c
ffa4
000d
005e
ffab
ffe8
00a2
00bb
ff90
fff0
ff12
0038
004e
0035
003b
003a
000d
00cf
ff1a
ffd2
ffcd
ff71
ff94
0034
ff99
00dd
ff8d
0031
00b9
0085
0101
007c
ff8e
ff25
00a1
0076
ffa4
ff1a
00dc
ff91
0063
ff2e
0075
00a0
ff74
ffe6
ffea
004f
0099
ff5f
00ab
003e
00c1
ff80
ff1e
00c7
ff56
ffe9
0096
004f
0044
fffa
ff17
ffa8
0014
0050
ffc0
0018
ff6a
0024
ff9c
fff9
0052
009a
00f9
ffe7
00e7
ff91
ff9f
ff67
ff6e
ff91
ff40
ff0d
00ef
0002
ff75
fff7
ff68
ffb0
ffa3
00f9
fff6
ff92
004a
ffb4
00ec
ffa0
0000
0006
ffa4
ffbe
fff5
008a
00cf
006f
ff86
ff2d
001b
ffd4
0066
ffb4
ff8b
0048
ff76
0015
0069
00f8
ff10
ffb6
0095
0099
ff89
ff30
ff93
ffb2
005c
ff31
002f
0012
007f
ffa2
002f
ff2c
0066
0038
ff7b
fff2
ffcf
ff5f
feba
011c
0120
ff4c
ff84
fed3
0078
ffe5
0049
009f
fef0
ff43
ff1d
00b6
0103
01c1
0038
006d
00c2
004b
00ef
ffce
fe5c
fedb
fe7a
ff9d
fdd3
01b7
0070
0064
009d
ffbe
005c
010e
006d
ff85
012e
0096
ffe7
fe21
fe83
ff66
0151
ff38
00a8
ff2e
fed1
0068
00db
ffe6
ff53
fffe
00a8
0094
0034
00aa
00f9
fde5
ffd6
ffdc
ffe4
ff40
fe50
fdc0
0105
0047
ff44
0017
fe99
ffdb
00f6
ff94
009a
0017
00a6
ffec
ff5c
ff45
febb
ff94
ff6e
0002
ff31
ff4e
0086
0157
ffcf
002a
fecf
003c
fe0c
fe9e
018d
ff6d
fec4
0165
ff57
ff70
007a
fff9
0001
ff75
ffc9
fee6
ffe8
fe12
fee3
00a3
ffe7
ffd1
00fb
fe67
fe67
ff4d
feb4
ff90
ff0c
fde3
021c
0175
fe51
0002
0166
ff69
fe76
ffa9
0132
fe38
feff
ffe3
0096
fead
ff51
ff47
ff7e
ffbb
ffb4
ff8a
ff9d
ff0d
ffce
ff99
ffaa
0049
ff5c
0094
ff16
ffde
ff10
fff4
ff88
ffc3
00a7
ff91
009a
008c
006b
fedb
fec6
ff71
fffb
ff1f
004c
ffc7
ff6f
00a3
ff91
0016
ff20
ffa5
ffef
ffd6
ff52
ff27
ff31
ffe4
ff34
ff46
0031
000b
ffa2
006d
ff11
005f
ffba
ffb8
ff3b
fef1
feeb
ff80
fed3
ffca
ff90
fed3
fecb
ff33
0091
ff1c
00a0
ffcc
fedc
ff01
ff72
ff86
0024
ff54
007c
ff13
001a
ff5e
003f
ff90
ff8e
004e
ff80
0071
ffa9
009a
ff21
ff64
ffc9
ff86
00ff
001f
fff0
fec3
ffe0
002a
009d
ff94
00ac
ff88
0045
fffd
0122
0024
fed5
0049
0050
0094
0003
fee7
0009
feff
ff38
0055
ff3a
0091
ff58
000d
0027
ff88
0002
ffb9
ff07
ffa7
fffd
fee5
ffd4
ffa3
ff85
fee0
ffe8
ffce
0092
ffb0
fec9
ff70
ffcc
ff84
ffc0
fffb
ff4f
ffa2
ff0e
0091
ff8b
0087
fecc
ff02
0011
003c
0011
0007
00a0
006d
009e
ffaf
fefc
febc
0042
fe8c
00dd
ff4c
ff35
00ed
ff18
ffbf
fe19
ffa5
ff75
0103
0063
ff20
0064
0090
0083
ff55
ff20
0059
fe07
fe8d
0076
fee6
007b
ffb2
fe67
ff60
0119
feb9
fe64
ff8d
ff31
fe59
ffe8
ff9a
ff84
fdac
fe91
fe60
01dc
00e8
fef9
ffbd
000f
fefc
ff3a
ff42
003f
fea6
00d9
ff35
ff6e
001f
feac
ff86
008a
ffb7
ff4b
ffca
ffff
fff8
0034
0096
ff7d
01de
ffc4
fdeb
fe6a
ffb0
ff10
fe01
ff6c
006c
ff6c
ff7a
ff1f
0024
0189
ff36
fe15
0213
fff4
ff4d
ff89
013a
fff6
fff2
ff39
fe23
fe9b
fedc
ff72
01a8
004c
ff84
ffc4
01e7
ffd9
00b8
ffc5
feb6
ff0e
ffc9
fe84
012c
ffd8
ff4b
ffc2
fed4
febf
fea1
ffd9
ff23
fea8
fe5c
fed0
016c
ff93
fec5
feb2
ff4c
ff5b
fdda
feda
00bb
ffcf
ffca
ffb7
fe5f
ff8a
ff5c
ff63
000c
ff2b
fe34
0040
ff25
ff79
fe38
ff3d
ffd9
ff85
009a
0070
ff58
0130
0014
fed2
ffce
0058
0067
001f
fffa
ffac
ff1c
ffaa
ff60
013f
0088
ffbf
ff44
ffe2
feff
0052
ffc9
0009
009a
ff87
ffdb
0058
009e
ff3b
008b
0010
fee2
ff1a
ff82
fff6
ff7b
feed
ff4d
ffbe
fef2
0030
ff8f
0093
ff29
0034
00fa
ffe7
fefa
ffc2
ff4b
ff66
0076
ff1b
ffb0
0095
00f0
0098
ff83
ff41
ffc5
fed1
ffa7
ffa8
000a
ffb9
fefb
fee3
0061
007a
ff28
ffd6
00f6
005b
ffb4
00ae
ff5f
ffaa
ffbf
ffb9
ff23
ff8b
ffcd
ff38
0138
001f
0042
ffc5
ffe1
0041
ff12
fee8
008e
fffd
ffd6
ff3e
0035
ffa9
ffb4
fff8
ff1e
013d
0083
00b1
00a5
005e
ff5f
0010
00aa
00b9
ff21
00b4
ff54
ff5d
ff7d
ff8d
0022
ffb9
002c
008a
00aa
0018
003c
ff89
fed9
ff1f
ffcb
0110
0065
ff30
0021
0081
ffcf
0095
00a6
00aa
fffc
ffde
ff61
ff8c
003c
0081
00c0
00a3
ff67
ff0f
0050
ff3e
003b
009a
ff06
0006
ff5d
ffce
ffcc
ffe5
ffc8
ff99
0029
002b
005f
ff8a
ffcf
ff80
00a0
0024
ff50
ff73
005d
00d7
007f
ffb8
ffeb
feff
009a
0009
ff60
ff56
ff47
0078
ffab
00f4
fef3
fedd
00b2
0055
ffee
00ac
ffba
00b9
0085
001d
0056
ffdc
0092
0056
0098
0042
ff2c
ff9f
fec9
0051
ff92
0065
fec7
ffea
0050
013a
00ab
ff03
00a5
ff83
00ab
0004
004e
ff0c
ffcf
0084
ffd7
0005
ff60
ff7f
ff39
ff96
ffe6
0082
ffe3
fed1
00c5
0134
0024
0028
001b
0004
00ad
ffba
005c
00ca
ffdb
0021
0059
0085
ffc9
ff65
fff0
ff7c
ff54
00f6
0032
ff4c
ff7f
ff0f
ff6e
fecf
feea
ff84
001d
0096
ffc3
006c
000a
0000
00a7
ff73
ff35
ff98
ff10
ff3d
00ec
00af
fedb
0029
0088
00a1
ff5f
0093
ffd8
0026
ffed
ffea
ff98
ff7a
ff10
0109
ff74
008e
fda6
fe6f
fef8
fed7
fe00
fedb
ff99
ff81
fe89
fe42
ff08
ffd5
feee
0159
ff86
ffac
ffb0
feb1
ff12
ff62
003e
ffdf
febf
fd5b
febf
0061
fed9
fe25
005b
ff90
ff61
ff87
fefb
0018
fee8
0017
fe88
0056
ff27
ff5b
006d
ffe1
00b9
ffba
ffef
00cc
ff73
fef3
ff08
ff36
ff1c
0035
ff24
0019
fec6
ff88
fd6e
ff66
ff88
0122
ffc2
ff55
fde7
ffcb
ff93
fee9
fde1
fe1c
febd
0034
ff8d
ffa1
feed
ff9c
fff7
ff5a
00b5
fdf8
fe1a
fd9e
ff24
ffe4
feb4
ff3e
fd9f
0089
008f
ffef
fe97
ff3f
fedb
fffe
fe9b
019d
00de
00c4
fe1b
0122
fffd
fffc
0085
ffd8
feb5
fee9
00a9
0163
014b
0068
0037
0150
0126
0155
00b4
0153
ff68
ffee
fff0
0045
00af
0027
ffa5
ff85
feed
00d8
ff87
ff40
0088
fdf6
fe24
ff15
0015
015f
0189
ff15
ff84
007a
016e
ff93
0119
0067
0117
ff60
0104
0103
fee0
feb6
ffd8
ffd1
0032
003e
ff5e
ff66
fe54
feb4
ff39
fedc
fea3
ff60
fec2
ffbf
ff9f
fed0
00cd
ff86
00a5
ffb5
ff5d
fe46
ff4c
ff30
00f4
ff94
000f
ffdf
ff7b
ff64
ffd9
ffb0
fe34
fedc
feea
ff45
ffef
ff01
fe93
fdf1
ff54
fe9f
0015
0047
0176
fdeb
fe8b
fea6
ff11
ff59
fecc
ff0e
ff45
fea9
ff07
014e
ff2e
ff4f
feca
ffc6
ff32
ff3e
0038
ffba
013d
ffc3
fec9
ffff
0074
fea7
001c
001d
000d
fedd
ff55
fef6
0055
00c8
ff46
ffea
014e
ff4f
ff18
0243
ff7e
fdbe
015d
ffb9
0021
ffeb
ff4d
fe82
0034
fe5b
fe2a
01ca
fe88
fee4
ff43
00fe
ffbc
ff24
00c9
ff78
fff2
ff40
fdcd
ff0f
fe0b
fe5b
feff
ffac
ff7f
0055
0039
ffc3
fe03
fe9e
ff70
0068
0025
ff3d
ffc6
0022
febe
fe91
fedb
ff8f
ff5a
ff4e
febf
0018
ff48
fe9c
ff2f
0021
ff12
ff0d
ff62
ffef
fe43
fecd
0025
0008
ffd2
ff7f
002d
003e
004a
0035
0057
ffb1
ffbc
005b
003d
ffc2
0035
ffd6
ff00
ffbe
ffe0
fefd
0018
fed6
0083
0004
006f
ff1d
feef
ff6a
ff8b
ffcf
002f
ff85
ff4d
ffd5
ff2b
0020
0018
ff89
ffe9
ff3a
007a
0028
009e
002a
ff69
fff9
ff8c
ff04
ff52
0045
005c
ff5b
ffcd
0027
ff4e
ff54
0044
ff86
fec2
ff97
0072
0020
0086
fef9
0070
000e
001d
ffb4
ff27
ffa5
0078
ffc6
ffcd
005e
0081
ff51
ffde
fee3
ffd9
001a
0002
ffd7
00a1
ff25
00a5
ff83
ff50
ff8c
0003
005a
ff0a
ff91
ffd6
ff6d
feff
fec8
0010
ffa7
007e
0099
ff51
0065
fef8
fee8
fff3
fecf
ffe3
ffaf
ff6c
ff67
00a8
ffcb
0062
0052
ff26
ffb0
ff0a
004e
ffbd
ff01
ffc9
009c
fffd
0010
004f
ffcc
0068
009f
ff00
ff82
ff16
ff2f
003e
fed7
ff63
ffc9
feca
ffa8
0004
fee8
fed0
ff8a
fec3
ffca
ff90
fe1c
fdf4
ff8a
00fc
fff1
ffc0
00ac
004b
0046
ffc4
001b
feea
fe79
ff3e
ffc9
0098
0094
fec2
fe83
0027
0019
ff40
fe28
ff4e
fecb
fed0
feb9
0087
0048
ff49
ffcf
0069
ffef
ff1b
fe03
fef2
ff30
ff7b
ff78
ff6f
ff29
0082
ff46
fe91
ff71
00df
fe40
0067
0249
fe34
ff70
0098
fe9c
0059
0069
fe9c
feef
011a
ff74
ffa4
01e1
ff1b
ff8f
fe01
fe0c
006a
00ab
fef5
ffdc
0041
ffd2
fed6
0166
00b4
ff40
fe57
0122
fe12
00bd
005c
007d
ff19
fe73
fe28
00e6
007a
fe77
fe6c
014c
ffa1
00c4
ffe4
ff4f
ffaa
ff37
ff8f
01cc
ff5d
ff7a
fdd8
0033
ffb6
ffae
010a
0039
ff56
fe93
ff1c
0115
00de
fe48
ff32
fffb
feea
fe89
ff0a
ff7c
ffac
fde0
ff0c
ffbc
ff10
feda
ff6c
009a
fde2
ff86
00a5
0066
01ba
feea
fe80
fef5
ff87
fffd
fe64
ffee
fec5
ff6d
013b
0000
004a
feb4
0009
00d4
fecd
fec1
ff4e
ff7a
ff83
000e
fec6
ffc8
fea7
ffa3
0015
fdcb
ff79
fec5
ff61
ff7a
007c
ff98
00a5
001c
fe4e
fecb
fec4
ffd5
ffa0
fe7b
003f
ffbf
ff52
ffb6
fea5
ff61
fe83
fddf
fe8d
fede
ff84
ffd0
ff4e
fe97
fe97
ff7c
ff76
ffa2
ff6b
ff11
fe6a
ff1f
ff77
ffcd
ff7d
004c
fefb
ff70
ff11
008f
fff8
0086
ff8e
fec0
004f
004d
ffdb
ffc6
fe6a
fe17
feac
fe46
fe8b
0047
fd7f
ff53
ff8c
ffed
fe52
007c
ff37
fef7
fe8e
ffcd
fe75
014f
ff4a
ff1c
0013
01ad
fee0
fde8
ff6d
fe68
0087
004d
01d1
005e
fe97
ff29
0224
0021
00af
0058
ffe7
fe50
ff28
001e
0149
0198
fee2
fec6
008b
0204
ffe9
004e
006e
ff99
fed5
ffc1
004b
00d4
ff22
ff30
ff45
ff43
0035
fda9
ffdd
003d
ff91
ff55
ff60
008e
0049
fe81
fed3
ff31
ff5d
fe80
0004
fe76
ff42
ffb3
ff48
00ec
ffe4
ff9f
fcd2
002b
016d
027a
013e
019c
ffa0
ff8e
fddc
fca3
fd54
fd27
fe5f
fffa
0035
024e
00a1
02a2
0133
0189
00e3
ff35
ff3a
ff0b
00a0
012f
01c8
02c0
0389
051e
0328
0047
fed3
fe8e
fe15
0123
ffaf
00c1
0116
0151
0152
02f2
0170
008d
ffa7
fd0f
ff2a
003b
0048
ff22
fd5c
ffa4
028e
0223
0052
00f5
0040
ff3e
01a0
0197
0018
fd12
fce9
ff31
01e3
015d
014a
01cf
0090
017e
0191
0184
02ba
01c8
fda1
ff71
ffc7
012b
010f
0268
037e
01eb
0219
038a
0079
fef6
feb2
ffa9
00bf
035d
04d6
03e9
0506
02a6
015d
feaa
fe27
fc7a
fed0
fd6e
fe93
fe02
0210
0277
0116
fe77
ff77
0078
00a1
ff5c
fd58
fcdc
fe63
fe52
ff5f
ff0c
ff4c
fd87
017f
0071
014a
0084
ffa3
ff25
fe57
ff71
fd73
fed5
ff10
ff99
feba
ff85
ff86
0067
fe9d
fea1
fe78
fec7
fe11
fefb
fde7
ff0a
ffbf
fdf1
fccc
fe30
00bc
0080
0068
0091
0064
02c4
0365
012a
fddb
fdf4
ff11
fe7d
ff06
0125
fe54
ff1b
fee5
0019
ff50
ff14
fd9d
fe6a
fd38
fe45
ff79
fe73
ffb6
ffb9
0008
feca
0039
ffcf
feef
ffd5
fb86
fd60
fba4
fdc4
ffe9
01fa
0088
ff3b
ff44
ff2e
0117
01c2
fc58
f9a8
f914
fd6e
ff38
0193
ffd5
ff2e
fff1
00b7
018b
027c
feab
fe70
fb9f
fec7
ff7d
006b
009f
00c6
ff26
0048
0105
feff
02af
0286
0184
015d
fffa
019f
0250
01a1
0007
ff11
fff7
018f
02bf
0499
01ab
0132
01ac
0182
003c
003f
0117
ff1b
fdd5
01ef
009c
02c0
0276
034c
0194
006c
0020
ffe5
ffd2
fdca
fed3
019c
010d
03bd
02a5
02dd
0361
ff88
00a2
00a9
fdf7
ff5a
01fc
fe72
019d
011c
0124
010e
fec3
ffca
ff89
ff8b
ff91
0135
006c
fe17
01b0
fefe
00a6
020a
022b
001b
006b
0107
00b5
fff2
01f9
0042
fe2b
fef1
fef9
fc81
fd73
ffb6
00b0
ffb8
fe83
fe40
ff35
014e
00df
00b1
ff55
fd66
0029
013e
ff0e
fe19
feac
fde3
ffe8
006f
012d
ff62
feb5
ff4f
ff42
0008
ff09
fe06
fe24
fe31
ffce
006e
ffd2
fe6f
ff18
fe60
fe9f
ff5d
0101
ff39
fed2
feb5
fdcf
ff6a
0007
ff53
ffbf
ff1a
fe8a
ff84
ffcb
0090
ffb6
0057
ff6a
00d3
00db
0181
0039
01fe
ff2c
fddb
ffda
fe62
fff0
009e
0056
0318
feb2
fec8
ffd4
0173
feb7
ffd3
0173
0007
ffad
fe6b
fd55
0196
fede
ff50
0141
0123
fe56
fe05
0166
0056
ff38
ffbd
ff23
00b6
005b
00d2
003e
00e5
0089
0027
0110
0088
ffe7
0042
0030
01af
ff6e
fd13
ffc5
01e2
011d
012c
fff3
0155
0046
0033
008b
0224
fe72
fc1a
fd44
0000
00af
00a4
ff98
feeb
0081
00ab
01bb
02a6
ff23
fe7f
fffc
01da
0018
0190
015c
01b1
0319
0091
013d
0350
fe71
ff69
fe81
0015
febe
ff03
ffca
fe7a
009b
0183
02a7
0019
fdb7
0009
ffdb
ff7c
001a
002e
ff32
fea4
fef8
00c9
ff91
00c4
0111
018f
020b
00ae
0131
01cd
015d
002a
ff2b
0100
0111
ff9c
0112
047f
023f
0153
013e
0204
02ef
0029
017c
00b4
003a
fca8
00ff
01d5
036c
0232
009e
01ac
0134
01fb
01b7
00f5
00f2
fd5b
ffa3
ffc2
0398
03f2
0036
0077
0328
0172
0184
0147
ff73
0039
ffd5
004b
03e1
0142
00bd
0132
004c
01b2
01fe
ff31
ff31
008e
000f
004a
ffeb
00c4
0174
ffa8
020d
00cf
012f
0026
fcfa
feb6
feff
ff3e
0029
0187
0169
01da
0159
024b
000a
ff55
fdb0
fe93
ff6c
0287
00d3
01fa
028c
036b
022c
003c
014b
ffa9
ff7f
feaa
ff69
0225
00d2
023a
040e
03f8
00ca
018c
0330
0148
0053
0126
feec
01ed
ff26
006c
0367
025e
00bd
035b
0108
01b3
01b9
fedc
ffb1
ff4f
ff73
fe0a
fe89
fd6c
fe9b
006e
0111
006b
ff7d
ffcf
fede
fea9
feac
ff06
fecb
fe5a
fd62
ff7e
0151
ff32
ff9b
fef3
fe38
ff8a
ff01
fe80
fcd3
fed3
fe89
fe00
fe17
ffc0
0084
01d9
00e4
fe62
fc0a
fc5e
fcd8
fda4
fe00
fefb
ff81
0136
025c
005f
fd8c
fafe
fa23
fb0d
fd8c
fc83
fda2
fdb9
fde1
0103
01ff
fee8
fd75
fa63
fa5d
fc20
fc68
fdc7
fce2
fe78
fdf0
0041
01b9
ffc9
fe32
fefe
ffaa
ff41
fe99
fde4
fe55
ff6f
01a5
01de
01f1
0066
024c
0122
02d2
006c
ffaf
017e
025b
02d6
017f
01ae
022f
00ea
023d
027d
01e6
0093
ff1b
0179
0296
0317
00a3
ff99
0003
0276
0240
0136
00d9
0162
0020
013f
0162
00a6
fff3
ff91
ff8b
00ed
0079
018b
feee
fee9
0053
ffba
ff0c
fe82
ff70
ff94
fe92
fb85
fc08
febd
ff8a
fedd
fdcd
fee3
fe70
fe57
fe69
ffad
feb5
ff8c
fe73
fe20
fd60
fb95
fc9d
feb4
ff26
0146
fdc5
fc81
fee0
ffe7
011b
005a
ff9f
ffa4
002b
ffd1
ff80
ffb4
feb7
ff5a
fe6c
ffd2
027a
0094
ffe2
0025
013b
01e8
013d
ffa5
fffe
002f
fe43
00be
0358
036a
0371
02a3
026f
022e
025d
01a9
004a
fedd
fe31
0322
03e0
05bd
04e7
026f
049c
02c3
01de
0223
0263
ff73
fca1
0208
045d
065d
02d5
0188
0270
03c3
0205
02a1
0113
0030
fe03
0120
02ba
0321
0149
0156
0346
00e1
00cf
0277
ff08
ff57
fce1
fff6
0056
006e
00fe
012f
0043
fdd1
fd77
fec2
fdac
fde3
feff
ff2d
0056
0032
ffd8
ff11
fe89
fe6b
fa75
fc08
fd10
fe6b
fe08
fd3c
fdea
fe85
fd3b
fecf
fd48
fcfc
fca5
fd1d
fec1
feae
ff12
fddf
0006
ff03
ff05
fd65
fe0d
fe3c
ff32
fe81
feb0
013f
ff9b
fe2b
feb3
0058
ff43
ffe1
ffb7
fe70
fe9c
fe4b
ff06
ff75
ffe6
0018
0403
01c3
0082
0109
ff7b
fdf5
fdc8
fe99
fea7
0050
001e
0167
0372
02bd
0123
0106
fd1e
fe51
ff25
ff21
ff94
fe46
00ac
00aa
00b6
000e
fd77
fd33
ff5b
fd30
ff7f
010d
0026
009e
002f
005c
fd58
fe47
fd13
01e6
00d7
021d
ffee
0286
0341
006b
01f9
ffcd
fec7
fdbf
00ad
03c9
0322
03c6
01c7
0250
011e
0055
0210
fccf
fe55
01bb
02f9
046a
0306
0366
0382
03c3
0169
ffcf
ff6a
fccf
fe8f
01a6
0413
02fe
02b7
028f
0155
02ad
024d
ffdd
fe9d
02c1
003a
01bc
0256
0221
0323
0213
023d
0085
000f
006d
0088
06bc
0267
0238
0160
013b
0222
004a
ffa2
0059
ff37
0265
ffc0
02ee
0140
015f
fec9
ff01
ff2b
fdd5
fdfc
fefc
0018
0198
021a
00cb
0138
ff7c
fdf4
feab
ffb5
0023
fe7a
fe97
0081
00c6
0298
fee2
fd07
faf8
fda7
fe0b
ff13
ff40
0004
fdea
fe77
0020
fe54
feff
ffad
ffb6
00d4
0008
fee3
fefd
00b4
00a5
0041
ffe1
ffaa
00f9
0000
0057
ff9f
0005
009e
ff4e
00c4
ffbf
ff50
00d0
00f9
fff6
010f
00d2
ff5b
00d3
00df
ff63
00c3
ff2b
ff6f
ffd2
0070
0095
0038
007a
fffc
ff54
00c9
ff89
fff3
00a1
ffc7
ffa3
ffe1
0013
ff8d
00ad
006d
0114
ffa3
ff9e
00b8
0007
0099
ffc9
00d8
0084
0010
0088
004b
ff34
005d
00fa
00b1
00b0
ffec
ff4f
ffe5
00c0
0026
0091
009c
ffb4
ff0a
011f
0032
00eb
ff31
ffa0
00a3
0041
ff8b
ffc2
ff8a
00f7
ff5e
00dd
fff6
00e5
ff69
fef2
0041
011d
0030
ff89
00a1
0042
ff58
fff2
ff3a
ffe1
001b
ffeb
0035
005f
ff94
001d
ffce
ff6b
ff54
ff5c
00a6
001a
ff26
0022
ffa6
0044
fef3
ff13
00c5
ff8a
0045
ffe4
0057
0017
006e
004f
00c3
ff09
fffb
ffc5
ff22
00b3
0071
002f
ff3e
ffa5
ff9f
ff16
ff69
fd93
ffd0
00c8
0053
0302
0151
ff75
fdca
fcc2
007f
013e
ffd7
fc11
0189
0095
00d6
00ef
00cb
0057
fd56
fdea
ff47
ff51
00e6
fc33
fe2f
ff8b
fe62
fef1
fdfa
fe12
fb91
fb37
fbff
fdca
ffae
fcf3
fecc
fecf
fe43
fdd5
feb5
fe59
feb9
fc5c
fd20
fdff
ff22
ff7a
0234
0200
01e4
ffde
ffc0
0188
0125
fdf7
0007
0074
0270
0070
03fa
02af
023f
01ae
0161
01b5
00ae
00b8
005a
00ee
0252
02ed
030d
0270
0162
0089
013e
00a3
ffd5
0052
fff1
009d
01dd
feba
0111
00df
0198
01e4
00fd
026d
0152
0151
0183
013b
01b7
ffb1
0134
feb6
008f
ffe2
023f
00ad
01cb
0111
009b
00ef
01e2
0011
00ec
00d8
0012
ff7e
0168
021b
00ff
01ad
0029
fefd
ffe2
0078
ff62
0055
00e2
0036
0032
01ee
ff06
fe57
fe8b
fda2
0014
fc5b
ff19
fdc0
00eb
00ec
ff57
fec1
ff90
01a0
00a1
fec2
009f
ff81
0073
ffd2
0074
00de
00b8
ffa3
fecb
0088
ff92
006b
ff29
ffc7
00b0
000f
ff88
009c
ff1e
ff6f
0087
ff8f
0077
ffea
ff92
ffb3
ffef
ff98
ff11
ff84
ff5e
00a7
0055
0073
ff9d
ffb9
fed5
ffbf
ffaa
0056
fedd
feda
ffa1
ff0c
fffb
00aa
fece
ff41
ff9d
0045
009c
fec1
fef6
ffdc
00a9
0032
ff91
0020
0006
ffdf
0074
0012
ff40
ff45
fec6
ffc5
ff65
ffdb
ff15
002c
0034
ff8d
007d
0005
ff43
ff1d
ffee
fee3
fecc
ffc8
008b
ff7e
0068
ff54
000f
00b4
002e
0041
ff13
0033
0026
ff25
0014
ff50
002b
ff1f
ff52
ff7b
002d
fed3
ff6a
ffab
002c
0087
feff
ff79
fff4
ff82
ffdd
ffee
ff8e
fef4
fecf
0013
0002
ffb2
ff1a
ffad
ffd4
001d
0054
ff08
0030
000b
0074
0082
00da
0030
00b0
0081
ff70
007b
ff5e
006d
0069
0001
ff87
009b
0075
00cd
00bc
006a
0067
0022
00b1
0044
feb7
004c
ffd1
0061
ff3d
0016
0050
0055
ff39
0060
ff5b
ff66
0029
009e
ff2d
fecd
ffa0
ff8d
ffbd
ff77
0076
ff9d
0040
ff5f
ff7a
000a
ff49
ffdf
fee4
fec9
0024
fed7
ff1e
ffcb
0069
ff36
008f
ffcc
ff1f
ff16
0064
004b
ff84
ffe3
00a0
0003
0032
ff6c
0091
0012
fee4
fee0
fee5
0040
ffc5
ff76
fee8
006e
ffad
0041
ffaf
fee0
ff23
0006
008f
0067
fecf
0108
00b0
0050
00ff
ff3b
0086
ffe3
0059
fff7
fed3
ff69
ff52
ffa2
febf
0004
00dc
ffad
0142
00e1
ffc1
ff64
fefc
00a2
0094
005e
0006
ffb0
0093
ff95
0075
ffaa
ff50
ff2b
ff6d
fed5
0026
fffd
00a9
004c
003c
ffe5
fecd
ff27
ff6f
ff59
000a
ff2d
0091
ff7c
ffb3
ff04
fffc
0093
fed1
008b
001e
ff44
ff33
00ac
0066
ffed
003c
ff22
fed6
ff40
ffec
0013
00bc
ff97
ff0b
ff00
ffc5
ff9e
0133
0008
0066
0191
0214
01f3
02ed
045d
0242
00b0
0062
00ed
0263
00f0
0030
fe1d
031c
020d
0397
0391
021a
01c0
011d
022a
01dd
00f2
ff61
0059
0024
ff34
0148
0217
0091
0105
ffa2
0169
00d2
015f
0292
fdc2
fb5d
fbd1
fc27
fd2c
fe79
feae
fe26
fe90
0137
00d4
0043
fc56
f81e
f992
fb3b
fb17
fc6a
fd07
fdf3
0015
003b
fee7
ff33
fad0
f9a0
f7d0
fc74
fcf0
fb19
fc2b
fedd
00a5
004d
003c
ffef
fa0e
fa20
f81b
f8f7
f878
fb8f
fc2d
fdc1
fe3a
fe55
fd68
ff4d
fef5
f8e8
f7db
f6ef
f993
fbb9
fceb
fc36
fe62
fd05
fec4
fe99
ffcd
fb35
f797
faeb
fd1b
fe3d
fbc8
fbc9
fee9
009f
0087
fd92
ffe1
ffcd
ffe1
fce6
002e
ff5d
00ca
0033
02b9
01cf
0171
ffab
fed7
00a9
ff20
0039
001e
ff2f
fe8f
fe98
ffd0
0045
ff8a
fd23
03a6
012b
031e
028a
02ca
02bd
0234
0276
0076
ff01
fdc3
ff6b
fcd0
fc00
fcde
ff10
01a1
009f
0056
ffd4
ffd3
fd8f
fd7a
0054
fe52
fae8
fb2f
fe34
fd2c
fcaf
fb02
f98a
fe34
fea6
fe72
feb3
fd01
fc19
fc83
fce3
fbdc
fc3b
fcf2
fd5d
ff17
fe2e
fef6
0101
fe64
fdcd
fd70
fce2
fb99
f9ce
fcad
fd01
fe28
fecf
017c
0426
01fb
0069
fea3
fd16
fc44
fce2
fcaf
fcf2
fff8
025b
0147
043c
046e
0260
0075
fc2c
fe80
0060
0126
01c0
029c
03ea
0243
030b
ff5d
0141
0393
030c
0168
0310
037a
041b
0560
04d3
025c
026e
0102
0173
0259
0471
0517
0353
036b
0514
049b
051f
040a
01cf
0270
01f3
0354
0454
0341
01c2
040b
04de
0502
041a
02c5
0085
feb1
ff16
018f
0222
01d7
02ec
03e0
0259
02b0
026b
0241
ffd3
ffda
0034
feea
ff82
0103
ff20
0320
00ed
ff14
0030
022e
00bd
ffc3
ff4b
fee4
fdad
ff63
fe27
00f5
0035
0077
ffc0
ffff
ff5d
00e3
0152
ffab
00ac
001c
ffb9
00cc
013a
0129
fffb
00bc
0100
0037
ffcd
007a
fef0
ff2d
008a
010b
004d
003a
0063
01e6
0136
fea3
ffb3
ffc5
005b
fe87
ffc4
0150
01e5
010f
01ab
01dd
01a4
00b8
013f
00e2
01c0
02a4
00a0
00a8
00f7
0016
00b1
0109
00a8
01e9
0197
0001
0373
0291
007e
016f
00a6
00fa
004c
006d
010c
0226
ffcb
ffe9
01b3
00b6
0117
0083
003c
fff1
0021
00cc
005c
ffcf
fe65
fe95
ff8a
ff5e
00d2
ffd1
003a
01f7
018d
00fc
009b
ff4d
ffc7
ff89
ffc8
ff00
ff89
01a3
000a
fef2
fdfd
ffce
ffc6
0029
ffec
ff11
fe44
ffee
ffb1
00bf
00c7
fea0
feff
00bb
ff79
0194
00f0
005c
ffb4
ffc7
0027
0109
0035
ff9c
000f
000f
feb2
fff2
0122
ffbc
01da
0121
0208
01c2
017e
0175
0039
00a6
003c
0065
0044
017a
0103
0237
0065
005a
0204
0123
00ea
ff6d
ff21
fd88
fd86
ffb0
ff44
003f
00e3
0084
ffd5
ff74
0011
fd92
ff34
fc3b
fdbd
fe65
00b7
ffe3
ff04
ff34
ff7f
fea0
fff3
008f
00b3
fd03
ff18
006e
0215
0011
fef8
fe13
fdc3
feb0
fefc
ff7f
0109
fdaa
0209
0359
0262
0085
ff5c
fd88
fe84
ffc9
0045
fde5
ffe9
0093
04b8
0467
033d
0161
00e9
fe80
ffa3
ffe5
007e
ff1e
015f
006b
0416
03b1
008b
0116
0015
fe8d
fea8
ffa1
0013
0063
ffb2
fcb1
ffeb
017e
000c
fed1
01e7
ff12
ff4a
ffaf
fef8
ff92
fec8
fe93
ffdc
ff54
0192
0140
0048
ff6d
fc56
fd1c
feaa
ff29
fed7
fee5
00d9
0030
01ee
ffb9
020d
fdb2
fc0f
ff14
ffa2
ff57
fed6
fe28
fe45
ffca
ff74
fe80
01be
002a
fe70
fffc
ffcc
fe7d
ffa4
ff0e
ff16
fe71
fec3
ffa1
0052
007f
ff5d
ff4e
fbfe
fc1e
ffb3
0081
0296
ffaa
fedb
0217
01a9
ff4a
ff9e
ff12
fce0
fc0d
005f
fdb2
fc1c
fdb7
0120
00ea
0208
0271
000b
0080
00fd
0314
01ed
ffe2
0285
037d
01a2
023c
0226
0146
0203
ffcb
0007
01ec
0140
fdee
ffdc
ffb0
fe5f
ff83
004c
feb4
006a
01b0
0006
008b
0236
ff19
ff51
ffe1
ff90
ff0b
fe5d
feaf
ff4e
0086
fc6e
fd09
ff6a
00d8
ff6c
004f
ffd2
ff59
fdd6
fe87
fd24
fedb
fe2e
fc12
fd0a
009b
fb9b
febd
fedd
fe8b
fd7a
fecf
fec2
ff30
ffff
ff18
fecb
fe7f
fb4c
fd06
fe6d
fe60
fda1
fd94
fc85
ffa4
0032
012c
ffce
0130
ff43
fd85
fcd0
0014
feea
fe38
fefb
ffe5
013d
0058
ff04
ff65
ff22
ff27
fdcf
ff42
ffee
0088
0077
0269
00c0
ffae
0082
fece
fe60
ff7c
fe7e
0046
021a
0127
00d6
ffba
001a
011c
00b3
ffce
fc2d
ff3b
012d
001f
0210
0174
0124
ffb2
fedf
ff77
feda
020e
0003
fe98
0032
01a4
0194
01f0
0076
01db
00fc
00a2
ffde
fc80
ff6b
0081
ff1a
00c1
0070
0084
ff99
fe4d
fef1
024b
013d
fead
fde7
015e
00de
0337
0479
013a
00b0
0046
023d
02b9
018d
ff70
0033
01ed
02e0
02aa
024b
fd64
ff0e
fd06
0052
0328
004c
fd7b
0041
00b2
02b7
0212
008b
fef8
fcfc
fdaa
0205
009f
0203
0028
fea5
00b4
0036
0212
032a
0160
ff12
001b
02fa
005b
0357
00bf
fdce
fedf
006b
020b
01e4
008e
ff7c
ff7e
fd23
fcfc
00d9
0148
0312
fff7
0119
012c
000f
002e
0202
fee6
ffc2
fdab
01fd
0156
ffa4
fe94
fff5
026d
0171
008e
0066
006a
fd8f
ffa9
020b
ff2a
fff6
fdde
fe2e
ff69
ff05
019c
01b7
017c
0191
0141
fcf4
fb42
0015
00cf
ffc2
fe96
ff1f
0133
0097
00c8
016b
0095
0012
fd81
005b
0086
0102
ffdc
ff38
0077
013c
020b
01c9
0072
005d
0014
003c
005d
0088
003b
0098
0181
ffc9
0139
0074
ff85
007e
003c
0245
0246
014b
00d9
0147
00ad
0125
021b
009c
ff50
00fb
fedb
0121
fddf
ff1b
000a
001d
fe61
fd76
fe07
fc46
fde8
fe21
fe61
0297
00bf
0193
fd64
fdab
fc63
fc31
fc49
fcda
fd70
fce4
fcba
03e5
0047
fdfe
fa7c
f8d5
f8d3
faac
fd22
fb49
fc7e
fc4e
fccd
02c9
ff7d
fbbb
fa36
fa98
fb03
fbca
fd05
fdd5
fe1c
fd84
fc3f
056d
ff97
fe8f
fba0
fdb9
fe62
fdfc
fc69
fca8
fecb
ff0a
fccb
01e2
0184
ff29
fe5c
faa9
fc49
fdd7
fd9c
fedb
011e
ff52
fd7d
ff8e
ffc1
01e4
ff30
fb3b
fbaf
fc35
fcd4
0031
fec9
fe26
fdd3
fe76
fe8c
00ee
0073
fe29
ff46
0064
ffab
ff1a
feb2
fd63
fd55
00c6
028a
0334
0086
ff06
fc7f
0000
feb3
ff8e
fe05
fc5b
ff93
00d8
00e3
010d
ff80
fcb8
fd11
fe38
0023
fe71
fbc7
fd4d
ff87
0181
00a7
004c
fe27
fd5e
fcca
fea1
ff0e
ff5c
fe29
feb9
ff5e
021a
02cb
0219
00a0
01a2
0056
fee2
0023
ffee
0127
0135
0037
03bf
043a
0477
002c
0181
fee4
fd8d
00ea
02b1
009a
0229
fef5
0257
0377
01ee
0128
007c
fec6
fe96
00b3
01bf
01cb
0100
ffa6
0424
0427
03b1
ff6e
fe7c
fe95
fca9
0385
042a
02ae
0034
0229
024e
05cc
04d6
02ba
fffa
fe2f
0063
03c2
03f9
03ed
fff8
ff66
0292
0559
03cd
03e5
ff78
fe4f
001c
0263
04b1
042a
ffea
fc80
01ef
ffcf
033c
035f
0154
ffe4
00ef
00fb
03f8
0406
0110
fdce
00bb
01b5
0411
02d5
0293
037a
0008
011f
0450
05f8
0290
0095
ff82
0274
0305
0398
0327
0316
02a0
0402
0425
05bf
0302
0155
000f
0427
034a
0364
019f
0104
02f3
01e9
0552
0454
0487
00c6
ffc1
0184
02b6
02f3
ff67
ff09
021c
031d
03c9
0264
0182
fb9e
fff1
fd9e
fd03
ff1d
fe3a
fdc5
ffb0
ff50
fff6
ffc8
0116
fe48
ff56
fca6
feec
fefd
fda1
fcce
fda9
fef9
0082
ff01
ff37
fe62
fd36
fce8
fda9
fc82
fdab
fd18
ff27
0330
0173
01c1
0041
0120
fe93
fe1b
fc49
fdc0
fdf0
fec5
009b
0167
0268
0202
ff65
02bd
fec5
0055
0035
fed3
fcb8
fdda
01bb
009b
015a
fff3
fc4d
0066
0029
0158
0255
fe64
ff03
feee
0220
018d
0152
0089
fb02
fc4f
0070
004e
00e3
01e3
00ed
00cc
0291
02a5
0241
0193
fdb2
fdbc
0019
012b
00b8
016c
0134
028a
0377
0285
0259
0204
005f
fec1
014e
ff07
00d4
01dd
0279
0212
0322
02ca
0279
0242
009c
0019
020c
00a6
00f4
0242
033d
0239
0170
0286
01ab
01d2
ffc6
fdfd
031f
01e5
02dc
0221
0123
009c
0131
0168
0203
fe5b
ff79
ffff
0074
0195
02d0
029d
014a
0073
0238
0061
fe4e
fcd9
ffdb
ffb7
0100
00aa
01ee
04ce
0534
0388
03dd
0009
fe8d
ff1c
019a
fffa
ffd0
00e9
00df
031f
01e4
034d
013a
ff0f
fdfe
feff
0020
01b6
01c3
01dd
02dd
021d
0300
0286
00b4
ff8b
fe53
0015
0073
ffd1
0052
0273
039c
02ea
048f
024c
010e
feaf
00b5
0286
ffad
fefb
00c2
0196
0125
0278
029d
02d5
008a
0034
ffb8
02c5
01c1
007a
feaf
feb7
ff35
0112
01e2
0199
ff0b
fe39
ff61
02d1
0287
019c
fdc7
ff09
ffcd
0078
01f3
fd6f
fc70
fe02
feb5
0075
0127
0083
0152
ff71
fe63
feae
ffb8
fd48
fc5c
fc98
ff39
017f
01ab
00b3
ffab
ff49
fd45
fdc1
fd1e
ff53
fe68
fe38
feae
001e
00da
feaa
fdcc
fd2c
fd6a
fe2f
ff42
ff91
ff51
ff4d
0039
fee2
fe70
fd84
ffb2
fef1
fe1d
ff90
fe34
fee9
0180
00ea
fed0
ff28
ffc8
ffbc
009a
0055
fdd8
fef4
fdce
fe0c
018f
021e
ffb0
fea1
ff1c
fd98
015b
00e7
0012
ff96
fdc5
fc5f
fef7
ff2c
fffe
feaf
ff76
fe98
fff0
01e0
ff45
ff4c
ff6f
018d
fe80
ff86
fce6
fcef
fee7
ffb5
01ff
02ed
04e5
0804
04e8
008b
000d
0369
0244
0130
00a0
fd29
01d8
00b3
0252
02c3
007b
fac0
fca7
0213
037b
0218
016a
ff4d
00da
ff51
00e8
ff02
fc43
fc5f
ff45
01be
03c4
0098
0079
0044
00a3
0117
0134
fef7
fef1
ff8b
021f
013c
01ef
00b5
00f5
0127
fef5
0107
ffc7
fed9
0066
0298
02bd
00f9
027d
0177
fffa
00c5
fd6c
0085
0123
0081
0186
0290
0227
0135
0205
027f
ffd1
011e
fef2
feb3
0098
ffde
023e
ffb9
feba
fe68
ffe3
002d
ff5a
00db
ff4f
0076
ff70
ff6e
ff23
fd5b
fe49
fe65
feae
005e
fed8
003d
ff33
0049
00e4
fe09
fdc9
fdf6
fdf3
0109
0220
01fd
ff5f
0126
ff0c
0060
024c
032b
0178
01e6
017c
01dd
0262
0236
013f
0119
0059
000d
fe07
fe1f
fffa
ff20
ff39
ff92
00d4
0123
00bb
00bd
0076
0140
010f
ff0e
ff78
004d
fffe
fdfa
ff99
fce8
ff64
fc26
fea1
fe3e
fc2b
f815
fb2f
fdfe
004b
ff16
fdc9
fd02
fe63
ff08
fa93
fcf4
fb7d
fb77
fdf7
fea2
febd
fdd9
fc92
fe27
ff99
fc56
fbc9
fb10
fd20
0089
fe1d
00a9
fc44
fe72
ffd5
019c
fed7
fd4a
fe84
fc3d
fdbd
001e
00e1
fe98
ff30
007a
022c
0152
0153
fee1
ffe3
ffd5
ffe3
0266
0160
fe49
ff97
0103
0322
008f
01c5
fc2f
0010
0149
03b4
0552
01e9
016f
0160
0409
03ab
0088
0092
fe67
00a3
0040
0186
056d
0580
0336
019d
01a6
024a
01d8
0086
fd9a
fd7d
021b
0383
051a
0617
0409
025c
017b
0231
0325
0219
fe83
ff34
02dc
04ef
03e3
0455
033c
0155
024f
013b
00a0
0096
00ca
0041
0183
04c8
0591
04da
0181
020a
008c
fee5
ffdc
0104
004e
ffb4
0008
ff79
fd38
fd2e
fb75
fd5e
feb2
feca
fded
fdf2
00f4
00d1
ff83
ffc1
ffff
0032
0026
ffcb
0075
ff52
ffc5
0103
0127
0166
ffe4
0000
0082
ff52
00b0
ff30
0090
ff4a
00b4
002a
0063
ffe2
00d2
0066
00e7
0057
0024
ffc0
0028
0092
007d
ff90
004d
00dc
ffe7
0000
010b
fff4
ffad
003b
0044
009e
ffc2
ffb4
0138
ffe2
ff5b
00c1
ff90
008f
00bc
ff93
ffae
ffc4
006a
ffd7
010d
01a5
fff9
0049
002b
ffa9
ffb7
ffcf
0092
ffde
ff41
ffc2
0100
00c1
00f3
ff9a
0087
00ba
0129
ffc6
0026
00bf
00d2
0006
007f
016d
ffce
ffee
ff22
ffe9
011d
00b6
ff05
007f
ff65
ff52
ffd2
ff7f
0064
ffe0
ffcb
ffda
00ab
ff8e
0047
00a1
00e5
011d
00a2
011c
00c6
ff26
00ff
fff6
00c1
ff65
0003
ff92
0082
0131
ffd7
00a7
ff2f
ff46
fff2
ff3a
ff39
0107
00be
ff6c
0002
ff81
011a
00b7
00f2
0098
ffff
00b2
ff66
ff94
0064
ff90
0018
ffa2
0015
fddb
00e6
fedf
ff1a
fd84
fd86
fe42
fe4a
00df
022f
fdea
ffc5
fdfc
039d
0559
01c4
fe89
fdda
000a
ff99
001a
ffa5
0002
0180
0253
0501
050c
0306
006c
ff5f
0074
0096
01d3
fe3c
ffb0
fe67
0240
0568
055c
016f
021b
ffcb
00b9
00ba
02a1
01c9
ffed
fd4d
00ae
03fb
028e
012a
01b7
02e9
01a1
01ea
02a4
0179
ffee
fe75
ff63
010c
0287
0065
00eb
032d
003d
01b8
0171
0244
ff2e
fe4f
0053
0040
035f
0296
0050
ff6e
fdea
ff57
0097
00a9
fe2f
fbd7
ffb2
0031
0122
001d
fe2e
fd3b
fc24
fdad
0013
ff97
fd90
fc70
fd48
017b
015a
ffee
fc2c
faa3
fac6
fd82
00a0
ff39
fd06
fc9c
fe16
014f
0123
ff25
fb2d
f865
f766
fbdc
0092
002e
fd9a
fe98
ff4b
0019
fed9
fc79
fa05
f643
f616
fb0e
fefb
ffff
feb3
fda0
ffc4
ff01
fe58
fc53
fc04
fc46
fe3c
ff8a
ff0d
fe21
fe8a
fdce
01ba
ffb5
0098
ffb4
ffa2
ffd4
0095
0040
ff44
0075
0099
0010
0065
0074
ffb0
011f
008b
012d
001c
0125
00a2
ffb2
ff33
ff74
0084
008c
0138
008c
0076
004b
ffa6
ff71
013f
fff3
008b
002a
ffbd
0089
0003
00f2
ffc9
ffc5
ff84
ffb1
00e5
0137
0132
ffa8
0017
0057
0055
00d2
0004
ff71
ffea
008a
0024
ffef
007f
00e5
0077
ff55
0035
0055
ff65
00f5
012d
0069
0085
0015
001a
ffdf
ffb1
00d9
00c7
0078
ff7e
0111
ffaa
ffd8
006a
ff78
0074
0020
ffdc
ff6f
00ee
ff9e
ff8d
00d2
00de
ff8d
ffb5
fff8
0133
ffeb
0104
003f
001f
ffd1
00e3
ffcf
0069
ff62
001d
0073
ff61
00fa
0085
00cb
0031
0010
011e
006f
009c
ff74
0034
00de
00a6
0003
0133
0133
fffa
ff71
0125
0106
0012
fffb
0020
ff86
00fe
0033
00c6
0105
0030
ffff
00f7
ffaa
004a
007f
0139
0107
ff54
0064
001f
009e
00d7
0117
00df
00cf
009d
0036
00f5
ff74
ffea
fff8
0015
00ac
ffed
ff55
005f
00dd
0120
ffd3
ff79
0007
009d
ffb0
012d
0069
0034
ffaf
003d
0126
00d2
0127
0138
019a
ffd8
fffb
010b
00db
00d0
0006
00a1
00d3
0048
ffd8
002c
ffca
011f
00c0
0133
013f
006f
002a
00df
007b
ffc1
0000
0013
ff58
ff58
005d
00c9
010d
00f6
ff6c
0103
0007
007d
ff8c
ff9f
013d
008b
0083
00fe
00ef
ff60
00c1
0075
00dc
ff58
0131
013e
ff81
ffd6
00d6
004b
ffd9
ff66
ffc4
00f7
0016
003c
ff85
005d
004e
ff65
0113
00db
0034
0014
ff92
ffb1
ffe4
0016
00e5
0033
ff5d
fffd
010b
ffbf
ff62
002e
007e
ffcd
ffa7
ffe4
000e
008a
ffd4
004f
ff94
005f
00fd
00e1
0044
00db
fffc
00f0
0019
ffb1
00da
ffef
0130
00cc
013d
00a0
00c9
006d
fff6
ff38
ff83
00d9
fffe
ffd6
ff3f
ff10
0002
019c
02b1
0021
ffbb
ffe3
000f
0050
fe76
0194
00a2
ff12
009d
021c
00be
014c
fff9
000a
0005
fe3f
fe98
ff8a
010e
fe89
025e
0213
00c6
fec1
008b
ff25
ff6e
fe28
fe39
fda4
ffe9
fec5
01eb
0299
0108
fd5b
ff36
fed8
fdf2
ff2d
fd7d
fd3d
fe3b
feec
ff48
026e
005c
fd64
fd5b
fd8e
fcbb
fe3b
fdf7
fc26
fe85
fdd6
0039
ff97
ff45
fe1c
fea2
fd52
fb20
fd34
fcab
fc5b
fe63
fb58
fd9b
fde4
fe9d
febe
ff1e
feeb
fed6
fe28
fd15
ffd9
0069
fcfc
fec9
fe7d
ffaf
fec5
fea6
003e
0026
017f
00c2
01b0
0371
00c7
004d
010d
0061
01ad
021a
0267
0199
00d7
00cd
01ba
03be
0100
032e
0439
030a
04c1
03fa
02be
0068
016b
0195
ffb5
ffa2
0318
0196
0249
0327
0182
014c
00ab
fff1
ffbd
ff8f
fe50
fe83
032b
042e
069e
0626
04d4
0294
0314
03d2
04db
0342
ffe6
005d
fec8
fdac
ffd9
ff94
01d5
ffc5
0076
fdd1
fd29
febd
fd68
ff1b
0162
fd7e
ff33
0467
0374
0194
feff
ff92
ff8a
0239
0138
ff38
0358
00d0
0168
041b
01fd
fffb
0136
0034
006f
023c
006f
fb5a
024c
0020
021e
02a7
ff56
fea9
009f
ff8b
fdfd
0180
ff64
fcff
ffea
00b3
0223
00e1
ff03
ffde
02b7
0097
0071
0090
00a1
fe2a
ff8f
fffa
0004
0215
00b6
0299
046e
0136
fffd
0101
ff15
fe63
ff04
02d8
025b
0259
00e0
0087
0171
0078
00f9
ff74
001b
fd69
ffec
000d
0192
00be
00f1
fbf2
fcf9
fdcd
ff61
ff15
fffa
fe58
018f
0024
02a4
ff7e
fdca
fb53
fc88
fc5c
ffe0
00f8
ff65
fc2d
010c
011c
0162
001b
fda8
f992
fa40
fc44
01e8
011e
fe2b
fc53
0146
00e1
01b4
ff0e
fd0f
fd61
fbb8
fbc5
0061
ff32
fe40
fd52
009e
fe06
ff9d
fe16
fcb0
fe01
fcf4
ff2f
028d
fff4
fdaa
fecb
0082
0079
02cb
0234
ffe3
0028
002f
ffa0
00b4
001f
01e7
006a
006d
0072
003b
01d2
008e
fff1
fff7
ff9d
0158
0176
ffc2
010a
fff0
fea5
ffbc
0157
005c
00fe
013b
0061
0095
ffc9
011c
ff93
ff92
fe73
fef1
ff71
008f
ffab
010d
0138
00d8
ffb6
fe45
ff5c
01b3
0159
0112
feab
ff38
0059
013c
ffa8
0006
fdac
ff06
fde6
008c
ffd0
ffe7
005b
fe5c
0111
0123
00aa
025d
005e
ff57
ffe6
fdad
fe85
ff6a
fe28
ffc6
010b
024c
02f6
0290
01df
0090
ffe3
fe6a
ff85
ff22
0083
001b
0184
00e6
014d
0315
01be
017b
0034
ff05
fdb5
fdc6
ffb6
030f
01fd
0143
0136
ffd7
003f
009a
01de
029b
009d
0282
024f
0257
01be
0068
0063
0030
ff7a
fff8
01cf
018c
029e
02e8
0229
01c1
017b
0192
0145
01b8
00e3
014a
ff9e
0195
00b5
018c
00e8
00f5
0198
017f
016a
0062
00ec
004e
0164
ff8b
fedc
fd5c
ff30
0049
01f3
00da
fd9d
fc7b
0193
0122
0188
ff5c
fe9c
00a3
039b
0320
01f0
0101
ffc8
ffd3
011c
0374
00cc
ff90
0025
02bc
056d
043e
018c
004f
00e6
007b
0121
013d
0134
0120
0133
0336
03fa
0287
01fd
0156
ff9a
ffa9
015d
03b9
0124
024e
00c8
0448
01f4
028a
0376
0218
ff33
ff81
0240
039b
0049
ff45
010e
0068
03d4
02b7
04ad
0359
0081
0010
01d7
0310
0115
fe8d
002a
0089
01ec
05df
055e
0227
ff60
ffa2
0206
01ef
ff13
00b3
0075
0047
023e
031e
02f3
fddf
febe
ff1e
0196
02b4
0017
0070
0094
01af
00f5
0163
fd1b
fb63
fd91
ff5d
019a
0397
ff70
0150
016c
0224
02f7
fdf4
fb9c
fb7e
fd2a
ff6f
01f8
021a
00ae
01d3
003e
019f
ffb8
fe3a
fbaf
fb3c
fcdc
fff5
00c4
ffbe
ffa6
00e9
0176
002d
fbab
f8b0
fa90
fbd7
f937
fbd2
fe1b
000c
ff72
02d6
ff61
fd65
ff31
0139
042f
0103
ff5c
ffe7
ff70
0002
01a4
019e
0029
ff42
fec7
fe61
fe6d
00f8
ff7b
ff70
002d
fe1c
01ed
017e
0480
053d
ffde
ffbc
ff7e
fd98
019b
0088
001c
febd
02f6
020f
0455
059b
048d
0040
ff38
fdd0
011d
020e
fe77
fdb5
0215
0051
0189
01c4
0098
0197
0119
0167
006f
0185
fe4e
fd78
019a
fe58
0084
007f
0161
01ce
0199
01c0
0029
00c5
016c
fe6f
029f
fccb
fdc7
0058
ff50
001f
0154
02be
00ef
008b
0154
ff96
013c
0129
fee7
0185
001d
0256
0056
00d5
017f
0246
0152
fec3
0238
0166
0244
027b
003e
0018
0055
0073
0039
00b0
031d
002c
023d
018a
0305
03a7
0166
fecf
fe76
0060
00b4
01fc
025e
0093
0108
02c3
02d6
029f
0220
ffc2
fe97
ff8b
ff6f
02e9
01fa
ffad
ffe4
0069
01f1
019e
fe09
fd9b
fe2e
fe10
fcf4
ffcf
00df
0110
ffe2
0627
